season,round,circuit_id,driver,team,team_avg_finish_last_3,team_avg_finish_last_5,team_points_last_3,team_points_this_season,team_championship_position,team_points_gap_to_leader,team_dnf_rate_this_season,team_finish_rate_this_season,driver_avg_finish_last_3,driver_avg_finish_last_5,driver_points_this_season,driver_championship_position,driver_points_gap_to_leader,driver_dnf_rate_this_season,driver_finish_rate_this_season,driver_top5_rate_this_season,driver_avg_quali_position_last_3,driver_avg_quali_position_last_5,driver_avg_quali_position_this_season,driver_quali_to_finish_delta_last_5,avg_quali_gap_to_teammate_this_season,avg_finish_gap_to_teammate_this_season,teammate_head_to_head_ratio_this_season,driver_avg_finish_at_circuit_last5,driver_best_finish_at_circuit_last5,driver_podiums_at_circuit_last5,driver_avg_quali_position_at_circuit_last5,driver_dnf_rate_at_circuit,driver_visits_to_circuit,driver_circuit_vs_season_delta,team_avg_finish_at_circuit_last5,team_wins_at_circuit_last5,team_podium_rate_at_circuit,team_avg_quali_position_at_circuit_last5,team_dnf_rate_at_circuit,team_circuit_vs_season_delta,circuit_type_encoded,circuit_avg_overtakes_last3years,circuit_safety_car_probability,circuit_lap_count,season_round_number,races_remaining_this_season,is_season_opener,seasons_since_regulation_change,winner
2022,1,Sakhir,ALB,Williams,10.7,10.7,0.0,0.0,1.0,0.0,0.1,0.9,10.0,10.0,0.0,1.0,0.0,0.1,0.9,0.0,10.0,10.0,10.0,0.0,0.0,0.0,0.5,10.238562091503267,7.9411764705882355,0.0,9.859477124183007,0.2679738562091503,0.0,0.23856209150326713,10.641044776119404,0.0,0.16410803127221038,10.213681592039801,0.2804904051172708,-0.05895522388059504,0,18,0.45,57.0,1,21,1,-4,0
2022,1,Sakhir,ALO,Alpine,10.7,10.7,0.0,0.0,1.0,0.0,0.1,0.9,10.0,10.0,0.0,1.0,0.0,0.1,0.9,0.0,10.0,10.0,10.0,0.0,0.0,0.0,0.5,10.238562091503267,7.9411764705882355,0.0,9.859477124183007,0.2679738562091503,0.0,0.23856209150326713,10.641044776119404,0.0,0.16410803127221038,10.213681592039801,0.2804904051172708,-0.05895522388059504,0,18,0.45,57.0,1,21,1,-4,0
2022,1,Sakhir,BOT,Alfa Romeo,10.7,10.7,0.0,0.0,1.0,0.0,0.1,0.9,10.0,10.0,0.0,1.0,0.0,0.1,0.9,0.0,10.0,10.0,10.0,0.0,0.0,0.0,0.5,10.238562091503267,7.9411764705882355,0.0,9.859477124183007,0.2679738562091503,0.0,0.23856209150326713,10.641044776119404,0.0,0.16410803127221038,10.213681592039801,0.2804904051172708,-0.05895522388059504,0,18,0.45,57.0,1,21,1,-4,0
2022,1,Sakhir,GAS,AlphaTauri,10.7,10.7,0.0,0.0,1.0,0.0,0.1,0.9,10.0,10.0,0.0,1.0,0.0,0.1,0.9,0.0,10.0,10.0,10.0,0.0,0.0,0.0,0.5,10.238562091503267,7.9411764705882355,0.0,9.859477124183007,0.2679738562091503,0.0,0.23856209150326713,10.641044776119404,0.0,0.16410803127221038,10.213681592039801,0.2804904051172708,-0.05895522388059504,0,18,0.45,57.0,1,21,1,-4,0
2022,1,Sakhir,HAM,Mercedes,10.7,10.7,0.0,0.0,1.0,0.0,0.1,0.9,10.0,10.0,0.0,1.0,0.0,0.1,0.9,0.0,10.0,10.0,10.0,0.0,0.0,0.0,0.5,10.238562091503267,7.9411764705882355,0.0,9.859477124183007,0.2679738562091503,0.0,0.23856209150326713,10.641044776119404,0.0,0.16410803127221038,10.213681592039801,0.2804904051172708,-0.05895522388059504,0,18,0.45,57.0,1,21,1,-4,0
2022,1,Sakhir,HUL,Aston Martin,10.7,10.7,0.0,0.0,1.0,0.0,0.1,0.9,10.0,10.0,0.0,1.0,0.0,0.1,0.9,0.0,10.0,10.0,10.0,0.0,0.0,0.0,0.5,10.238562091503267,7.9411764705882355,0.0,9.859477124183007,0.2679738562091503,0.0,0.23856209150326713,10.641044776119404,0.0,0.16410803127221038,10.213681592039801,0.2804904051172708,-0.05895522388059504,0,18,0.45,57.0,1,21,1,-4,0
2022,1,Sakhir,LAT,Williams,13.0,13.0,0.0,0.0,1.0,0.0,0.08333333333333333,1.0,10.0,10.0,0.0,1.0,0.0,0.1,0.9,0.0,10.0,10.0,10.0,0.0,0.0,0.0,0.5,10.238562091503267,7.9411764705882355,0.0,9.859477124183007,0.2679738562091503,0.0,0.23856209150326713,13.0,0.0,0.0,14.0,0.0,0.0,0,18,0.45,57.0,1,21,1,-4,0
2022,1,Sakhir,LEC,Ferrari,10.7,10.7,0.0,0.0,1.0,0.0,0.1,0.9,10.0,10.0,0.0,1.0,0.0,0.1,0.9,0.0,10.0,10.0,10.0,0.0,0.0,0.0,0.5,10.238562091503267,7.9411764705882355,0.0,9.859477124183007,0.2679738562091503,0.0,0.23856209150326713,10.641044776119404,0.0,0.16410803127221038,10.213681592039801,0.2804904051172708,-0.05895522388059504,0,18,0.45,57.0,1,21,1,-4,1
2022,1,Sakhir,MAG,Haas F1 Team,10.7,10.7,0.0,0.0,1.0,0.0,0.1,0.9,10.0,10.0,0.0,1.0,0.0,0.1,0.9,0.0,10.0,10.0,10.0,0.0,0.0,0.0,0.5,10.238562091503267,7.9411764705882355,0.0,9.859477124183007,0.2679738562091503,0.0,0.23856209150326713,10.641044776119404,0.0,0.16410803127221038,10.213681592039801,0.2804904051172708,-0.05895522388059504,0,18,0.45,57.0,1,21,1,-4,0
2022,1,Sakhir,MSC,Haas F1 Team,5.0,5.0,10.0,10.0,1.0,-10.0,0.08333333333333333,1.0,10.0,10.0,0.0,1.0,0.0,0.1,0.9,0.0,10.0,10.0,10.0,0.0,0.0,0.0,0.5,10.238562091503267,7.9411764705882355,0.0,9.859477124183007,0.2679738562091503,0.0,0.23856209150326713,5.0,0.0,0.0,7.0,0.0,0.0,0,18,0.45,57.0,1,21,1,-4,0
2022,1,Sakhir,NOR,McLaren,10.7,10.7,0.0,0.0,1.0,0.0,0.1,0.9,10.0,10.0,0.0,1.0,0.0,0.1,0.9,0.0,10.0,10.0,10.0,0.0,0.0,0.0,0.5,10.238562091503267,7.9411764705882355,0.0,9.859477124183007,0.2679738562091503,0.0,0.23856209150326713,10.641044776119404,0.0,0.16410803127221038,10.213681592039801,0.2804904051172708,-0.05895522388059504,0,18,0.45,57.0,1,21,1,-4,0
2022,1,Sakhir,OCO,Alpine,9.0,9.0,2.0,2.0,1.0,-2.0,0.08333333333333333,1.0,10.0,10.0,0.0,1.0,0.0,0.1,0.9,0.0,10.0,10.0,10.0,0.0,0.0,0.0,0.5,10.238562091503267,7.9411764705882355,0.0,9.859477124183007,0.2679738562091503,0.0,0.23856209150326713,9.0,0.0,0.0,8.0,0.0,0.0,0,18,0.45,57.0,1,21,1,-4,0
2022,1,Sakhir,PER,Red Bull Racing,10.7,10.7,0.0,0.0,1.0,0.0,0.1,0.9,10.0,10.0,0.0,1.0,0.0,0.1,0.9,0.0,10.0,10.0,10.0,0.0,0.0,0.0,0.5,10.238562091503267,7.9411764705882355,0.0,9.859477124183007,0.2679738562091503,0.0,0.23856209150326713,10.641044776119404,0.0,0.16410803127221038,10.213681592039801,0.2804904051172708,-0.05895522388059504,0,18,0.45,57.0,1,21,1,-4,0
2022,1,Sakhir,RIC,McLaren,15.0,15.0,0.0,0.0,1.0,0.0,0.08333333333333333,1.0,10.0,10.0,0.0,1.0,0.0,0.1,0.9,0.0,10.0,10.0,10.0,0.0,0.0,0.0,0.5,10.238562091503267,7.9411764705882355,0.0,9.859477124183007,0.2679738562091503,0.0,0.23856209150326713,15.0,0.0,0.0,13.0,0.0,0.0,0,18,0.45,57.0,1,21,1,-4,0
2022,1,Sakhir,RUS,Mercedes,3.0,3.0,15.0,15.0,1.0,-15.0,0.08333333333333333,1.0,10.0,10.0,0.0,1.0,0.0,0.1,0.9,0.0,10.0,10.0,10.0,0.0,0.0,0.0,0.5,10.238562091503267,7.9411764705882355,0.0,9.859477124183007,0.2679738562091503,0.0,0.23856209150326713,3.0,0.0,1.0,5.0,0.0,0.0,0,18,0.45,57.0,1,21,1,-4,0
2022,1,Sakhir,SAI,Ferrari,1.0,1.0,26.0,26.0,1.0,-26.0,0.08333333333333333,1.0,10.0,10.0,0.0,1.0,0.0,0.1,0.9,0.0,10.0,10.0,10.0,0.0,0.0,0.0,0.5,10.238562091503267,7.9411764705882355,0.0,9.859477124183007,0.2679738562091503,0.0,0.23856209150326713,1.0,1.0,1.0,1.0,0.0,0.0,0,18,0.45,57.0,1,21,1,-4,0
2022,1,Sakhir,STR,Aston Martin,17.0,17.0,0.0,0.0,1.0,0.0,0.08333333333333333,1.0,10.0,10.0,0.0,1.0,0.0,0.1,0.9,0.0,10.0,10.0,10.0,0.0,0.0,0.0,0.5,10.238562091503267,7.9411764705882355,0.0,9.859477124183007,0.2679738562091503,0.0,0.23856209150326713,17.0,0.0,0.0,17.0,0.0,0.0,0,18,0.45,57.0,1,21,1,-4,0
2022,1,Sakhir,TSU,AlphaTauri,20.0,20.0,0.0,0.0,1.0,0.0,0.25,0.0,10.0,10.0,0.0,1.0,0.0,0.1,0.9,0.0,10.0,10.0,10.0,0.0,0.0,0.0,0.5,10.238562091503267,7.9411764705882355,0.0,9.859477124183007,0.2679738562091503,0.0,0.23856209150326713,20.0,0.0,0.0,10.0,1.0,0.0,0,18,0.45,57.0,1,21,1,-4,0
2022,1,Sakhir,VER,Red Bull Racing,18.0,18.0,0.0,0.0,1.0,0.0,0.25,0.0,10.0,10.0,0.0,1.0,0.0,0.1,0.9,0.0,10.0,10.0,10.0,0.0,0.0,0.0,0.5,10.238562091503267,7.9411764705882355,0.0,9.859477124183007,0.2679738562091503,0.0,0.23856209150326713,18.0,0.0,0.0,4.0,1.0,0.0,0,18,0.45,57.0,1,21,1,-4,0
2022,1,Sakhir,ZHO,Alfa Romeo,6.0,6.0,8.0,8.0,1.0,-8.0,0.08333333333333333,1.0,10.0,10.0,0.0,1.0,0.0,0.1,0.9,0.0,10.0,10.0,10.0,0.0,0.0,0.0,0.5,10.238562091503267,7.9411764705882355,0.0,9.859477124183007,0.2679738562091503,0.0,0.23856209150326713,6.0,0.0,0.0,6.0,0.0,0.0,0,18,0.45,57.0,1,21,1,-4,0
2022,2,Jeddah,ALB,Williams,14.5,14.5,0.0,0.0,7.0,44.0,0.07142857142857142,1.0,13.0,13.0,0.0,11.0,26.0,0.08333333333333333,1.0,0.0,14.0,14.0,14.0,-1.0,-3.0,-1.5,1.0,9.728758169934641,8.235294117647058,0.0,9.941176470588236,0.22549019607843138,0.0,-3.2712418300653585,10.114676616915423,0.0,0.14705046197583513,10.4044776119403,0.30657427149964467,-4.385323383084577,1,18,0.45,57.0,2,20,0,-4,0
2022,2,Jeddah,ALO,Alpine,8.0,8.0,8.0,8.0,5.0,36.0,0.07142857142857142,1.0,9.0,9.0,2.0,9.0,24.0,0.08333333333333333,1.0,0.0,8.0,8.0,8.0,1.0,-1.5,1.0,0.0,9.728758169934641,8.235294117647058,0.0,9.941176470588236,0.22549019607843138,0.0,0.7287581699346415,10.114676616915423,0.0,0.14705046197583513,10.4044776119403,0.30657427149964467,2.114676616915423,1,18,0.45,57.0,2,20,0,-4,0
2022,2,Jeddah,BOT,Alfa Romeo,8.0,8.0,9.0,9.0,4.0,35.0,0.07142857142857142,1.0,6.0,6.0,8.0,6.0,18.0,0.08333333333333333,1.0,0.0,6.0,6.0,6.0,0.0,-4.5,-2.0,1.0,9.728758169934641,8.235294117647058,0.0,9.941176470588236,0.22549019607843138,0.0,3.7287581699346415,10.114676616915423,0.0,0.14705046197583513,10.4044776119403,0.30657427149964467,2.114676616915423,1,18,0.45,57.0,2,20,0,-4,0
2022,2,Jeddah,GAS,AlphaTauri,14.0,14.0,4.0,4.0,6.0,40.0,0.21428571428571427,0.5,20.0,20.0,0.0,11.0,26.0,0.25,0.0,0.0,10.0,10.0,10.0,10.0,-3.0,6.0,0.0,9.728758169934641,8.235294117647058,0.0,9.941176470588236,0.22549019607843138,0.0,-10.271241830065359,10.114676616915423,0.0,0.14705046197583513,10.4044776119403,0.30657427149964467,-3.885323383084577,1,18,0.45,57.0,2,20,0,-4,0
2022,2,Jeddah,HAM,Mercedes,3.5,3.5,27.0,27.0,2.0,17.0,0.07142857142857142,1.0,3.0,3.0,15.0,3.0,11.0,0.08333333333333333,1.0,1.0,5.0,5.0,5.0,-2.0,-2.0,-0.5,1.0,9.728758169934641,8.235294117647058,0.0,9.941176470588236,0.22549019607843138,0.0,6.7287581699346415,10.114676616915423,0.0,0.14705046197583513,10.4044776119403,0.30657427149964467,6.614676616915423,1,18,0.45,57.0,2,20,0,-4,0
2022,2,Jeddah,HUL,Aston Martin,14.5,14.5,0.0,0.0,7.0,44.0,0.07142857142857142,1.0,17.0,17.0,0.0,11.0,26.0,0.08333333333333333,1.0,0.0,17.0,17.0,17.0,0.0,-1.0,2.5,0.0,9.728758169934641,8.235294117647058,0.0,9.941176470588236,0.22549019607843138,0.0,-7.2712418300653585,10.114676616915423,0.0,0.14705046197583513,10.4044776119403,0.30657427149964467,-4.385323383084577,1,18,0.45,57.0,2,20,0,-4,0
2022,2,Jeddah,LAT,Williams,14.333333333333334,14.333333333333334,0.0,0.0,7.0,44.0,0.1875,0.6666666666666666,16.0,16.0,0.0,11.0,26.0,0.08333333333333333,1.0,0.0,20.0,20.0,20.0,-4.0,3.0,1.5,0.0,9.728758169934641,8.235294117647058,0.0,9.941176470588236,0.22549019607843138,0.0,-6.2712418300653585,14.0,0.0,0.0,17.0,1.0,-0.3333333333333339,1,18,0.45,57.0,2,20,0,-4,0
2022,2,Jeddah,LEC,Ferrari,1.5,1.5,44.0,44.0,1.0,0.0,0.07142857142857142,1.0,1.0,1.0,26.0,1.0,0.0,0.08333333333333333,1.0,1.0,1.0,1.0,1.0,0.0,-1.0,-0.5,1.0,9.728758169934641,8.235294117647058,0.0,9.941176470588236,0.22549019607843138,0.0,8.728758169934641,10.114676616915423,0.0,0.14705046197583513,10.4044776119403,0.30657427149964467,8.614676616915423,1,18,0.45,57.0,2,20,0,-4,0
2022,2,Jeddah,MAG,Haas F1 Team,8.0,8.0,10.0,10.0,3.0,34.0,0.07142857142857142,1.0,5.0,5.0,10.0,5.0,16.0,0.08333333333333333,1.0,1.0,7.0,7.0,7.0,-2.0,-2.5,-3.0,0.5,9.728758169934641,8.235294117647058,0.0,9.941176470588236,0.22549019607843138,0.0,4.7287581699346415,10.114676616915423,0.0,0.14705046197583513,10.4044776119403,0.30657427149964467,2.114676616915423,1,18,0.45,57.0,2,20,0,-4,0
2022,2,Jeddah,MSC,Haas F1 Team,8.333333333333334,8.333333333333334,12.0,12.0,3.0,32.0,0.0625,1.0,11.0,11.0,0.0,11.0,26.0,0.08333333333333333,1.0,0.0,12.0,12.0,12.0,-1.0,2.5,3.0,0.5,9.728758169934641,8.235294117647058,0.0,9.941176470588236,0.22549019607843138,0.0,-1.2712418300653585,9.0,0.0,0.0,10.0,0.0,0.6666666666666661,1,18,0.45,57.0,2,20,0,-4,0
2022,2,Jeddah,NOR,McLaren,14.5,14.5,0.0,0.0,7.0,44.0,0.07142857142857142,1.0,15.0,15.0,0.0,11.0,26.0,0.08333333333333333,1.0,0.0,13.0,13.0,13.0,2.0,-2.5,0.5,0.0,9.728758169934641,8.235294117647058,0.0,9.941176470588236,0.22549019607843138,0.0,-5.2712418300653585,10.114676616915423,0.0,0.14705046197583513,10.4044776119403,0.30657427149964467,-4.385323383084577,1,18,0.45,57.0,2,20,0,-4,0
2022,2,Jeddah,OCO,Alpine,10.666666666666666,10.666666666666666,8.0,8.0,5.0,36.0,0.1875,0.6666666666666666,7.0,7.0,6.0,7.0,20.0,0.08333333333333333,1.0,0.0,11.0,11.0,11.0,-4.0,1.5,-1.0,1.0,9.728758169934641,8.235294117647058,0.0,9.941176470588236,0.22549019607843138,0.0,2.7287581699346415,16.0,0.0,0.0,7.0,1.0,5.333333333333334,1,18,0.45,57.0,2,20,0,-4,0
2022,2,Jeddah,PER,Red Bull Racing,18.5,18.5,0.0,0.0,7.0,44.0,0.35714285714285715,0.0,18.0,18.0,0.0,11.0,26.0,0.25,0.0,0.0,4.0,4.0,4.0,14.0,1.0,-0.5,1.0,9.728758169934641,8.235294117647058,0.0,9.941176470588236,0.22549019607843138,0.0,-8.271241830065359,10.114676616915423,0.0,0.14705046197583513,10.4044776119403,0.30657427149964467,-8.385323383084577,1,18,0.45,57.0,2,20,0,-4,0
2022,2,Jeddah,RIC,McLaren,12.0,12.0,6.0,6.0,7.0,38.0,0.0625,1.0,14.0,14.0,0.0,11.0,26.0,0.08333333333333333,1.0,0.0,18.0,18.0,18.0,-4.0,2.5,-0.5,1.0,9.728758169934641,8.235294117647058,0.0,9.941176470588236,0.22549019607843138,0.0,-4.2712418300653585,7.0,0.0,0.0,11.0,0.0,-5.0,1,18,0.45,57.0,2,20,0,-4,0
2022,2,Jeddah,RUS,Mercedes,5.666666666666667,5.666666666666667,28.0,28.0,2.0,16.0,0.0625,1.0,4.0,4.0,12.0,4.0,14.0,0.08333333333333333,1.0,1.0,9.0,9.0,9.0,-5.0,2.0,0.5,0.0,9.728758169934641,8.235294117647058,0.0,9.941176470588236,0.22549019607843138,0.0,5.7287581699346415,10.0,0.0,0.0,16.0,0.0,4.333333333333333,1,18,0.45,57.0,2,20,0,-4,0
2022,2,Jeddah,SAI,Ferrari,1.6666666666666667,1.6666666666666667,63.0,63.0,1.0,-19.0,0.0625,1.0,2.0,2.0,18.0,2.0,8.0,0.08333333333333333,1.0,1.0,3.0,3.0,3.0,-1.0,1.0,0.5,0.0,9.728758169934641,8.235294117647058,0.0,9.941176470588236,0.22549019607843138,0.0,7.7287581699346415,2.0,0.0,1.0,2.0,0.0,0.33333333333333326,1,18,0.45,57.0,2,20,0,-4,0
2022,2,Jeddah,STR,Aston Martin,13.666666666666666,13.666666666666666,0.0,0.0,7.0,44.0,0.0625,1.0,12.0,12.0,0.0,11.0,26.0,0.08333333333333333,1.0,0.0,19.0,19.0,19.0,-7.0,1.0,-2.5,1.0,9.728758169934641,8.235294117647058,0.0,9.941176470588236,0.22549019607843138,0.0,-2.2712418300653585,12.0,0.0,0.0,18.0,0.0,-1.666666666666666,1,18,0.45,57.0,2,20,0,-4,0
2022,2,Jeddah,TSU,AlphaTauri,12.0,12.0,8.0,8.0,6.0,36.0,0.1875,0.6666666666666666,8.0,8.0,4.0,8.0,22.0,0.08333333333333333,1.0,0.0,16.0,16.0,16.0,-8.0,3.0,-6.0,1.0,9.728758169934641,8.235294117647058,0.0,9.941176470588236,0.22549019607843138,0.0,1.7287581699346415,8.0,0.0,0.0,9.0,0.0,-4.0,1,18,0.45,57.0,2,20,0,-4,0
2022,2,Jeddah,VER,Red Bull Racing,13.666666666666666,13.666666666666666,12.0,12.0,7.0,32.0,0.3125,0.3333333333333333,19.0,19.0,0.0,11.0,26.0,0.25,0.0,0.0,2.0,2.0,2.0,17.0,-1.0,0.5,0.0,9.728758169934641,8.235294117647058,0.0,9.941176470588236,0.22549019607843138,0.0,-9.271241830065359,4.0,0.0,0.0,1.0,0.0,-9.666666666666666,1,18,0.45,57.0,2,20,0,-4,1
2022,2,Jeddah,ZHO,Alfa Romeo,10.333333333333334,10.333333333333334,9.0,9.0,4.0,35.0,0.1875,0.6666666666666666,10.0,10.0,1.0,10.0,25.0,0.08333333333333333,1.0,0.0,15.0,15.0,15.0,-5.0,4.5,2.0,0.0,9.728758169934641,8.235294117647058,0.0,9.941176470588236,0.22549019607843138,0.0,-0.2712418300653585,15.0,0.0,0.0,8.0,1.0,4.666666666666666,1,18,0.45,57.0,2,20,0,-4,0
2022,3,Melbourne,ALB,Williams,16.0,15.25,0.0,0.0,9.0,78.0,0.2777777777777778,0.5,13.5,13.5,0.0,15.0,45.0,0.21428571428571427,0.5,0.0,15.5,15.5,15.5,-2.0,-2.0,-1.75,1.0,9.639455782312925,6.918367346938775,0.0,9.27891156462585,0.21088435374149658,0.0,-3.8605442176870746,10.30858585858586,0.0,0.16962481962481962,10.260858585858585,0.29083694083694084,-4.941414141414141,1,18,0.45,57.0,3,19,0,-4,0
2022,3,Melbourne,ALO,Alpine,9.666666666666666,9.5,14.0,16.0,4.0,62.0,0.16666666666666666,0.75,12.5,12.5,2.0,13.0,43.0,0.21428571428571427,0.5,0.0,7.5,7.5,7.5,5.0,-0.25,3.0,0.0,9.639455782312925,6.918367346938775,0.0,9.27891156462585,0.21088435374149658,0.0,-2.8605442176870746,10.30858585858586,0.0,0.16962481962481962,10.260858585858585,0.29083694083694084,0.8085858585858592,1,18,0.45,57.0,3,19,0,-4,0
2022,3,Melbourne,BOT,Alfa Romeo,12.0,10.5,1.0,9.0,6.0,69.0,0.16666666666666666,0.75,10.5,10.5,8.0,9.0,37.0,0.21428571428571427,0.5,0.0,7.0,7.0,7.0,3.5,-3.5,0.0,0.5,9.639455782312925,6.918367346938775,0.0,9.27891156462585,0.21088435374149658,0.0,-0.8605442176870746,10.30858585858586,0.0,0.16962481962481962,10.260858585858585,0.29083694083694084,-0.19141414141414081,1,18,0.45,57.0,3,19,0,-4,0
2022,3,Melbourne,GAS,AlphaTauri,11.666666666666666,13.75,8.0,8.0,7.0,70.0,0.2777777777777778,0.5,14.0,14.0,4.0,11.0,41.0,0.21428571428571427,0.5,0.0,9.5,9.5,9.5,4.5,-4.25,0.25,0.5,9.639455782312925,6.918367346938775,0.0,9.27891156462585,0.21088435374149658,0.0,-4.360544217687075,10.30858585858586,0.0,0.16962481962481962,10.260858585858585,0.29083694083694084,-3.441414141414141,1,18,0.45,57.0,3,19,0,-4,0
2022,3,Melbourne,HAM,Mercedes,6.333333333333333,5.5,23.0,38.0,2.0,40.0,0.05555555555555555,1.0,6.5,6.5,16.0,5.0,29.0,0.07142857142857142,1.0,0.5,10.5,10.5,10.5,-4.0,1.5,1.0,0.5,9.639455782312925,6.918367346938775,0.0,9.27891156462585,0.21088435374149658,0.0,3.1394557823129254,10.30858585858586,0.0,0.16962481962481962,10.260858585858585,0.29083694083694084,4.808585858585859,1,18,0.45,57.0,3,19,0,-4,0
2022,3,Melbourne,LAT,Williams,14.0,14.2,1.0,1.0,9.0,77.0,0.25,0.6,17.0,17.0,0.0,15.0,45.0,0.21428571428571427,0.5,0.0,19.5,19.5,19.5,-2.5,2.0,1.75,0.0,9.639455782312925,6.918367346938775,0.0,9.27891156462585,0.21088435374149658,0.0,-7.360544217687075,10.0,0.0,0.0,16.0,0.0,-4.199999999999999,1,18,0.45,57.0,3,19,0,-4,0
2022,3,Melbourne,LEC,Ferrari,2.3333333333333335,2.0,52.0,78.0,1.0,0.0,0.05555555555555555,1.0,1.5,1.5,45.0,1.0,0.0,0.07142857142857142,1.0,1.0,1.5,1.5,1.5,0.0,-0.75,-0.5,1.0,9.639455782312925,6.918367346938775,0.0,9.27891156462585,0.21088435374149658,0.0,8.139455782312925,10.30858585858586,0.0,0.16962481962481962,10.260858585858585,0.29083694083694084,8.30858585858586,1,18,0.45,57.0,3,19,0,-4,1
2022,3,Melbourne,MAG,Haas F1 Team,10.0,8.333333333333334,2.0,12.0,5.0,66.0,0.16666666666666666,0.75,7.0,7.0,12.0,7.0,33.0,0.07142857142857142,1.0,0.5,8.5,8.5,8.5,-1.5,-2.25,-2.0,1.0,9.639455782312925,6.918367346938775,0.0,9.27891156462585,0.21088435374149658,0.0,2.6394557823129254,10.30858585858586,0.0,0.16962481962481962,10.260858585858585,0.29083694083694084,1.9752525252525253,1,18,0.45,57.0,3,19,0,-4,0
2022,3,Melbourne,MSC,Haas F1 Team,11.5,9.75,2.0,12.0,5.0,66.0,0.15,0.8,11.0,11.0,0.0,15.0,45.0,0.21428571428571427,0.5,0.0,13.0,13.0,13.0,-1.0,2.25,2.0,0.0,9.639455782312925,6.918367346938775,0.0,9.27891156462585,0.21088435374149658,0.0,-1.3605442176870746,14.0,0.0,0.0,17.0,0.0,4.25,1,18,0.45,57.0,3,19,0,-4,0
2022,3,Melbourne,NOR,McLaren,12.666666666666666,13.25,6.0,6.0,8.0,72.0,0.16666666666666666,0.75,11.0,11.0,6.0,10.0,39.0,0.07142857142857142,1.0,0.0,12.0,12.0,12.0,-1.0,-1.5,-2.25,0.5,9.639455782312925,6.918367346938775,0.0,9.27891156462585,0.21088435374149658,0.0,-1.3605442176870746,10.30858585858586,0.0,0.16962481962481962,10.260858585858585,0.29083694083694084,-2.941414141414141,1,18,0.45,57.0,3,19,0,-4,0
2022,3,Melbourne,OCO,Alpine,13.0,11.0,8.0,16.0,4.0,62.0,0.15,0.8,6.5,6.5,14.0,6.0,31.0,0.07142857142857142,1.0,0.0,8.0,8.0,8.0,-1.5,0.25,-3.0,1.0,9.639455782312925,6.918367346938775,0.0,9.27891156462585,0.21088435374149658,0.0,3.1394557823129254,17.0,0.0,0.0,10.0,0.0,6.0,1,18,0.45,57.0,3,19,0,-4,0
2022,3,Melbourne,PER,Red Bull Racing,8.0,10.5,37.0,37.0,3.0,41.0,0.2777777777777778,0.5,11.0,11.0,12.0,7.0,33.0,0.21428571428571427,0.5,0.5,2.5,2.5,2.5,8.5,-0.25,0.5,0.5,9.639455782312925,6.918367346938775,0.0,9.27891156462585,0.21088435374149658,0.0,-1.3605442176870746,10.30858585858586,0.0,0.16962481962481962,10.260858585858585,0.29083694083694084,-0.19141414141414081,1,18,0.45,57.0,3,19,0,-4,0
2022,3,Melbourne,RIC,McLaren,9.666666666666666,11.6,16.0,16.0,8.0,62.0,0.15,0.8,15.5,15.5,0.0,15.0,45.0,0.21428571428571427,0.5,0.0,15.0,15.0,15.0,0.5,1.5,2.25,0.5,9.639455782312925,6.918367346938775,0.0,9.27891156462585,0.21088435374149658,0.0,-5.860544217687075,5.0,0.0,0.0,4.0,0.0,-6.6,1,18,0.45,57.0,3,19,0,-4,0
2022,3,Melbourne,RUS,Mercedes,6.333333333333333,5.2,23.0,50.0,2.0,28.0,0.05,1.0,4.5,4.5,22.0,4.0,23.0,0.07142857142857142,1.0,1.0,7.5,7.5,7.5,-3.0,-1.5,-1.0,0.5,9.639455782312925,6.918367346938775,0.0,9.27891156462585,0.21088435374149658,0.0,5.139455782312925,4.0,0.0,0.0,5.0,0.0,-1.2000000000000002,1,18,0.45,57.0,3,19,0,-4,0
2022,3,Melbourne,SAI,Ferrari,2.0,1.8,60.0,104.0,1.0,-26.0,0.05,1.0,2.5,2.5,33.0,2.0,12.0,0.07142857142857142,1.0,1.0,3.0,3.0,3.0,-0.5,0.75,0.5,0.0,9.639455782312925,6.918367346938775,0.0,9.27891156462585,0.21088435374149658,0.0,7.139455782312925,1.0,1.0,1.0,1.0,0.0,-0.8,1,18,0.45,57.0,3,19,0,-4,0
2022,3,Melbourne,STR,Aston Martin,12.333333333333334,13.5,0.0,0.0,9.0,78.0,0.05555555555555555,1.0,12.5,12.5,0.0,15.0,45.0,0.07142857142857142,1.0,0.0,17.0,17.0,17.0,-4.5,0.0,0.0,0.5,9.639455782312925,6.918367346938775,0.0,9.27891156462585,0.21088435374149658,0.0,-2.8605442176870746,10.30858585858586,0.0,0.16962481962481962,10.260858585858585,0.29083694083694084,-3.191414141414141,1,18,0.45,57.0,3,19,0,-4,0
2022,3,Melbourne,TSU,AlphaTauri,12.0,12.8,6.0,10.0,7.0,68.0,0.25,0.6,13.5,13.5,4.0,11.0,41.0,0.21428571428571427,0.5,0.0,18.0,18.0,18.0,-4.5,4.25,-0.25,0.5,9.639455782312925,6.918367346938775,0.0,9.27891156462585,0.21088435374149658,0.0,-3.8605442176870746,9.0,0.0,0.0,11.0,0.0,-3.8000000000000007,1,18,0.45,57.0,3,19,0,-4,0
2022,3,Melbourne,VER,Red Bull Racing,2.3333333333333335,8.8,55.0,55.0,3.0,23.0,0.25,0.6,10.0,10.0,25.0,3.0,20.0,0.21428571428571427,0.5,0.5,3.0,3.0,3.0,7.0,0.25,-0.5,0.5,9.639455782312925,6.918367346938775,0.0,9.27891156462585,0.21088435374149658,0.0,-0.36054421768707456,2.0,0.0,1.0,3.0,0.0,-6.800000000000001,1,18,0.45,57.0,3,19,0,-4,0
2022,3,Melbourne,VET,Aston Martin,12.333333333333334,13.2,0.0,0.0,9.0,78.0,0.05,1.0,10.052631578947368,10.052631578947368,0.0,15.0,45.0,0.1,0.9,0.0,10.131578947368421,10.131578947368421,10.131578947368421,0.0,0.0,0.0,0.5,9.639455782312925,6.918367346938775,0.0,9.27891156462585,0.21088435374149658,0.0,-0.4131757966344427,12.0,0.0,0.0,20.0,0.0,-1.1999999999999993,1,18,0.45,57.0,3,19,0,-4,0
2022,3,Melbourne,ZHO,Alfa Romeo,11.333333333333334,10.0,4.0,13.0,6.0,65.0,0.15,0.8,10.5,10.5,1.0,14.0,44.0,0.07142857142857142,1.0,0.0,14.0,14.0,14.0,-3.5,3.5,0.0,0.5,9.639455782312925,6.918367346938775,0.0,9.27891156462585,0.21088435374149658,0.0,-0.8605442176870746,8.0,0.0,0.0,12.0,0.0,-2.0,1,18,0.45,57.0,3,19,0,-4,0
2022,4,Imola,ALB,Williams,14.666666666666666,14.8,1.0,1.0,9.0,103.0,0.22727272727272727,0.6666666666666666,12.333333333333334,12.333333333333334,1.0,15.0,70.0,0.1875,0.6666666666666666,0.0,15.666666666666666,15.666666666666666,15.666666666666666,-3.3333333333333335,-1.833333333333334,-2.166666666666666,1.0,9.67741935483871,8.935483870967742,0.0,9.758064516129032,0.20967741935483872,0.0,-2.655913978494624,10.582624113475177,0.0,0.17163120567375886,10.181560283687942,0.25354609929078015,-4.217375886524824,0,10,0.45,57.0,4,18,0,-4,0
2022,4,Imola,ALO,Alpine,10.0,10.6,14.0,22.0,5.0,82.0,0.13636363636363635,0.8333333333333334,14.0,14.0,2.0,14.0,69.0,0.1875,0.6666666666666666,0.0,8.333333333333334,8.333333333333334,8.333333333333334,5.666666666666667,0.16666666666666607,3.666666666666666,0.0,9.67741935483871,8.935483870967742,0.0,9.758064516129032,0.20967741935483872,0.0,-4.32258064516129,10.582624113475177,0.0,0.17163120567375886,10.181560283687942,0.25354609929078015,-0.017375886524822803,0,10,0.45,57.0,4,18,0,-4,0
2022,4,Imola,BOT,Alfa Romeo,10.0,11.0,4.0,13.0,6.0,91.0,0.13636363636363635,0.8333333333333334,9.666666666666666,9.666666666666666,12.0,9.0,59.0,0.1875,0.6666666666666666,0.0,8.666666666666666,8.666666666666666,8.666666666666666,1.0,-2.666666666666666,-0.5,0.6666666666666666,9.67741935483871,8.935483870967742,0.0,9.758064516129032,0.20967741935483872,0.0,0.01075268817204389,10.582624113475177,0.0,0.17163120567375886,10.181560283687942,0.25354609929078015,-0.41737588652482316,0,10,0.45,57.0,4,18,0,-4,0
2022,4,Imola,GAS,AlphaTauri,14.333333333333334,11.8,2.0,10.0,8.0,94.0,0.22727272727272727,0.6666666666666666,12.333333333333334,12.333333333333334,6.0,12.0,65.0,0.1875,0.6666666666666666,0.0,10.0,10.0,10.0,2.3333333333333335,-3.166666666666666,-0.8333333333333339,0.6666666666666666,9.67741935483871,8.935483870967742,0.0,9.758064516129032,0.20967741935483872,0.0,-2.655913978494624,10.582624113475177,0.0,0.17163120567375886,10.181560283687942,0.25354609929078015,-1.2173758865248239,0,10,0.45,57.0,4,18,0,-4,0
2022,4,Imola,HAM,Mercedes,4.0,5.2,37.0,65.0,2.0,39.0,0.045454545454545456,1.0,5.666666666666667,5.666666666666667,28.0,5.0,43.0,0.0625,1.0,0.6666666666666666,8.666666666666666,8.666666666666666,8.666666666666666,-3.0,0.833333333333333,0.833333333333333,0.3333333333333333,9.67741935483871,8.935483870967742,0.0,9.758064516129032,0.20967741935483872,0.0,4.010752688172043,10.582624113475177,0.0,0.17163120567375886,10.181560283687942,0.25354609929078015,5.382624113475177,0,10,0.45,57.0,4,18,0,-4,0
2022,4,Imola,LAT,Williams,12.333333333333334,13.8,1.0,1.0,9.0,103.0,0.20833333333333334,0.7142857142857143,16.666666666666668,16.666666666666668,0.0,17.0,71.0,0.1875,0.6666666666666666,0.0,19.333333333333332,19.333333333333332,19.333333333333332,-2.6666666666666665,1.8333333333333321,2.166666666666668,0.0,9.67741935483871,8.935483870967742,0.0,9.758064516129032,0.20967741935483872,0.0,-6.989247311827958,11.0,0.0,0.0,20.0,0.0,-2.8000000000000007,0,10,0.45,57.0,4,18,0,-4,0
2022,4,Imola,LEC,Ferrari,8.0,5.6,41.0,104.0,1.0,0.0,0.13636363636363635,0.8333333333333334,1.3333333333333333,1.3333333333333333,71.0,1.0,0.0,0.0625,1.0,1.0,1.3333333333333333,1.3333333333333333,1.3333333333333333,0.0,-1.8333333333333333,-3.500000000000001,1.0,9.67741935483871,8.935483870967742,0.0,9.758064516129032,0.20967741935483872,0.0,8.344086021505376,10.582624113475177,0.0,0.17163120567375886,10.181560283687942,0.25354609929078015,4.982624113475177,0,10,0.45,57.0,4,18,0,-4,0
2022,4,Imola,MAG,Haas F1 Team,13.5,11.75,0.0,12.0,7.0,92.0,0.13636363636363635,0.8333333333333334,9.333333333333334,9.333333333333334,12.0,9.0,59.0,0.0625,1.0,0.3333333333333333,11.333333333333334,11.333333333333334,11.333333333333334,-2.0,-1.166666666666666,-1.333333333333334,0.5,9.67741935483871,8.935483870967742,0.0,9.758064516129032,0.20967741935483872,0.0,0.34408602150537604,10.582624113475177,0.0,0.17163120567375886,10.181560283687942,0.25354609929078015,-1.1673758865248232,0,10,0.45,57.0,4,18,0,-4,0
2022,4,Imola,MSC,Haas F1 Team,12.0,11.25,2.0,14.0,7.0,90.0,0.125,0.8571428571428571,12.0,12.0,0.0,17.0,71.0,0.1875,0.6666666666666666,0.0,13.666666666666666,13.666666666666666,13.666666666666666,-1.5,1.166666666666666,1.3333333333333321,0.5,9.67741935483871,8.935483870967742,0.0,9.758064516129032,0.20967741935483872,0.0,-2.32258064516129,9.0,0.0,0.0,4.0,0.0,-2.25,0,10,0.45,57.0,4,18,0,-4,0
2022,4,Imola,NOR,McLaren,9.333333333333334,9.8,18.0,24.0,4.0,80.0,0.13636363636363635,0.8333333333333334,9.0,9.0,16.0,8.0,55.0,0.0625,1.0,0.3333333333333333,9.333333333333334,9.333333333333334,9.333333333333334,-0.3333333333333333,-1.5,-1.6666666666666679,0.6666666666666666,9.67741935483871,8.935483870967742,0.0,9.758064516129032,0.20967741935483872,0.0,0.67741935483871,10.582624113475177,0.0,0.17163120567375886,10.181560283687942,0.25354609929078015,0.7826241134751761,0,10,0.45,57.0,4,18,0,-4,0
2022,4,Imola,OCO,Alpine,14.333333333333334,13.0,6.0,22.0,5.0,82.0,0.20833333333333334,0.7142857142857143,6.666666666666667,6.666666666666667,20.0,7.0,51.0,0.0625,1.0,0.0,8.0,8.0,8.0,-1.3333333333333333,-0.16666666666666785,-3.666666666666667,1.0,9.67741935483871,8.935483870967742,0.0,9.758064516129032,0.20967741935483872,0.0,3.010752688172043,19.0,0.0,0.0,5.0,1.0,6.0,0,10,0.45,57.0,4,18,0,-4,0
2022,4,Imola,PER,Red Bull Racing,7.0,8.8,43.0,55.0,3.0,49.0,0.3181818181818182,0.5,8.0,8.0,30.0,4.0,41.0,0.1875,0.6666666666666666,0.6666666666666666,2.6666666666666665,2.6666666666666665,2.6666666666666665,5.333333333333333,0.0,-2.333333333333332,0.6666666666666666,9.67741935483871,8.935483870967742,0.0,9.758064516129032,0.20967741935483872,0.0,1.67741935483871,10.582624113475177,0.0,0.17163120567375886,10.181560283687942,0.25354609929078015,1.7826241134751761,0,10,0.45,57.0,4,18,0,-4,0
2022,4,Imola,RIC,McLaren,4.666666666666667,7.6,33.0,39.0,4.0,65.0,0.125,0.8571428571428571,12.333333333333334,12.333333333333334,8.0,11.0,63.0,0.1875,0.6666666666666666,0.0,12.333333333333334,12.333333333333334,12.333333333333334,0.0,1.5,1.666666666666666,0.3333333333333333,9.67741935483871,8.935483870967742,0.0,9.758064516129032,0.20967741935483872,0.0,-2.655913978494624,3.0,0.0,1.0,3.0,0.0,-4.6,0,10,0.45,57.0,4,18,0,-4,0
2022,4,Imola,RUS,Mercedes,6.666666666666667,7.0,27.0,65.0,2.0,39.0,0.041666666666666664,1.0,4.0,4.0,37.0,2.0,34.0,0.0625,1.0,1.0,7.0,7.0,7.0,-3.0,-0.833333333333333,-0.8333333333333339,0.6666666666666666,9.67741935483871,8.935483870967742,0.0,9.758064516129032,0.20967741935483872,0.0,5.67741935483871,13.0,0.0,0.0,13.0,0.0,6.0,0,10,0.45,57.0,4,18,0,-4,0
2022,4,Imola,SAI,Ferrari,9.0,6.4,34.0,112.0,1.0,-8.0,0.125,0.8571428571428571,8.333333333333334,8.333333333333334,33.0,3.0,38.0,0.1875,0.6666666666666666,0.6666666666666666,5.0,5.0,5.0,3.3333333333333335,1.8333333333333335,3.5,0.0,9.67741935483871,8.935483870967742,0.0,9.758064516129032,0.20967741935483872,0.0,1.344086021505376,6.0,0.0,0.0,2.0,0.0,-0.40000000000000036,0,10,0.45,57.0,4,18,0,-4,0
2022,4,Imola,STR,Aston Martin,14.666666666666666,13.6,0.0,0.0,10.0,104.0,0.13636363636363635,0.8333333333333334,12.333333333333334,12.333333333333334,0.0,17.0,71.0,0.0625,1.0,0.0,18.0,18.0,18.0,-5.666666666666667,0.0,-3.333333333333334,0.6666666666666666,9.67741935483871,8.935483870967742,0.0,9.758064516129032,0.20967741935483872,0.0,-2.655913978494624,10.582624113475177,0.0,0.17163120567375886,10.181560283687942,0.25354609929078015,-3.017375886524823,0,10,0.45,57.0,4,18,0,-4,0
2022,4,Imola,TSU,AlphaTauri,12.0,12.6,2.0,10.0,8.0,94.0,0.20833333333333334,0.7142857142857143,14.0,14.0,4.0,13.0,67.0,0.1875,0.6666666666666666,0.0,16.333333333333332,16.333333333333332,16.333333333333332,-2.3333333333333335,3.166666666666666,0.8333333333333321,0.3333333333333333,9.67741935483871,8.935483870967742,0.0,9.758064516129032,0.20967741935483872,0.0,-4.32258064516129,12.0,0.0,0.0,17.0,0.0,-0.5999999999999996,0,10,0.45,57.0,4,18,0,-4,0
2022,4,Imola,VER,Red Bull Racing,7.333333333333333,5.4,36.0,73.0,3.0,31.0,0.2916666666666667,0.5714285714285714,12.666666666666666,12.666666666666666,25.0,6.0,46.0,0.3125,0.3333333333333333,0.3333333333333333,2.6666666666666665,2.6666666666666665,2.6666666666666665,10.0,0.0,2.333333333333334,0.3333333333333333,9.67741935483871,8.935483870967742,0.0,9.758064516129032,0.20967741935483872,0.0,-2.989247311827956,2.0,0.0,1.0,7.0,0.0,-3.4000000000000004,0,10,0.45,57.0,4,18,0,-4,1
2022,4,Imola,VET,Aston Martin,13.666666666666666,13.2,1.0,1.0,10.0,103.0,0.125,0.8571428571428571,19.0,19.0,0.0,17.0,71.0,0.25,0.0,0.0,18.0,18.0,18.0,1.0,0.0,3.333333333333332,0.0,9.67741935483871,8.935483870967742,0.0,9.758064516129032,0.20967741935483872,0.0,-9.32258064516129,10.0,0.0,0.0,15.0,0.0,-3.1999999999999993,0,10,0.45,57.0,4,18,0,-4,0
2022,4,Imola,ZHO,Alfa Romeo,8.0,10.0,14.0,23.0,6.0,81.0,0.125,0.8571428571428571,10.666666666666666,10.666666666666666,1.0,15.0,70.0,0.0625,1.0,0.0,14.0,14.0,14.0,-3.3333333333333335,2.666666666666668,0.5,0.3333333333333333,9.67741935483871,8.935483870967742,0.0,9.758064516129032,0.20967741935483872,0.0,-0.9892473118279561,5.0,0.0,0.0,8.0,0.0,-5.0,0,10,0.45,57.0,4,18,0,-4,0
2022,5,Miami,ALB,Williams,14.333333333333334,14.2,0.0,1.0,10.0,111.0,0.19230769230769232,0.75,11.666666666666666,12.0,1.0,16.0,78.0,0.16666666666666666,0.75,0.0,17.666666666666668,16.75,16.75,-4.75,-1.125,-2.25,1.0,10.069444444444445,9.305555555555555,0.0,10.01388888888889,0.2222222222222222,0.0,-1.9305555555555554,10.25798611111111,0.0,0.15138888888888888,10.128472222222223,0.19618055555555555,-3.942013888888889,1,20,0.6,57.0,5,17,0,-4,0
2022,5,Miami,ALO,Alpine,13.333333333333334,12.6,6.0,22.0,6.0,90.0,0.19230769230769232,0.75,17.333333333333332,15.25,2.0,15.0,77.0,0.2777777777777778,0.5,0.0,7.333333333333333,7.5,7.5,7.75,-1.625,3.375,0.0,10.069444444444445,9.305555555555555,0.0,10.01388888888889,0.2222222222222222,0.0,-5.180555555555555,10.25798611111111,0.0,0.15138888888888888,10.128472222222223,0.19618055555555555,-2.3420138888888893,1,20,0.6,57.0,5,17,0,-4,0
2022,5,Miami,BOT,Alfa Romeo,10.333333333333334,10.0,10.0,23.0,5.0,89.0,0.11538461538461539,0.875,9.333333333333334,8.5,22.0,8.0,57.0,0.16666666666666666,0.75,0.25,9.333333333333334,8.5,8.5,0.0,-2.75,-1.625,0.75,10.069444444444445,9.305555555555555,0.0,10.01388888888889,0.2222222222222222,0.0,1.5694444444444446,10.25798611111111,0.0,0.15138888888888888,10.128472222222223,0.19618055555555555,0.25798611111111036,1,20,0.6,57.0,5,17,0,-4,0
2022,5,Miami,GAS,AlphaTauri,11.333333333333334,12.4,6.0,16.0,7.0,96.0,0.19230769230769232,0.75,9.666666666666666,12.25,6.0,13.0,73.0,0.16666666666666666,0.75,0.0,12.333333333333334,11.75,11.75,0.5,-2.25,0.0,0.5,10.069444444444445,9.305555555555555,0.0,10.01388888888889,0.2222222222222222,0.0,-2.1805555555555554,10.25798611111111,0.0,0.15138888888888888,10.128472222222223,0.19618055555555555,-2.14201388888889,1,20,0.6,57.0,5,17,0,-4,0
2022,5,Miami,HAM,Mercedes,6.666666666666667,5.8,27.0,77.0,3.0,35.0,0.038461538461538464,1.0,9.0,7.5,28.0,7.0,51.0,0.05555555555555555,1.0,0.5,11.333333333333334,9.75,9.75,-2.25,0.875,1.75,0.25,10.069444444444445,9.305555555555555,0.0,10.01388888888889,0.2222222222222222,0.0,2.5694444444444446,10.25798611111111,0.0,0.15138888888888888,10.128472222222223,0.19618055555555555,4.4579861111111105,1,20,0.6,57.0,5,17,0,-4,0
2022,5,Miami,LAT,Williams,12.0,12.4,2.0,3.0,10.0,109.0,0.17857142857142858,0.7777777777777778,16.666666666666668,16.5,0.0,19.0,79.0,0.16666666666666666,0.75,0.0,18.666666666666668,19.0,19.0,-2.5,1.125,2.25,0.0,10.069444444444445,9.305555555555555,0.0,10.01388888888889,0.2222222222222222,0.0,-6.430555555555555,9.0,0.0,0.0,18.0,0.0,-3.4000000000000004,1,20,0.6,57.0,5,17,0,-4,0
2022,5,Miami,LEC,Ferrari,15.333333333333334,10.0,8.0,112.0,1.0,0.0,0.19230769230769232,0.75,3.0,2.5,79.0,1.0,0.0,0.05555555555555555,1.0,0.75,1.6666666666666667,1.5,1.5,1.0,-2.375,-4.375,1.0,10.069444444444445,9.305555555555555,0.0,10.01388888888889,0.2222222222222222,0.0,7.569444444444445,10.25798611111111,0.0,0.15138888888888888,10.128472222222223,0.19618055555555555,0.25798611111111036,1,20,0.6,57.0,5,17,0,-4,0
2022,5,Miami,MAG,Haas F1 Team,13.0,13.25,2.0,14.0,8.0,98.0,0.11538461538461539,0.875,10.666666666666666,9.25,14.0,10.0,65.0,0.05555555555555555,1.0,0.25,10.333333333333334,9.5,9.5,-0.25,-1.875,-2.208333333333332,0.6666666666666666,10.069444444444445,9.305555555555555,0.0,10.01388888888889,0.2222222222222222,0.0,0.8194444444444446,10.25798611111111,0.0,0.15138888888888888,10.128472222222223,0.19618055555555555,-2.9920138888888896,1,20,0.6,57.0,5,17,0,-4,0
2022,5,Miami,MSC,Haas F1 Team,14.0,13.8,2.0,14.0,8.0,98.0,0.17857142857142858,0.7777777777777778,15.0,13.666666666666666,0.0,19.0,79.0,0.16666666666666666,0.75,0.0,13.666666666666666,13.25,13.25,0.6666666666666666,1.875,2.208333333333334,0.3333333333333333,10.069444444444445,9.305555555555555,0.0,10.01388888888889,0.2222222222222222,0.0,-3.5972222222222214,16.0,0.0,0.0,16.0,1.0,2.1999999999999993,1,20,0.6,57.0,5,17,0,-4,0
2022,5,Miami,NOR,McLaren,9.0,9.8,23.0,39.0,4.0,73.0,0.11538461538461539,0.875,5.0,7.5,31.0,6.0,48.0,0.05555555555555555,1.0,0.5,6.0,7.75,7.75,-0.25,-1.5,-3.125,0.75,10.069444444444445,9.305555555555555,0.0,10.01388888888889,0.2222222222222222,0.0,2.5694444444444446,10.25798611111111,0.0,0.15138888888888888,10.128472222222223,0.19618055555555555,0.45798611111110965,1,20,0.6,57.0,5,17,0,-4,0
2022,5,Miami,OCO,Alpine,14.666666666666666,13.6,0.0,22.0,6.0,90.0,0.17857142857142858,0.7777777777777778,9.0,8.5,20.0,9.0,59.0,0.05555555555555555,1.0,0.0,10.666666666666666,10.75,10.75,-2.25,1.625,-3.375,1.0,10.069444444444445,9.305555555555555,0.0,10.01388888888889,0.2222222222222222,0.0,1.5694444444444446,11.0,0.0,0.0,11.0,0.0,-2.5999999999999996,1,20,0.6,57.0,5,17,0,-4,0
2022,5,Miami,PER,Red Bull Racing,7.0,4.8,44.0,99.0,2.0,13.0,0.2692307692307692,0.625,2.6666666666666665,6.5,48.0,4.0,31.0,0.16666666666666666,0.75,0.75,3.6666666666666665,3.75,3.75,2.75,0.75,-1.625,0.5,10.069444444444445,9.305555555555555,0.0,10.01388888888889,0.2222222222222222,0.0,3.5694444444444446,10.25798611111111,0.0,0.15138888888888888,10.128472222222223,0.19618055555555555,5.4579861111111105,1,20,0.6,57.0,5,17,0,-4,0
2022,5,Miami,RIC,McLaren,13.333333333333334,10.2,15.0,39.0,4.0,73.0,0.17857142857142858,0.7777777777777778,13.666666666666666,13.75,8.0,12.0,71.0,0.16666666666666666,0.75,0.0,8.333333333333334,10.75,10.75,3.0,1.5,3.125,0.25,10.069444444444445,9.305555555555555,0.0,10.01388888888889,0.2222222222222222,0.0,-3.6805555555555554,19.0,0.0,0.0,8.0,1.0,8.8,1,20,0.6,57.0,5,17,0,-4,0
2022,5,Miami,RUS,Mercedes,7.666666666666667,6.0,20.0,85.0,3.0,27.0,0.03571428571428571,1.0,4.0,4.0,49.0,3.0,30.0,0.05555555555555555,1.0,1.0,7.666666666666667,8.0,8.0,-4.0,-0.875,-1.75,0.75,10.069444444444445,9.305555555555555,0.0,10.01388888888889,0.2222222222222222,0.0,6.069444444444445,6.0,0.0,0.0,6.0,0.0,0.0,1,20,0.6,57.0,5,17,0,-4,0
2022,5,Miami,SAI,Ferrari,9.333333333333334,9.8,26.0,130.0,1.0,-18.0,0.17857142857142858,0.7777777777777778,14.333333333333334,11.25,33.0,5.0,46.0,0.2777777777777778,0.5,0.5,7.333333333333333,6.25,6.25,5.0,2.375,4.375,0.0,10.069444444444445,9.305555555555555,0.0,10.01388888888889,0.2222222222222222,0.0,-1.1805555555555554,2.0,0.0,1.0,1.0,0.0,-7.800000000000001,1,20,0.6,57.0,5,17,0,-4,0
2022,5,Miami,STR,Aston Martin,12.333333333333334,12.4,5.0,5.0,9.0,107.0,0.11538461538461539,0.875,11.666666666666666,11.75,1.0,16.0,78.0,0.05555555555555555,1.0,0.0,16.666666666666668,17.25,17.25,-5.5,1.875,-0.875,0.5,10.069444444444445,9.305555555555555,0.0,10.01388888888889,0.2222222222222222,0.0,-1.6805555555555554,10.25798611111111,0.0,0.15138888888888888,10.128472222222223,0.19618055555555555,-2.14201388888889,1,20,0.6,57.0,5,17,0,-4,0
2022,5,Miami,TSU,AlphaTauri,12.333333333333334,12.2,6.0,16.0,7.0,96.0,0.25,0.6666666666666666,13.666666666666666,12.25,10.0,11.0,69.0,0.16666666666666666,0.75,0.0,16.333333333333332,16.25,16.25,-4.0,2.25,0.0,0.5,10.069444444444445,9.305555555555555,0.0,10.01388888888889,0.2222222222222222,0.0,-2.1805555555555554,18.0,0.0,0.0,7.0,1.0,5.800000000000001,1,20,0.6,57.0,5,17,0,-4,0
2022,5,Miami,VER,Red Bull Racing,2.3333333333333335,5.4,56.0,111.0,2.0,1.0,0.25,0.6666666666666666,6.666666666666667,9.75,51.0,2.0,28.0,0.2777777777777778,0.5,0.5,2.3333333333333335,2.25,2.25,7.5,-0.75,1.625,0.5,10.069444444444445,9.305555555555555,0.0,10.01388888888889,0.2222222222222222,0.0,0.31944444444444464,4.0,0.0,0.0,4.0,0.0,-1.4000000000000004,1,20,0.6,57.0,5,17,0,-4,1
2022,5,Miami,VET,Aston Martin,9.333333333333334,11.8,6.0,6.0,9.0,106.0,0.10714285714285714,0.8888888888888888,13.5,13.5,4.0,14.0,75.0,0.21428571428571427,0.5,0.0,13.5,13.5,13.5,0.0,-1.875,0.875,0.5,10.069444444444445,9.305555555555555,0.0,10.01388888888889,0.2222222222222222,0.0,-3.4305555555555554,10.0,0.0,0.0,10.0,0.0,-1.8000000000000007,1,20,0.6,57.0,5,17,0,-4,0
2022,5,Miami,ZHO,Alfa Romeo,9.0,9.2,16.0,29.0,5.0,83.0,0.10714285714285714,0.8888888888888888,12.333333333333334,11.75,1.0,16.0,78.0,0.05555555555555555,1.0,0.0,13.666666666666666,14.0,14.0,-2.25,2.75,1.625,0.25,10.069444444444445,9.305555555555555,0.0,10.01388888888889,0.2222222222222222,0.0,-1.6805555555555554,7.0,0.0,0.0,5.0,0.0,-2.1999999999999993,1,20,0.6,57.0,5,17,0,-4,0
2022,6,Barcelona,ALB,Williams,13.0,13.2,2.0,3.0,10.0,142.0,0.16666666666666666,0.8,10.0,11.4,3.0,15.0,94.0,0.15,0.8,0.0,18.0,17.0,17.0,-5.6,-1.0,-2.299999999999999,1.0,9.908163265306122,8.571428571428571,0.0,9.646258503401361,0.22448979591836735,0.0,-1.4918367346938783,10.51818181818182,0.0,0.14942279942279943,10.291161616161617,0.23127705627705628,-2.68181818181818,0,18,0.45,57.0,6,16,0,-4,0
2022,6,Barcelona,ALO,Alpine,11.0,11.8,4.0,26.0,6.0,119.0,0.16666666666666666,0.8,15.666666666666666,14.4,2.0,16.0,95.0,0.25,0.6,0.0,8.666666666666666,8.2,8.2,6.2,-2.1999999999999993,3.0,0.0,9.908163265306122,8.571428571428571,0.0,9.646258503401361,0.22448979591836735,0.0,-4.491836734693878,10.51818181818182,0.0,0.14942279942279943,10.291161616161617,0.23127705627705628,-1.2818181818181813,0,18,0.45,57.0,6,16,0,-4,0
2022,6,Barcelona,BOT,Alfa Romeo,14.0,11.6,6.0,29.0,5.0,116.0,0.16666666666666666,0.8,6.666666666666667,8.2,28.0,8.0,69.0,0.15,0.8,0.2,8.333333333333334,7.8,7.8,0.4,-3.3999999999999995,-2.6000000000000014,0.8,9.908163265306122,8.571428571428571,0.0,9.646258503401361,0.22448979591836735,0.0,1.7081632653061227,10.51818181818182,0.0,0.14942279942279943,10.291161616161617,0.23127705627705628,-1.0818181818181802,0,18,0.45,57.0,6,16,0,-4,0
2022,6,Barcelona,GAS,AlphaTauri,12.333333333333334,12.8,6.0,16.0,7.0,129.0,0.23333333333333334,0.7,13.0,13.4,6.0,13.0,91.0,0.25,0.6,0.0,11.666666666666666,10.8,10.8,2.6,-2.0,0.5999999999999996,0.4,9.908163265306122,8.571428571428571,0.0,9.646258503401361,0.22448979591836735,0.0,-3.4918367346938783,10.51818181818182,0.0,0.14942279942279943,10.291161616161617,0.23127705627705628,-2.2818181818181813,0,18,0.45,57.0,6,16,0,-4,0
2022,6,Barcelona,HAM,Mercedes,5.0,6.2,30.0,95.0,3.0,50.0,0.03333333333333333,1.0,7.666666666666667,7.2,36.0,6.0,61.0,0.05,1.0,0.4,8.0,9.0,9.0,-1.8,0.09999999999999964,1.5,0.2,9.908163265306122,8.571428571428571,0.0,9.646258503401361,0.22448979591836735,0.0,2.708163265306122,10.51818181818182,0.0,0.14942279942279943,10.291161616161617,0.23127705627705628,4.318181818181819,0,18,0.45,57.0,6,16,0,-4,0
2022,6,Barcelona,LAT,Williams,13.666666666666666,13.6,2.0,3.0,10.0,142.0,0.15625,0.8181818181818182,15.333333333333334,16.0,0.0,19.0,97.0,0.15,0.8,0.0,18.666666666666668,19.0,19.0,-3.0,1.0,2.3000000000000007,0.0,9.908163265306122,8.571428571428571,0.0,9.646258503401361,0.22448979591836735,0.0,-6.091836734693878,18.0,0.0,0.0,19.0,0.0,4.4,0,18,0.45,57.0,6,16,0,-4,0
2022,6,Barcelona,LEC,Ferrari,8.333333333333334,10.2,33.0,145.0,1.0,0.0,0.16666666666666666,0.8,3.0,2.4,97.0,1.0,0.0,0.05,1.0,0.8,1.3333333333333333,1.4,1.4,1.0,-2.0000000000000004,-3.6,1.0,9.908163265306122,8.571428571428571,0.0,9.646258503401361,0.22448979591836735,0.0,7.508163265306122,10.51818181818182,0.0,0.14942279942279943,10.291161616161617,0.23127705627705628,0.3181818181818201,0,18,0.45,57.0,6,16,0,-4,0
2022,6,Barcelona,MAG,Haas F1 Team,16.0,14.0,0.0,14.0,8.0,131.0,0.16666666666666666,0.8,13.0,10.6,14.0,10.0,83.0,0.15,0.8,0.2,12.333333333333334,10.8,10.8,-0.2,-1.3999999999999986,-1.700000000000001,0.5,9.908163265306122,8.571428571428571,0.0,9.646258503401361,0.22448979591836735,0.0,-0.6918367346938776,10.51818181818182,0.0,0.14942279942279943,10.291161616161617,0.23127705627705628,-3.4818181818181806,0,18,0.45,57.0,6,16,0,-4,0
2022,6,Barcelona,MSC,Haas F1 Team,16.0,14.8,0.0,14.0,8.0,131.0,0.15625,0.8181818181818182,15.0,14.0,0.0,19.0,97.0,0.15,0.8,0.0,14.0,13.6,13.6,0.5,1.4000000000000004,1.6999999999999993,0.5,9.908163265306122,8.571428571428571,0.0,9.646258503401361,0.22448979591836735,0.0,-4.091836734693878,17.0,0.0,0.0,8.0,0.0,2.1999999999999993,0,18,0.45,57.0,6,16,0,-4,0
2022,6,Barcelona,NOR,McLaren,16.666666666666668,11.8,0.0,39.0,4.0,106.0,0.16666666666666666,0.8,9.0,9.8,31.0,7.0,66.0,0.15,0.8,0.4,5.0,7.8,7.8,2.0,-1.7999999999999998,-1.8999999999999986,0.6,9.908163265306122,8.571428571428571,0.0,9.646258503401361,0.22448979591836735,0.0,0.1081632653061213,10.51818181818182,0.0,0.14942279942279943,10.291161616161617,0.23127705627705628,-1.2818181818181813,0,18,0.45,57.0,6,16,0,-4,0
2022,6,Barcelona,OCO,Alpine,9.333333333333334,12.2,6.0,28.0,6.0,117.0,0.15625,0.8181818181818182,9.666666666666666,8.4,24.0,9.0,73.0,0.05,1.0,0.0,15.666666666666666,12.6,12.6,-4.2,2.200000000000001,-3.0,1.0,9.908163265306122,8.571428571428571,0.0,9.646258503401361,0.22448979591836735,0.0,1.5081632653061217,9.0,0.0,0.0,17.0,0.0,-3.1999999999999993,0,18,0.45,57.0,6,16,0,-4,0
2022,6,Barcelona,PER,Red Bull Racing,2.0,5.2,64.0,137.0,2.0,8.0,0.23333333333333334,0.7,2.6666666666666665,6.0,60.0,3.0,37.0,0.15,0.8,0.8,4.666666666666667,3.8,3.8,2.2,0.7000000000000002,-1.0,0.4,9.908163265306122,8.571428571428571,0.0,9.646258503401361,0.22448979591836735,0.0,3.908163265306122,10.51818181818182,0.0,0.14942279942279943,10.291161616161617,0.23127705627705628,5.318181818181819,0,18,0.45,57.0,6,16,0,-4,0
2022,6,Barcelona,RIC,McLaren,13.333333333333334,12.2,4.0,43.0,4.0,102.0,0.15625,0.8181818181818182,12.333333333333334,13.6,8.0,12.0,89.0,0.15,0.8,0.0,9.0,11.4,11.4,2.2,1.8000000000000007,1.9000000000000004,0.4,9.908163265306122,8.571428571428571,0.0,9.646258503401361,0.22448979591836735,0.0,-3.6918367346938776,8.0,0.0,0.0,11.0,0.0,-4.199999999999999,0,18,0.45,57.0,6,16,0,-4,0
2022,6,Barcelona,RUS,Mercedes,5.333333333333333,6.6,28.0,105.0,3.0,40.0,0.03125,1.0,4.0,4.2,59.0,4.0,38.0,0.05,1.0,1.0,9.666666666666666,8.8,8.8,-4.6,-0.09999999999999964,-1.5,0.8,9.908163265306122,8.571428571428571,0.0,9.646258503401361,0.22448979591836735,0.0,5.708163265306122,5.0,0.0,0.0,6.0,0.0,-1.5999999999999996,0,18,0.45,57.0,6,16,0,-4,0
2022,6,Barcelona,SAI,Ferrari,8.333333333333334,10.2,33.0,145.0,1.0,0.0,0.21875,0.7272727272727273,14.333333333333334,9.6,48.0,5.0,49.0,0.25,0.6,0.6,7.0,5.4,5.4,4.2,2.0,3.5999999999999996,0.0,9.908163265306122,8.571428571428571,0.0,9.646258503401361,0.22448979591836735,0.0,0.30816326530612237,20.0,0.0,0.0,1.0,1.0,9.8,0,18,0.45,57.0,6,16,0,-4,0
2022,6,Barcelona,STR,Aston Martin,11.666666666666666,12.8,5.0,6.0,9.0,139.0,0.16666666666666666,0.8,10.666666666666666,11.4,2.0,16.0,95.0,0.05,1.0,0.0,15.0,15.8,15.8,-4.4,1.2333333333333343,-1.6333333333333329,0.6,9.908163265306122,8.571428571428571,0.0,9.646258503401361,0.22448979591836735,0.0,-1.4918367346938783,10.51818181818182,0.0,0.14942279942279943,10.291161616161617,0.23127705627705628,-2.2818181818181813,0,18,0.45,57.0,6,16,0,-4,0
2022,6,Barcelona,TSU,AlphaTauri,14.333333333333334,12.4,0.0,16.0,7.0,129.0,0.21875,0.7272727272727273,11.333333333333334,12.2,10.0,11.0,87.0,0.15,0.8,0.0,12.666666666666666,14.8,14.8,-2.6,2.0,-0.6000000000000014,0.6,9.908163265306122,8.571428571428571,0.0,9.646258503401361,0.22448979591836735,0.0,-2.2918367346938773,13.0,0.0,0.0,14.0,0.0,0.5999999999999996,0,18,0.45,57.0,6,16,0,-4,0
2022,6,Barcelona,VER,Red Bull Racing,2.3333333333333335,2.0,57.0,156.0,2.0,-11.0,0.21875,0.7272727272727273,6.666666666666667,8.0,77.0,2.0,20.0,0.25,0.6,0.6,2.0,2.4,2.4,5.6,-0.6999999999999997,1.0,0.6,9.908163265306122,8.571428571428571,0.0,9.646258503401361,0.22448979591836735,0.0,1.908163265306122,2.0,0.0,1.0,5.0,0.0,0.0,0,18,0.45,57.0,6,16,0,-4,1
2022,6,Barcelona,VET,Aston Martin,14.0,12.0,1.0,6.0,9.0,139.0,0.15625,0.8181818181818182,14.666666666666666,14.666666666666666,4.0,14.0,93.0,0.3125,0.3333333333333333,0.0,13.333333333333334,13.333333333333334,13.333333333333334,1.3333333333333333,-1.2333333333333325,1.6333333333333329,0.3333333333333333,9.908163265306122,8.571428571428571,0.0,9.646258503401361,0.22448979591836735,0.0,-4.758503401360544,15.0,0.0,0.0,18.0,0.0,3.0,0,18,0.45,57.0,6,16,0,-4,0
2022,6,Barcelona,ZHO,Alfa Romeo,11.0,10.6,14.0,37.0,5.0,108.0,0.15625,0.8181818181818182,15.333333333333334,13.4,1.0,18.0,96.0,0.15,0.8,0.0,15.0,14.6,14.6,-1.2,3.4000000000000004,2.5999999999999996,0.2,9.908163265306122,8.571428571428571,0.0,9.646258503401361,0.22448979591836735,0.0,-3.4918367346938783,6.0,0.0,0.0,7.0,0.0,-4.6,0,18,0.45,57.0,6,16,0,-4,0
2022,7,Monaco,ALB,Williams,16.0,14.6,0.0,3.0,10.0,178.0,0.14705882352941177,0.8333333333333334,12.666666666666666,12.4,3.0,16.0,99.0,0.13636363636363635,0.8333333333333334,0.0,19.0,18.0,17.333333333333332,-5.6,-0.9166666666666679,-1.75,0.8333333333333334,9.733333333333334,8.18,0.0,9.603333333333333,0.30333333333333334,0.0,-2.666666666666666,10.240298507462686,0.0,0.14420753375977255,10.225124378109454,0.365636105188344,-4.359701492537313,1,3,0.75,57.0,7,15,0,-4,0
2022,7,Monaco,ALO,Alpine,8.0,9.8,12.0,34.0,6.0,147.0,0.14705882352941177,0.8333333333333334,13.0,14.4,4.0,14.0,98.0,0.22727272727272727,0.6666666666666666,0.0,11.0,10.0,9.666666666666666,4.4,-1.416666666666666,2.666666666666668,0.0,9.733333333333334,8.18,0.0,9.603333333333333,0.30333333333333334,0.0,-4.666666666666666,10.240298507462686,0.0,0.14420753375977255,10.225124378109454,0.365636105188344,0.4402985074626855,1,3,0.75,57.0,7,15,0,-4,0
2022,7,Monaco,BOT,Alfa Romeo,15.0,13.4,8.0,37.0,5.0,144.0,0.20588235294117646,0.75,6.0,8.2,36.0,7.0,66.0,0.13636363636363635,0.8333333333333334,0.16666666666666666,6.666666666666667,8.0,7.666666666666667,0.2,-3.499999999999999,-3.250000000000001,0.8333333333333334,9.733333333333334,8.18,0.0,9.603333333333333,0.30333333333333334,0.0,1.533333333333335,10.240298507462686,0.0,0.14420753375977255,10.225124378109454,0.365636105188344,-3.159701492537314,1,3,0.75,57.0,7,15,0,-4,0
2022,7,Monaco,GAS,AlphaTauri,11.666666666666666,12.0,1.0,17.0,7.0,164.0,0.20588235294117646,0.75,14.333333333333334,12.0,6.0,13.0,96.0,0.22727272727272727,0.6666666666666666,0.0,12.666666666666666,11.6,11.333333333333334,0.4,-1.583333333333334,0.75,0.3333333333333333,9.733333333333334,8.18,0.0,9.603333333333333,0.30333333333333334,0.0,-2.2666666666666657,10.240298507462686,0.0,0.14420753375977255,10.225124378109454,0.365636105188344,-1.7597014925373138,1,3,0.75,57.0,7,15,0,-4,0
2022,7,Monaco,HAM,Mercedes,4.333333333333333,4.6,35.0,120.0,3.0,61.0,0.029411764705882353,1.0,8.0,7.6,46.0,6.0,56.0,0.045454545454545456,1.0,0.5,8.333333333333334,9.2,8.5,-1.6,0.25,1.416666666666667,0.16666666666666666,9.733333333333334,8.18,0.0,9.603333333333333,0.30333333333333334,0.0,2.1333333333333346,10.240298507462686,0.0,0.14420753375977255,10.225124378109454,0.365636105188344,5.640298507462687,1,3,0.75,57.0,7,15,0,-4,0
2022,7,Monaco,LAT,Williams,17.333333333333332,15.0,0.0,3.0,10.0,178.0,0.19444444444444445,0.7692307692307693,15.333333333333334,16.0,0.0,19.0,102.0,0.13636363636363635,0.8333333333333334,0.0,19.0,19.0,19.166666666666668,-3.0,0.9166666666666679,1.75,0.16666666666666666,9.733333333333334,8.18,0.0,9.603333333333333,0.30333333333333334,0.0,-6.266666666666666,18.0,0.0,0.0,16.0,1.0,3.0,1,3,0.75,57.0,7,15,0,-4,0
2022,7,Monaco,LEC,Ferrari,9.0,9.8,27.0,157.0,2.0,24.0,0.20588235294117646,0.75,9.333333333333334,6.2,97.0,2.0,5.0,0.13636363636363635,0.8333333333333334,0.6666666666666666,1.3333333333333333,1.4,1.3333333333333333,4.8,-1.8333333333333333,-1.666666666666667,0.8333333333333334,9.733333333333334,8.18,0.0,9.603333333333333,0.30333333333333334,0.0,3.533333333333334,10.240298507462686,0.0,0.14420753375977255,10.225124378109454,0.365636105188344,0.4402985074626855,1,3,0.75,57.0,7,15,0,-4,0
2022,7,Monaco,MAG,Haas F1 Team,15.333333333333334,15.8,0.0,14.0,8.0,167.0,0.14705882352941177,0.8333333333333334,14.0,13.0,14.0,10.0,88.0,0.13636363636363635,0.8333333333333334,0.16666666666666666,9.333333333333334,11.0,10.333333333333334,2.0,-1.333333333333334,-1.166666666666666,0.4,9.733333333333334,8.18,0.0,9.603333333333333,0.30333333333333334,0.0,-3.2666666666666657,10.240298507462686,0.0,0.14420753375977255,10.225124378109454,0.365636105188344,-5.5597014925373145,1,3,0.75,57.0,7,15,0,-4,0
2022,7,Monaco,MSC,Haas F1 Team,17.0,16.4,0.0,14.0,8.0,167.0,0.19444444444444445,0.7692307692307693,15.333333333333334,14.75,0.0,19.0,102.0,0.13636363636363635,0.8333333333333334,0.0,12.333333333333334,13.2,13.0,1.75,1.3333333333333321,1.1666666666666679,0.6,9.733333333333334,8.18,0.0,9.603333333333333,0.30333333333333334,0.0,-5.016666666666666,20.0,0.0,0.0,13.0,1.0,3.6000000000000014,1,3,0.75,57.0,7,15,0,-4,0
2022,7,Monaco,NOR,McLaren,11.0,14.0,4.0,43.0,4.0,138.0,0.14705882352941177,0.8333333333333334,10.0,8.4,35.0,8.0,67.0,0.13636363636363635,0.8333333333333334,0.3333333333333333,7.333333333333333,7.4,8.333333333333334,1.0,-1.333333333333334,-1.9166666666666679,0.6666666666666666,9.733333333333334,8.18,0.0,9.603333333333333,0.30333333333333334,0.0,1.333333333333334,10.240298507462686,0.0,0.14420753375977255,10.225124378109454,0.365636105188344,-3.759701492537314,1,3,0.75,57.0,7,15,0,-4,0
2022,7,Monaco,OCO,Alpine,7.666666666666667,8.4,14.0,40.0,6.0,141.0,0.1388888888888889,0.8461538461538461,9.666666666666666,8.4,30.0,9.0,72.0,0.045454545454545456,1.0,0.0,17.0,12.8,12.5,-4.4,1.4166666666666679,-2.666666666666666,1.0,9.733333333333334,8.18,0.0,9.603333333333333,0.30333333333333334,0.0,1.333333333333334,7.0,0.0,0.0,7.0,0.0,-1.4000000000000004,1,3,0.75,57.0,7,15,0,-4,0
2022,7,Monaco,PER,Red Bull Racing,1.3333333333333333,1.8,70.0,181.0,1.0,0.0,0.20588235294117646,0.75,2.6666666666666665,2.8,79.0,3.0,23.0,0.13636363636363635,0.8333333333333334,0.8333333333333334,5.333333333333333,4.0,4.0,-1.2,0.833333333333333,-0.75,0.3333333333333333,9.733333333333334,8.18,0.0,9.603333333333333,0.30333333333333334,0.0,6.9333333333333345,10.240298507462686,0.0,0.14420753375977255,10.225124378109454,0.365636105188344,8.440298507462686,1,3,0.75,57.0,7,15,0,-4,1
2022,7,Monaco,RIC,McLaren,8.666666666666666,11.6,13.0,52.0,4.0,129.0,0.1388888888888889,0.8461538461538461,14.333333333333334,13.2,8.0,12.0,94.0,0.13636363636363635,0.8333333333333334,0.0,9.666666666666666,9.6,11.0,3.6,1.3333333333333321,1.916666666666666,0.3333333333333333,9.733333333333334,8.18,0.0,9.603333333333333,0.30333333333333334,0.0,-3.466666666666665,6.0,0.0,0.0,5.0,0.0,-5.6,1,3,0.75,57.0,7,15,0,-4,0
2022,7,Monaco,RUS,Mercedes,5.333333333333333,5.4,29.0,124.0,3.0,57.0,0.027777777777777776,1.0,4.0,4.0,74.0,4.0,28.0,0.045454545454545456,1.0,1.0,9.0,7.8,8.0,-3.8,-0.25,-1.416666666666666,0.8333333333333334,9.733333333333334,8.18,0.0,9.603333333333333,0.30333333333333334,0.0,5.733333333333334,8.0,0.0,0.0,8.0,0.0,2.5999999999999996,1,3,0.75,57.0,7,15,0,-4,0
2022,7,Monaco,SAI,Ferrari,9.333333333333334,6.6,24.0,169.0,2.0,12.0,0.19444444444444445,0.7692307692307693,9.0,10.0,60.0,5.0,42.0,0.22727272727272727,0.6666666666666666,0.6666666666666666,5.0,5.4,5.0,4.6,1.8333333333333335,1.666666666666666,0.16666666666666666,9.733333333333334,8.18,0.0,9.603333333333333,0.30333333333333334,0.0,-0.2666666666666657,4.0,0.0,0.0,1.0,0.0,-2.5999999999999996,1,3,0.75,57.0,7,15,0,-4,0
2022,7,Monaco,STR,Aston Martin,14.333333333333334,12.2,0.0,6.0,9.0,175.0,0.14705882352941177,0.8333333333333334,11.666666666666666,12.0,2.0,17.0,100.0,0.045454545454545456,1.0,0.0,14.333333333333334,15.6,16.166666666666668,-3.6,1.083333333333334,-0.875,0.5,9.733333333333334,8.18,0.0,9.603333333333333,0.30333333333333334,0.0,-2.2666666666666657,10.240298507462686,0.0,0.14420753375977255,10.225124378109454,0.365636105188344,-1.959701492537313,1,3,0.75,57.0,7,15,0,-4,0
2022,7,Monaco,TSU,AlphaTauri,11.333333333333334,12.8,1.0,17.0,7.0,164.0,0.19444444444444445,0.7692307692307693,9.666666666666666,12.6,11.0,11.0,91.0,0.13636363636363635,0.8333333333333334,0.0,12.666666666666666,14.2,14.5,-1.6,1.5833333333333321,-0.75,0.6666666666666666,9.733333333333334,8.18,0.0,9.603333333333333,0.30333333333333334,0.0,-2.8666666666666654,11.0,0.0,0.0,17.0,0.0,-1.8000000000000007,1,3,0.75,57.0,7,15,0,-4,0
2022,7,Monaco,VER,Red Bull Racing,1.3333333333333333,1.8,69.0,206.0,1.0,-25.0,0.19444444444444445,0.7692307692307693,1.0,4.4,102.0,1.0,0.0,0.22727272727272727,0.6666666666666666,0.6666666666666666,2.0,2.4,2.3333333333333335,2.0,-0.8333333333333335,0.75,0.6666666666666666,9.733333333333334,8.18,0.0,9.603333333333333,0.30333333333333334,0.0,5.333333333333334,1.0,1.0,1.0,3.0,0.0,-0.8,1,3,0.75,57.0,7,15,0,-4,0
2022,7,Monaco,VET,Aston Martin,13.333333333333334,13.4,0.0,6.0,9.0,175.0,0.1388888888888889,0.8461538461538461,12.0,13.75,4.0,14.0,98.0,0.2777777777777778,0.5,0.0,12.666666666666666,14.0,14.0,-0.25,-1.083333333333334,0.875,0.5,9.733333333333334,8.18,0.0,9.603333333333333,0.30333333333333334,0.0,-4.016666666666666,14.0,0.0,0.0,18.0,0.0,0.5999999999999996,1,3,0.75,57.0,7,15,0,-4,0
2022,7,Monaco,ZHO,Alfa Romeo,11.333333333333334,12.2,10.0,39.0,5.0,142.0,0.19444444444444445,0.7692307692307693,18.0,15.2,1.0,18.0,101.0,0.22727272727272727,0.6666666666666666,0.0,15.333333333333334,14.6,14.666666666666666,0.6,3.5,3.25,0.16666666666666666,9.733333333333334,8.18,0.0,9.603333333333333,0.30333333333333334,0.0,-5.466666666666665,9.0,0.0,0.0,12.0,0.0,-3.1999999999999993,1,3,0.75,57.0,7,15,0,-4,0
2022,8,Baku,ALB,Williams,16.333333333333332,16.2,0.0,3.0,10.0,218.0,0.18421052631578946,0.7857142857142857,15.0,13.2,3.0,16.0,114.0,0.20833333333333334,0.7142857142857143,0.0,17.666666666666668,17.8,17.142857142857142,-4.6,-1.0,-1.2857142857142865,0.7142857142857143,9.876666666666667,7.96,0.0,9.383333333333333,0.2366666666666667,0.0,-3.3233333333333324,10.128855721393034,0.0,0.14705046197583513,10.421641791044776,0.22953091684434968,-6.071144278606965,1,18,0.45,57.0,8,14,0,-4,0
2022,8,Baku,ALO,Alpine,8.666666666666666,8.6,12.0,40.0,5.0,181.0,0.13157894736842105,0.8571428571428571,9.0,12.6,10.0,12.0,107.0,0.20833333333333334,0.7142857142857143,0.0,11.666666666666666,10.0,9.285714285714286,2.6,-1.4285714285714288,1.9285714285714288,0.14285714285714285,9.876666666666667,7.96,0.0,9.383333333333333,0.2366666666666667,0.0,-2.7233333333333327,10.128855721393034,0.0,0.14705046197583513,10.421641791044776,0.22953091684434968,1.5288557213930343,1,18,0.45,57.0,8,14,0,-4,0
2022,8,Baku,BOT,Alfa Romeo,14.666666666666666,14.0,2.0,39.0,6.0,182.0,0.18421052631578946,0.7857142857142857,7.333333333333333,7.0,38.0,8.0,79.0,0.125,0.8571428571428571,0.14285714285714285,8.0,8.8,8.285714285714286,-1.8,-3.571428571428571,-3.2857142857142847,0.8571428571428571,9.876666666666667,7.96,0.0,9.383333333333333,0.2366666666666667,0.0,2.876666666666667,10.128855721393034,0.0,0.14705046197583513,10.421641791044776,0.22953091684434968,-3.871144278606966,1,18,0.45,57.0,8,14,0,-4,0
2022,8,Baku,GAS,AlphaTauri,12.666666666666666,12.6,1.0,17.0,7.0,204.0,0.18421052631578946,0.7857142857142857,14.0,12.6,6.0,14.0,111.0,0.20833333333333334,0.7142857142857143,0.0,12.666666666666666,13.2,12.142857142857142,-0.6,-0.9285714285714288,0.2142857142857153,0.42857142857142855,9.876666666666667,7.96,0.0,9.383333333333333,0.2366666666666667,0.0,-2.7233333333333327,10.128855721393034,0.0,0.14705046197583513,10.421641791044776,0.22953091684434968,-2.4711442786069657,1,18,0.45,57.0,8,14,0,-4,0
2022,8,Baku,HAM,Mercedes,5.333333333333333,5.2,29.0,134.0,3.0,87.0,0.02631578947368421,1.0,6.333333333333333,7.2,50.0,6.0,67.0,0.041666666666666664,1.0,0.42857142857142855,6.666666666666667,7.6,8.428571428571429,-0.4,0.35714285714285765,1.4285714285714288,0.14285714285714285,9.876666666666667,7.96,0.0,9.383333333333333,0.2366666666666667,0.0,2.6766666666666667,10.128855721393034,0.0,0.14705046197583513,10.421641791044776,0.22953091684434968,4.928855721393034,1,18,0.45,57.0,8,14,0,-4,0
2022,8,Baku,LAT,Williams,15.0,15.8,0.0,3.0,10.0,218.0,0.175,0.8,15.0,15.4,0.0,19.0,117.0,0.125,0.8571428571428571,0.0,19.333333333333332,19.0,19.142857142857142,-3.6,1.0,1.2857142857142847,0.2857142857142857,9.876666666666667,7.96,0.0,9.383333333333333,0.2366666666666667,0.0,-5.523333333333333,12.0,0.0,0.0,17.0,0.0,-3.8000000000000007,1,18,0.45,57.0,8,14,0,-4,0
2022,8,Baku,LEC,Ferrari,3.3333333333333335,6.6,42.0,187.0,2.0,34.0,0.18421052631578946,0.7857142857142857,8.666666666666666,6.6,109.0,2.0,8.0,0.125,0.8571428571428571,0.7142857142857143,1.0,1.2,1.2857142857142858,5.4,-1.6428571428571426,-1.2857142857142856,0.7142857142857143,9.876666666666667,7.96,0.0,9.383333333333333,0.2366666666666667,0.0,3.2766666666666673,10.128855721393034,0.0,0.14705046197583513,10.421641791044776,0.22953091684434968,3.5288557213930343,1,18,0.45,57.0,8,14,0,-4,0
2022,8,Baku,MAG,Haas F1 Team,17.666666666666668,17.0,0.0,14.0,8.0,207.0,0.23684210526315788,0.7142857142857143,17.666666666666668,15.2,14.0,10.0,103.0,0.20833333333333334,0.7142857142857143,0.14285714285714285,12.333333333333334,11.6,10.714285714285714,3.6,-1.2857142857142865,-0.9880952380952372,0.3333333333333333,9.876666666666667,7.96,0.0,9.383333333333333,0.2366666666666667,0.0,-5.323333333333332,10.128855721393034,0.0,0.14705046197583513,10.421641791044776,0.22953091684434968,-6.871144278606966,1,18,0.45,57.0,8,14,0,-4,0
2022,8,Baku,MSC,Haas F1 Team,18.666666666666668,17.4,0.0,14.0,8.0,207.0,0.275,0.6666666666666666,16.0,15.6,0.0,19.0,117.0,0.20833333333333334,0.7142857142857143,0.0,13.333333333333334,13.4,13.285714285714286,2.2,1.2857142857142865,0.988095238095239,0.6666666666666666,9.876666666666667,7.96,0.0,9.383333333333333,0.2366666666666667,0.0,-5.723333333333333,17.0,0.0,0.0,16.0,1.0,-0.3999999999999986,1,18,0.45,57.0,8,14,0,-4,0
2022,8,Baku,NOR,McLaren,10.333333333333334,10.4,9.0,52.0,4.0,169.0,0.13157894736842105,0.8571428571428571,11.0,8.2,44.0,7.0,73.0,0.125,0.8571428571428571,0.2857142857142857,8.0,6.2,7.857142857142857,2.0,-1.7857142857142856,-2.1428571428571423,0.7142857142857143,9.876666666666667,7.96,0.0,9.383333333333333,0.2366666666666667,0.0,1.6766666666666676,10.128855721393034,0.0,0.14705046197583513,10.421641791044776,0.22953091684434968,-0.27114427860696644,1,18,0.45,57.0,8,14,0,-4,0
2022,8,Baku,OCO,Alpine,8.666666666666666,8.4,12.0,46.0,5.0,175.0,0.125,0.8666666666666667,9.0,9.6,30.0,9.0,87.0,0.041666666666666664,1.0,0.0,14.0,13.8,12.142857142857142,-4.2,1.428571428571427,-1.9285714285714288,0.8571428571428571,9.876666666666667,7.96,0.0,9.383333333333333,0.2366666666666667,0.0,0.2766666666666673,7.0,0.0,0.0,10.0,0.0,-1.4000000000000004,1,18,0.45,57.0,8,14,0,-4,0
2022,8,Baku,PER,Red Bull Racing,1.6666666666666667,1.6,65.0,221.0,1.0,0.0,0.18421052631578946,0.7857142857142857,2.3333333333333335,2.2,104.0,3.0,13.0,0.125,0.8571428571428571,0.8571428571428571,4.0,4.4,3.857142857142857,-2.2,0.6428571428571428,-0.7857142857142856,0.42857142857142855,9.876666666666667,7.96,0.0,9.383333333333333,0.2366666666666667,0.0,7.676666666666667,10.128855721393034,0.0,0.14705046197583513,10.421641791044776,0.22953091684434968,8.528855721393034,1,18,0.45,57.0,8,14,0,-4,0
2022,8,Baku,RIC,McLaren,9.333333333333334,9.6,11.0,54.0,4.0,167.0,0.125,0.8666666666666667,12.666666666666666,12.4,8.0,13.0,109.0,0.125,0.8571428571428571,0.0,12.333333333333334,10.0,11.428571428571429,2.4,1.7857142857142865,2.142857142857144,0.2857142857142857,9.876666666666667,7.96,0.0,9.383333333333333,0.2366666666666667,0.0,-2.5233333333333334,9.0,0.0,0.0,11.0,0.0,-0.5999999999999996,1,18,0.45,57.0,8,14,0,-4,0
2022,8,Baku,RUS,Mercedes,5.666666666666667,5.0,26.0,146.0,3.0,75.0,0.025,1.0,4.333333333333333,4.0,84.0,4.0,33.0,0.041666666666666664,1.0,1.0,7.333333333333333,7.8,7.714285714285714,-3.8,-0.35714285714285676,-1.428571428571428,0.8571428571428571,9.876666666666667,7.96,0.0,9.383333333333333,0.2366666666666667,0.0,5.876666666666667,4.0,0.0,0.0,7.0,0.0,-1.0,1,18,0.45,57.0,8,14,0,-4,0
2022,8,Baku,SAI,Ferrari,8.333333333333334,9.8,30.0,187.0,2.0,34.0,0.225,0.7333333333333333,3.0,9.8,78.0,5.0,39.0,0.20833333333333334,0.7142857142857143,0.7142857142857143,2.3333333333333335,5.2,4.571428571428571,4.6,1.6428571428571428,1.2857142857142856,0.2857142857142857,9.876666666666667,7.96,0.0,9.383333333333333,0.2366666666666667,0.0,0.07666666666666622,19.0,0.0,0.0,1.0,1.0,9.2,1,18,0.45,57.0,8,14,0,-4,0
2022,8,Baku,STR,Aston Martin,11.666666666666666,13.4,1.0,7.0,9.0,214.0,0.13157894736842105,0.8571428571428571,13.0,12.2,2.0,17.0,115.0,0.041666666666666664,1.0,0.0,15.333333333333334,16.2,16.428571428571427,-4.0,1.7142857142857135,-0.3571428571428559,0.42857142857142855,9.876666666666667,7.96,0.0,9.383333333333333,0.2366666666666667,0.0,-2.3233333333333324,10.128855721393034,0.0,0.14705046197583513,10.421641791044776,0.22953091684434968,-3.2711442786069664,1,18,0.45,57.0,8,14,0,-4,0
2022,8,Baku,TSU,AlphaTauri,11.0,11.2,10.0,27.0,7.0,194.0,0.175,0.8,13.0,12.2,11.0,11.0,106.0,0.125,0.8571428571428571,0.0,11.0,12.4,14.0,-0.2,0.9285714285714288,-0.21428571428571352,0.5714285714285714,9.876666666666667,7.96,0.0,9.383333333333333,0.2366666666666667,0.0,-2.3233333333333324,5.0,0.0,0.0,6.0,0.0,-6.199999999999999,1,18,0.45,57.0,8,14,0,-4,0
2022,8,Baku,VER,Red Bull Racing,2.0,1.8,59.0,240.0,1.0,-19.0,0.175,0.8,1.6666666666666667,4.8,117.0,1.0,0.0,0.20833333333333334,0.7142857142857143,0.7142857142857143,3.0,2.4,2.5714285714285716,2.4,-0.6428571428571428,0.7857142857142856,0.5714285714285714,9.876666666666667,7.96,0.0,9.383333333333333,0.2366666666666667,0.0,5.076666666666667,2.0,0.0,1.0,2.0,0.0,0.19999999999999996,1,18,0.45,57.0,8,14,0,-4,1
2022,8,Baku,VET,Aston Martin,13.333333333333334,13.2,1.0,7.0,9.0,214.0,0.175,0.8,12.666666666666666,13.0,5.0,15.0,112.0,0.25,0.6,0.0,12.666666666666666,13.0,13.0,0.0,-1.7142857142857135,0.35714285714285765,0.6,9.876666666666667,7.96,0.0,9.383333333333333,0.2366666666666667,0.0,-3.123333333333333,16.0,0.0,0.0,19.0,1.0,2.8000000000000007,1,18,0.45,57.0,8,14,0,-4,0
2022,8,Baku,ZHO,Alfa Romeo,12.0,12.2,2.0,39.0,6.0,182.0,0.175,0.8,18.333333333333332,16.2,1.0,18.0,116.0,0.20833333333333334,0.7142857142857143,0.0,17.333333333333332,16.0,15.428571428571429,0.2,3.571428571428571,3.2857142857142865,0.14285714285714285,9.876666666666667,7.96,0.0,9.383333333333333,0.2366666666666667,0.0,-6.323333333333332,11.0,0.0,0.0,15.0,0.0,-1.1999999999999993,1,18,0.45,57.0,8,14,0,-4,0
2022,9,Montréal,ALB,Williams,14.0,15.2,0.0,3.0,10.0,262.0,0.16666666666666666,0.8125,16.0,13.6,3.0,16.0,139.0,0.19230769230769232,0.75,0.0,17.333333333333332,18.0,17.125,-4.4,-0.9375,-1.3125,0.75,9.613333333333333,8.0,0.0,9.663333333333334,0.1733333333333333,0.0,-3.9866666666666664,10.432089552238807,0.0,0.149182658137882,10.19502487562189,0.2052594171997157,-4.767910447761192,1,18,0.45,57.0,9,13,0,-4,0
2022,9,Montréal,ALO,Alpine,9.666666666666666,8.6,7.0,47.0,5.0,218.0,0.11904761904761904,0.875,7.666666666666667,10.6,16.0,10.0,126.0,0.19230769230769232,0.75,0.0,11.333333333333334,10.0,9.375,0.6,-1.4375,1.5,0.25,9.613333333333333,8.0,0.0,9.663333333333334,0.1733333333333333,0.0,-0.9866666666666664,10.432089552238807,0.0,0.149182658137882,10.19502487562189,0.2052594171997157,1.8320895522388074,1,18,0.45,57.0,9,13,0,-4,0
2022,9,Montréal,BOT,Alfa Romeo,15.0,14.6,0.0,39.0,6.0,226.0,0.21428571428571427,0.75,8.666666666666666,7.6,38.0,8.0,104.0,0.11538461538461539,0.875,0.125,11.333333333333334,9.4,9.125,-1.8,-3.0625,-3.3125,0.875,9.613333333333333,8.0,0.0,9.663333333333334,0.1733333333333333,0.0,2.0133333333333336,10.432089552238807,0.0,0.149182658137882,10.19502487562189,0.2052594171997157,-4.167910447761193,1,18,0.45,57.0,9,13,0,-4,0
2022,9,Montréal,GAS,AlphaTauri,11.666666666666666,11.2,10.0,27.0,7.0,238.0,0.16666666666666666,0.8125,9.666666666666666,11.8,16.0,10.0,126.0,0.19230769230769232,0.75,0.125,12.333333333333334,12.2,11.375,-0.4,-0.9375,-0.3125,0.5,9.613333333333333,8.0,0.0,9.663333333333334,0.1733333333333333,0.0,-2.1866666666666674,10.432089552238807,0.0,0.149182658137882,10.19502487562189,0.2052594171997157,-0.7679104477611922,1,18,0.45,57.0,9,13,0,-4,0
2022,9,Montréal,HAM,Mercedes,4.0,4.6,37.0,161.0,3.0,104.0,0.023809523809523808,1.0,5.666666666666667,7.2,62.0,6.0,80.0,0.038461538461538464,1.0,0.5,7.0,8.0,8.25,-0.8,0.4375,1.3125,0.125,9.613333333333333,8.0,0.0,9.663333333333334,0.1733333333333333,0.0,2.413333333333333,10.432089552238807,0.0,0.149182658137882,10.19502487562189,0.2052594171997157,5.832089552238807,1,18,0.45,57.0,9,13,0,-4,0
2022,9,Montréal,LAT,Williams,13.333333333333334,14.6,0.0,3.0,10.0,262.0,0.1590909090909091,0.8235294117647058,15.333333333333334,15.2,0.0,19.0,142.0,0.11538461538461539,0.875,0.0,19.0,18.8,19.0,-3.6,0.9375,1.3125,0.25,9.613333333333333,8.0,0.0,9.663333333333334,0.1733333333333333,0.0,-5.586666666666666,13.0,0.0,0.0,12.0,0.0,-1.5999999999999996,1,18,0.45,57.0,9,13,0,-4,0
2022,9,Montréal,LEC,Ferrari,13.666666666666666,9.8,18.0,187.0,2.0,78.0,0.2619047619047619,0.6875,14.333333333333334,10.2,109.0,3.0,33.0,0.19230769230769232,0.75,0.625,1.0,1.2,1.25,9.0,-1.625,-1.1875,0.75,9.613333333333333,8.0,0.0,9.663333333333334,0.1733333333333333,0.0,-0.586666666666666,10.432089552238807,0.0,0.149182658137882,10.19502487562189,0.2052594171997157,0.6320895522388064,1,18,0.45,57.0,9,13,0,-4,0
2022,9,Montréal,MAG,Haas F1 Team,16.666666666666668,16.8,0.0,14.0,9.0,251.0,0.2619047619047619,0.6875,18.0,15.8,14.0,12.0,128.0,0.2692307692307692,0.625,0.125,12.333333333333334,11.4,11.375,4.4,-1.375,-0.6696428571428577,0.2857142857142857,9.613333333333333,8.0,0.0,9.663333333333334,0.1733333333333333,0.0,-6.186666666666667,10.432089552238807,0.0,0.149182658137882,10.19502487562189,0.2052594171997157,-6.367910447761194,1,18,0.45,57.0,9,13,0,-4,0
2022,9,Montréal,MSC,Haas F1 Team,16.0,17.4,0.0,14.0,9.0,251.0,0.25,0.7058823529411765,15.666666666666666,15.8,0.0,19.0,142.0,0.19230769230769232,0.75,0.0,15.0,14.4,14.125,1.4,1.375,0.6696428571428559,0.7142857142857143,9.613333333333333,8.0,0.0,9.663333333333334,0.1733333333333333,0.0,-6.186666666666667,17.0,0.0,0.0,5.0,0.0,-0.3999999999999986,1,18,0.45,57.0,9,13,0,-4,0
2022,9,Montréal,NOR,McLaren,10.0,9.6,6.0,58.0,4.0,207.0,0.11904761904761904,0.875,7.666666666666667,9.0,46.0,7.0,96.0,0.11538461538461539,0.875,0.25,9.0,7.6,8.25,1.4,-1.625,-1.8125,0.625,9.613333333333333,8.0,0.0,9.663333333333334,0.1733333333333333,0.0,0.6133333333333333,10.432089552238807,0.0,0.149182658137882,10.19502487562189,0.2052594171997157,0.8320895522388074,1,18,0.45,57.0,9,13,0,-4,0
2022,9,Montréal,OCO,Alpine,8.666666666666666,9.0,9.0,49.0,5.0,216.0,0.11363636363636363,0.8823529411764706,9.666666666666666,10.2,31.0,9.0,111.0,0.038461538461538464,1.0,0.0,11.666666666666666,14.8,12.25,-4.6,1.4375,-1.5,0.75,9.613333333333333,8.0,0.0,9.663333333333334,0.1733333333333333,0.0,-0.586666666666666,9.0,0.0,0.0,2.0,0.0,0.0,1,18,0.45,57.0,9,13,0,-4,0
2022,9,Montréal,PER,Red Bull Racing,2.0,1.6,59.0,265.0,1.0,0.0,0.16666666666666666,0.8125,1.6666666666666667,2.2,123.0,2.0,19.0,0.11538461538461539,0.875,0.875,3.3333333333333335,4.2,3.625,-2.0,0.5,-0.625,0.375,9.613333333333333,8.0,0.0,9.663333333333334,0.1733333333333333,0.0,7.413333333333333,10.432089552238807,0.0,0.149182658137882,10.19502487562189,0.2052594171997157,8.832089552238807,1,18,0.45,57.0,9,13,0,-4,0
2022,9,Montréal,RIC,McLaren,10.666666666666666,10.2,6.0,58.0,4.0,207.0,0.11363636363636363,0.8823529411764706,11.0,12.8,12.0,14.0,130.0,0.11538461538461539,0.875,0.0,11.666666666666666,11.0,11.5,1.8,1.625,1.8125,0.375,9.613333333333333,8.0,0.0,9.663333333333334,0.1733333333333333,0.0,-3.1866666666666674,15.0,0.0,0.0,14.0,0.0,4.800000000000001,1,18,0.45,57.0,9,13,0,-4,0
2022,9,Montréal,RUS,Mercedes,3.3333333333333335,4.6,42.0,176.0,3.0,89.0,0.022727272727272728,1.0,3.6666666666666665,4.0,99.0,4.0,43.0,0.038461538461538464,1.0,1.0,5.0,7.6,7.375,-3.6,-0.4375,-1.3125,0.875,9.613333333333333,8.0,0.0,9.663333333333334,0.1733333333333333,0.0,5.613333333333333,3.0,0.0,1.0,4.0,0.0,-1.5999999999999996,1,18,0.45,57.0,9,13,0,-4,0
2022,9,Montréal,SAI,Ferrari,14.666666666666666,10.0,10.0,197.0,2.0,68.0,0.25,0.7058823529411765,8.666666666666666,9.8,78.0,5.0,64.0,0.2692307692307692,0.625,0.625,3.0,4.2,4.5,5.6,1.625,1.1875,0.25,9.613333333333333,8.0,0.0,9.663333333333334,0.1733333333333333,0.0,-0.18666666666666742,5.0,0.0,0.0,15.0,0.0,-5.0,1,18,0.45,57.0,9,13,0,-4,0
2022,9,Montréal,STR,Aston Martin,10.666666666666666,11.4,9.0,15.0,8.0,250.0,0.16666666666666666,0.8125,15.0,13.0,2.0,17.0,140.0,0.11538461538461539,0.875,0.0,18.333333333333332,16.0,16.75,-3.0,2.208333333333332,0.45833333333333215,0.375,9.613333333333333,8.0,0.0,9.663333333333334,0.1733333333333333,0.0,-3.3866666666666667,10.432089552238807,0.0,0.149182658137882,10.19502487562189,0.2052594171997157,-0.9679104477611933,1,18,0.45,57.0,9,13,0,-4,0
2022,9,Montréal,TSU,AlphaTauri,10.666666666666666,12.0,10.0,27.0,7.0,238.0,0.1590909090909091,0.8235294117647058,13.333333333333334,11.8,11.0,15.0,131.0,0.11538461538461539,0.875,0.0,10.666666666666666,11.4,13.25,0.4,0.9375,0.3125,0.5,9.613333333333333,8.0,0.0,9.663333333333334,0.1733333333333333,0.0,-2.1866666666666674,14.0,0.0,0.0,16.0,0.0,2.0,1,18,0.45,57.0,9,13,0,-4,0
2022,9,Montréal,VER,Red Bull Racing,7.666666666666667,5.4,44.0,265.0,1.0,0.0,0.20454545454545456,0.7647058823529411,1.6666666666666667,1.4,142.0,1.0,0.0,0.19230769230769232,0.75,0.75,3.0,2.6,2.625,-1.2,-0.5,0.625,0.625,9.613333333333333,8.0,0.0,9.663333333333334,0.1733333333333333,0.0,8.213333333333333,20.0,0.0,0.0,13.0,1.0,14.6,1,18,0.45,57.0,9,13,0,-4,1
2022,9,Montréal,VET,Aston Martin,10.666666666666666,11.2,9.0,16.0,8.0,249.0,0.1590909090909091,0.8235294117647058,9.0,10.4,13.0,13.0,129.0,0.22727272727272727,0.6666666666666666,0.0,11.333333333333334,11.2,12.333333333333334,-0.8,-2.208333333333334,-0.4583333333333339,0.6666666666666666,9.613333333333333,8.0,0.0,9.663333333333334,0.1733333333333333,0.0,-0.7866666666666671,10.0,0.0,0.0,18.0,0.0,-1.1999999999999993,1,18,0.45,57.0,9,13,0,-4,0
2022,9,Montréal,ZHO,Alfa Romeo,12.0,12.2,6.0,45.0,6.0,220.0,0.20454545454545456,0.7647058823529411,17.666666666666668,17.6,1.0,18.0,141.0,0.2692307692307692,0.625,0.0,16.333333333333332,16.0,15.25,1.6,3.0625,3.3125,0.125,9.613333333333333,8.0,0.0,9.663333333333334,0.1733333333333333,0.0,-7.986666666666668,7.0,0.0,0.0,11.0,0.0,-5.199999999999999,1,18,0.45,57.0,9,13,0,-4,0
2022,10,Silverstone,ALB,Williams,14.666666666666666,14.2,0.0,3.0,10.0,287.0,0.15217391304347827,0.8333333333333334,14.333333333333334,14.0,3.0,17.0,164.0,0.17857142857142858,0.7777777777777778,0.0,15.0,16.4,16.555555555555557,-2.4,-1.2222222222222214,-1.333333333333334,0.7777777777777778,10.093333333333334,8.36,0.0,9.19,0.27666666666666667,0.0,-3.9066666666666663,10.180099502487563,0.0,0.16709310589907603,10.23681592039801,0.30547263681592035,-4.019900497512436,0,18,0.45,57.0,10,12,0,-4,0
2022,10,Silverstone,ALO,Alpine,8.333333333333334,8.8,11.0,57.0,5.0,233.0,0.10869565217391304,0.8888888888888888,7.666666666666667,8.6,18.0,10.0,149.0,0.17857142857142858,0.7777777777777778,0.0,6.333333333333333,9.4,8.555555555555555,-0.8,-1.5555555555555554,1.5,0.2222222222222222,10.093333333333334,8.36,0.0,9.19,0.27666666666666667,0.0,1.493333333333334,10.180099502487563,0.0,0.16709310589907603,10.23681592039801,0.30547263681592035,1.3800995024875622,0,18,0.45,57.0,10,12,0,-4,0
2022,10,Silverstone,BOT,Alfa Romeo,11.0,12.0,10.0,49.0,6.0,241.0,0.1956521739130435,0.7777777777777778,9.0,8.0,44.0,8.0,123.0,0.10714285714285714,0.8888888888888888,0.1111111111111111,12.666666666666666,10.0,9.333333333333334,-2.0,-2.666666666666666,-3.0,0.8888888888888888,10.093333333333334,8.36,0.0,9.19,0.27666666666666667,0.0,2.0933333333333337,10.180099502487563,0.0,0.16709310589907603,10.23681592039801,0.30547263681592035,-1.819900497512437,0,18,0.45,57.0,10,12,0,-4,0
2022,10,Silverstone,GAS,AlphaTauri,15.0,13.4,0.0,27.0,7.0,263.0,0.1956521739130435,0.7777777777777778,10.0,12.2,16.0,11.0,151.0,0.17857142857142858,0.7777777777777778,0.1111111111111111,13.0,12.0,11.88888888888889,0.2,-1.0555555555555554,-0.5,0.5555555555555556,10.093333333333334,8.36,0.0,9.19,0.27666666666666667,0.0,-2.1066666666666656,10.180099502487563,0.0,0.16709310589907603,10.23681592039801,0.30547263681592035,-3.2199004975124375,0,18,0.45,57.0,10,12,0,-4,0
2022,10,Silverstone,HAM,Mercedes,3.3333333333333335,3.8,42.0,188.0,3.0,102.0,0.021739130434782608,1.0,5.0,5.2,77.0,6.0,90.0,0.03571428571428571,1.0,0.5555555555555556,6.333333333333333,6.2,7.777777777777778,-1.0,0.16666666666666696,1.1111111111111116,0.2222222222222222,10.093333333333334,8.36,0.0,9.19,0.27666666666666667,0.0,4.8933333333333335,10.180099502487563,0.0,0.16709310589907603,10.23681592039801,0.30547263681592035,6.380099502487563,0,18,0.45,57.0,10,12,0,-4,0
2022,10,Silverstone,LAT,Williams,16.333333333333332,15.2,0.0,3.0,10.0,287.0,0.1875,0.7894736842105263,15.333333333333334,15.2,0.0,19.0,167.0,0.10714285714285714,0.8888888888888888,0.0,18.666666666666668,19.0,19.0,-3.8,1.2222222222222214,1.333333333333334,0.2222222222222222,10.093333333333334,8.36,0.0,9.19,0.27666666666666667,0.0,-5.106666666666666,20.0,0.0,0.0,16.0,1.0,4.800000000000001,0,18,0.45,57.0,10,12,0,-4,0
2022,10,Silverstone,LEC,Ferrari,9.0,9.6,29.0,216.0,2.0,74.0,0.2391304347826087,0.7222222222222222,9.333333333333334,10.0,119.0,3.0,48.0,0.17857142857142858,0.7777777777777778,0.6666666666666666,5.666666666666667,3.8,2.7777777777777777,6.2,-0.7777777777777777,-0.8888888888888884,0.6666666666666666,10.093333333333334,8.36,0.0,9.19,0.27666666666666667,0.0,0.09333333333333371,10.180099502487563,0.0,0.16709310589907603,10.23681592039801,0.30547263681592035,0.5800995024875633,0,18,0.45,57.0,10,12,0,-4,0
2022,10,Silverstone,MAG,Haas F1 Team,16.666666666666668,17.2,0.0,14.0,9.0,276.0,0.2826086956521739,0.6666666666666666,18.0,17.4,14.0,12.0,153.0,0.25,0.6666666666666666,0.1111111111111111,11.333333333333334,11.6,10.666666666666666,5.8,-1.2777777777777768,-0.7361111111111107,0.375,10.093333333333334,8.36,0.0,9.19,0.27666666666666667,0.0,-7.306666666666665,10.180099502487563,0.0,0.16709310589907603,10.23681592039801,0.30547263681592035,-7.019900497512436,0,18,0.45,57.0,10,12,0,-4,0
2022,10,Silverstone,MSC,Haas F1 Team,15.333333333333334,15.4,1.0,15.0,9.0,275.0,0.2708333333333333,0.6842105263157895,17.333333333333332,16.2,0.0,19.0,167.0,0.25,0.6666666666666666,0.0,13.666666666666666,13.2,13.222222222222221,3.0,1.2777777777777786,0.7361111111111107,0.625,10.093333333333334,8.36,0.0,9.19,0.27666666666666667,0.0,-6.106666666666666,10.0,0.0,0.0,17.0,0.0,-5.4,0,18,0.45,57.0,10,12,0,-4,0
2022,10,Silverstone,NOR,McLaren,11.333333333333334,11.2,4.0,58.0,4.0,232.0,0.10869565217391304,0.8888888888888888,10.0,11.4,46.0,7.0,121.0,0.10714285714285714,0.8888888888888888,0.2222222222222222,10.0,9.8,8.88888888888889,1.6,-1.166666666666666,-1.3888888888888893,0.5555555555555556,10.093333333333334,8.36,0.0,9.19,0.27666666666666667,0.0,-1.3066666666666666,10.180099502487563,0.0,0.16709310589907603,10.23681592039801,0.30547263681592035,-1.0199004975124364,0,18,0.45,57.0,10,12,0,-4,0
2022,10,Silverstone,OCO,Alpine,6.666666666666667,7.4,20.0,67.0,5.0,223.0,0.10416666666666667,0.8947368421052632,9.333333333333334,8.6,39.0,9.0,128.0,0.03571428571428571,1.0,0.0,10.0,12.4,11.666666666666666,-3.8,1.5555555555555554,-1.5,0.7777777777777778,10.093333333333334,8.36,0.0,9.19,0.27666666666666667,0.0,1.493333333333334,5.0,0.0,0.0,7.0,0.0,-2.4000000000000004,0,18,0.45,57.0,10,12,0,-4,0
2022,10,Silverstone,PER,Red Bull Racing,7.333333333333333,5.4,50.0,290.0,1.0,0.0,0.1956521739130435,0.7777777777777778,7.666666666666667,5.8,123.0,2.0,44.0,0.17857142857142858,0.7777777777777778,0.7777777777777778,6.0,5.4,4.666666666666667,0.4,1.1111111111111112,0.5,0.3333333333333333,10.093333333333334,8.36,0.0,9.19,0.27666666666666667,0.0,4.293333333333334,10.180099502487563,0.0,0.16709310589907603,10.23681592039801,0.30547263681592035,4.7800995024875625,0,18,0.45,57.0,10,12,0,-4,0
2022,10,Silverstone,RIC,McLaren,10.666666666666666,9.8,8.0,66.0,4.0,224.0,0.10416666666666667,0.8947368421052632,10.666666666666666,11.4,12.0,14.0,155.0,0.10714285714285714,0.8888888888888888,0.0,11.666666666666666,11.6,11.222222222222221,-0.2,1.166666666666666,1.3888888888888893,0.4444444444444444,10.093333333333334,8.36,0.0,9.19,0.27666666666666667,0.0,-1.3066666666666666,6.0,0.0,0.0,6.0,0.0,-3.8000000000000007,0,18,0.45,57.0,10,12,0,-4,0
2022,10,Silverstone,RUS,Mercedes,3.3333333333333335,3.4,43.0,204.0,3.0,86.0,0.020833333333333332,1.0,4.0,4.0,111.0,4.0,56.0,0.03571428571428571,1.0,1.0,6.333333333333333,7.0,7.444444444444445,-3.0,-0.16666666666666607,-1.1111111111111107,0.7777777777777778,10.093333333333334,8.36,0.0,9.19,0.27666666666666667,0.0,6.093333333333334,3.0,0.0,1.0,5.0,0.0,-0.3999999999999999,0,18,0.45,57.0,10,12,0,-4,0
2022,10,Silverstone,SAI,Ferrari,3.6666666666666665,10.0,41.0,228.0,2.0,62.0,0.22916666666666666,0.7368421052631579,8.0,6.2,97.0,5.0,70.0,0.25,0.6666666666666666,0.6666666666666666,3.0,2.8,4.333333333333333,3.4,0.7777777777777777,0.8888888888888893,0.3333333333333333,10.093333333333334,8.36,0.0,9.19,0.27666666666666667,0.0,3.8933333333333335,4.0,0.0,0.0,3.0,0.0,-6.0,0,18,0.45,57.0,10,12,0,-4,1
2022,10,Silverstone,STR,Aston Martin,9.333333333333334,10.8,9.0,16.0,8.0,274.0,0.15217391304347827,0.8333333333333334,13.333333333333334,13.0,3.0,17.0,164.0,0.10714285714285714,0.8888888888888888,0.0,18.333333333333332,16.6,16.88888888888889,-3.6,1.9444444444444446,0.2936507936507926,0.4444444444444444,10.093333333333334,8.36,0.0,9.19,0.27666666666666667,0.0,-2.9066666666666663,10.180099502487563,0.0,0.16709310589907603,10.23681592039801,0.30547263681592035,-0.6199004975124378,0,18,0.45,57.0,10,12,0,-4,0
2022,10,Silverstone,TSU,AlphaTauri,16.0,13.2,0.0,27.0,7.0,263.0,0.22916666666666666,0.7368421052631579,16.0,14.0,11.0,15.0,156.0,0.17857142857142858,0.7777777777777778,0.0,13.0,12.2,14.0,1.8,1.0555555555555554,0.5,0.4444444444444444,10.093333333333334,8.36,0.0,9.19,0.27666666666666667,0.0,-3.9066666666666663,16.0,0.0,0.0,11.0,1.0,2.8000000000000007,0,18,0.45,57.0,10,12,0,-4,0
2022,10,Silverstone,VER,Red Bull Racing,7.666666666666667,5.2,43.0,308.0,1.0,-18.0,0.1875,0.7894736842105263,1.6666666666666667,1.4,167.0,1.0,0.0,0.17857142857142858,0.7777777777777778,0.7777777777777778,2.6666666666666665,2.6,2.4444444444444446,-1.2,-1.1111111111111112,-0.5,0.6666666666666666,10.093333333333334,8.36,0.0,9.19,0.27666666666666667,0.0,8.693333333333333,2.0,0.0,1.0,4.0,0.0,-3.2,0,18,0.45,57.0,10,12,0,-4,0
2022,10,Silverstone,VET,Aston Martin,11.0,11.0,1.0,16.0,8.0,274.0,0.14583333333333334,0.8421052631578947,9.333333333333334,11.2,13.0,13.0,154.0,0.20833333333333334,0.7142857142857143,0.0,11.666666666666666,12.8,13.0,-1.6,-1.9444444444444446,-0.2936507936507944,0.5714285714285714,10.093333333333334,8.36,0.0,9.19,0.27666666666666667,0.0,-1.1066666666666656,11.0,0.0,0.0,20.0,0.0,0.0,0,18,0.45,57.0,10,12,0,-4,0
2022,10,Silverstone,ZHO,Alfa Romeo,10.666666666666666,12.2,10.0,49.0,6.0,241.0,0.22916666666666666,0.7368421052631579,14.0,16.2,5.0,16.0,162.0,0.25,0.6666666666666666,0.0,14.666666666666666,15.2,14.666666666666666,1.0,2.666666666666666,3.0,0.1111111111111111,10.093333333333334,8.36,0.0,9.19,0.27666666666666667,0.0,-6.106666666666666,17.0,0.0,0.0,12.0,1.0,4.800000000000001,0,18,0.45,57.0,10,12,0,-4,0
2022,11,Spielberg,ALB,Williams,16.0,15.2,0.0,3.0,10.0,311.0,0.18,0.8,15.0,16.2,3.0,18.0,170.0,0.23333333333333334,0.7,0.0,15.0,16.0,16.5,0.2,-0.8000000000000007,-0.8000000000000007,0.7,9.996666666666666,8.02,0.0,9.36,0.24333333333333332,0.0,-6.203333333333333,10.177363184079601,0.0,0.1611229566453447,10.191293532338307,0.26240227434257285,-5.022636815920398,0,18,0.45,57.0,11,11,0,-4,0
2022,11,Spielberg,ALO,Alpine,8.666666666666666,9.0,18.0,67.0,4.0,247.0,0.14,0.85,7.0,7.4,28.0,10.0,145.0,0.16666666666666666,0.8,0.1,6.333333333333333,8.6,8.4,-1.2,-1.799999999999999,0.8499999999999996,0.3,9.996666666666666,8.02,0.0,9.36,0.24333333333333332,0.0,2.596666666666666,10.177363184079601,0.0,0.1611229566453447,10.191293532338307,0.26240227434257285,1.177363184079601,0,18,0.45,57.0,11,11,0,-4,0
2022,11,Spielberg,BOT,Alfa Romeo,14.666666666666666,13.8,4.0,49.0,6.0,265.0,0.26,0.7,11.666666666666666,10.0,44.0,8.0,129.0,0.16666666666666666,0.8,0.1,12.666666666666666,11.4,9.6,-1.4,-2.25,-2.799999999999999,0.9,9.996666666666666,8.02,0.0,9.36,0.24333333333333332,0.0,-0.0033333333333338544,10.177363184079601,0.0,0.1611229566453447,10.191293532338307,0.26240227434257285,-3.6226368159203997,0,18,0.45,57.0,11,11,0,-4,0
2022,11,Spielberg,GAS,AlphaTauri,16.0,15.0,0.0,27.0,7.0,287.0,0.22,0.75,11.666666666666666,11.8,16.0,11.0,157.0,0.23333333333333334,0.7,0.1,11.0,12.8,11.8,-1.0,-1.0500000000000007,-0.34999999999999964,0.5,9.996666666666666,8.02,0.0,9.36,0.24333333333333332,0.0,-1.8033333333333346,10.177363184079601,0.0,0.1611229566453447,10.191293532338307,0.26240227434257285,-4.822636815920399,0,18,0.45,57.0,11,11,0,-4,0
2022,11,Spielberg,HAM,Mercedes,8.333333333333334,6.2,28.0,204.0,3.0,110.0,0.06,0.95,3.3333333333333335,4.6,93.0,6.0,80.0,0.03333333333333333,1.0,0.6,5.333333333333333,6.0,7.5,-1.4,0.0,0.25,0.3,9.996666666666666,8.02,0.0,9.36,0.24333333333333332,0.0,5.3966666666666665,10.177363184079601,0.0,0.1611229566453447,10.191293532338307,0.26240227434257285,3.977363184079601,0,18,0.45,57.0,11,11,0,-4,0
2022,11,Spielberg,LAT,Williams,14.666666666666666,14.6,0.0,3.0,10.0,311.0,0.17307692307692307,0.8095238095238095,14.333333333333334,14.8,0.0,20.0,173.0,0.1,0.9,0.0,15.666666666666666,17.2,18.1,-2.4,0.8000000000000007,0.7999999999999989,0.3,9.996666666666666,8.02,0.0,9.36,0.24333333333333332,0.0,-4.803333333333335,12.0,0.0,0.0,11.0,0.0,-2.5999999999999996,0,18,0.45,57.0,11,11,0,-4,0
2022,11,Spielberg,LEC,Ferrari,2.3333333333333335,6.4,56.0,253.0,2.0,61.0,0.22,0.75,9.333333333333334,10.4,131.0,3.0,42.0,0.16666666666666666,0.8,0.7,6.333333333333333,4.2,2.8,6.2,-0.6000000000000001,-0.6500000000000004,0.6,9.996666666666666,8.02,0.0,9.36,0.24333333333333332,0.0,-0.4033333333333342,10.177363184079601,0.0,0.1611229566453447,10.191293532338307,0.26240227434257285,3.7773631840796007,0,18,0.45,57.0,11,11,0,-4,1
2022,11,Spielberg,MAG,Haas F1 Team,12.333333333333334,13.6,5.0,19.0,8.0,295.0,0.26,0.7,14.666666666666666,16.2,15.0,12.0,158.0,0.23333333333333334,0.7,0.1,12.666666666666666,11.8,11.3,4.4,-1.25,-0.5222222222222221,0.3333333333333333,9.996666666666666,8.02,0.0,9.36,0.24333333333333332,0.0,-6.203333333333333,10.177363184079601,0.0,0.1611229566453447,10.191293532338307,0.26240227434257285,-3.4226368159203986,0,18,0.45,57.0,11,11,0,-4,0
2022,11,Spielberg,MSC,Haas F1 Team,8.666666666666666,12.4,9.0,23.0,8.0,291.0,0.25,0.7142857142857143,13.666666666666666,14.8,4.0,17.0,169.0,0.23333333333333334,0.7,0.0,15.0,14.0,13.8,0.8,1.25,0.5222222222222221,0.6666666666666666,9.996666666666666,8.02,0.0,9.36,0.24333333333333332,0.0,-4.803333333333335,8.0,0.0,0.0,6.0,0.0,-4.4,0,18,0.45,57.0,11,11,0,-4,0
2022,11,Spielberg,NOR,McLaren,10.0,10.6,8.0,66.0,5.0,248.0,0.1,0.9,10.0,8.8,54.0,7.0,119.0,0.1,0.9,0.2,10.333333333333334,9.4,8.6,-0.6,-1.450000000000001,-1.5999999999999996,0.6,9.996666666666666,8.02,0.0,9.36,0.24333333333333332,0.0,1.1966666666666654,10.177363184079601,0.0,0.1611229566453447,10.191293532338307,0.26240227434257285,-0.4226368159203986,0,18,0.45,57.0,11,11,0,-4,0
2022,11,Spielberg,OCO,Alpine,10.0,9.0,11.0,68.0,4.0,246.0,0.1346153846153846,0.8571428571428571,10.333333333333334,10.0,39.0,9.0,134.0,0.1,0.9,0.0,11.666666666666666,11.4,12.0,-1.4,1.8000000000000007,-0.8500000000000014,0.7,9.996666666666666,8.02,0.0,9.36,0.24333333333333332,0.0,-0.0033333333333338544,10.0,0.0,0.0,8.0,0.0,1.0,0,18,0.45,57.0,11,11,0,-4,0
2022,11,Spielberg,PER,Red Bull Racing,3.3333333333333335,6.2,49.0,314.0,1.0,0.0,0.18,0.8,8.0,5.4,141.0,2.0,32.0,0.16666666666666666,0.8,0.8,6.333333333333333,5.4,4.6,0.0,1.0999999999999996,0.20000000000000018,0.4,9.996666666666666,8.02,0.0,9.36,0.24333333333333332,0.0,4.596666666666666,10.177363184079601,0.0,0.1611229566453447,10.191293532338307,0.26240227434257285,3.977363184079601,0,18,0.45,57.0,11,11,0,-4,0
2022,11,Spielberg,RIC,McLaren,8.666666666666666,10.4,14.0,72.0,5.0,242.0,0.09615384615384616,0.9047619047619048,10.666666666666666,11.4,12.0,14.0,161.0,0.1,0.9,0.0,11.666666666666666,11.6,11.5,-0.2,1.4499999999999993,1.5999999999999996,0.4,9.996666666666666,8.02,0.0,9.36,0.24333333333333332,0.0,-1.4033333333333342,7.0,0.0,0.0,15.0,0.0,-3.4000000000000004,0,18,0.45,57.0,11,11,0,-4,0
2022,11,Spielberg,RUS,Mercedes,8.0,6.2,31.0,219.0,3.0,95.0,0.057692307692307696,0.9523809523809523,8.333333333333334,6.6,111.0,5.0,62.0,0.1,0.9,0.9,7.0,6.2,7.5,0.4,0.0,-0.25,0.7,9.996666666666666,8.02,0.0,9.36,0.24333333333333332,0.0,3.3966666666666665,3.0,0.0,1.0,9.0,0.0,-3.2,0,18,0.45,57.0,11,11,0,-4,0
2022,11,Spielberg,SAI,Ferrari,2.0,2.6,62.0,278.0,2.0,36.0,0.21153846153846154,0.7619047619047619,7.666666666666667,5.8,122.0,4.0,51.0,0.23333333333333334,0.7,0.7,2.6666666666666665,2.6,4.0,3.2,0.6000000000000001,0.6499999999999995,0.4,9.996666666666666,8.02,0.0,9.36,0.24333333333333332,0.0,4.196666666666666,1.0,1.0,1.0,2.0,0.0,-1.6,0,18,0.45,57.0,11,11,0,-4,0
2022,11,Spielberg,STR,Aston Martin,10.666666666666666,9.6,2.0,18.0,9.0,296.0,0.14,0.85,12.333333333333334,13.2,3.0,18.0,170.0,0.1,0.9,0.0,19.0,18.6,17.2,-5.4,1.7874999999999996,0.40000000000000036,0.4,9.996666666666666,8.02,0.0,9.36,0.24333333333333332,0.0,-3.203333333333333,10.177363184079601,0.0,0.1611229566453447,10.191293532338307,0.26240227434257285,0.5773631840796014,0,18,0.45,57.0,11,11,0,-4,0
2022,11,Spielberg,TSU,AlphaTauri,15.0,15.4,0.0,27.0,7.0,287.0,0.21153846153846154,0.7619047619047619,15.0,14.4,11.0,15.0,162.0,0.16666666666666666,0.8,0.0,13.666666666666666,13.0,13.9,1.4,1.049999999999999,0.3500000000000014,0.5,9.996666666666666,8.02,0.0,9.36,0.24333333333333332,0.0,-4.403333333333334,15.0,0.0,0.0,10.0,0.0,-0.40000000000000036,0,18,0.45,57.0,11,11,0,-4,0
2022,11,Spielberg,VER,Red Bull Racing,9.666666666666666,10.0,24.0,314.0,1.0,0.0,0.21153846153846154,0.7619047619047619,3.0,2.6,173.0,1.0,0.0,0.16666666666666666,0.8,0.7,2.0,2.4,2.4,0.2,-1.1,-0.20000000000000018,0.6,9.996666666666666,8.02,0.0,9.36,0.24333333333333332,0.0,7.3966666666666665,20.0,0.0,0.0,13.0,1.0,10.0,0,18,0.45,57.0,11,11,0,-4,0
2022,11,Spielberg,VET,Aston Martin,11.0,11.0,2.0,18.0,9.0,296.0,0.1346153846153846,0.8571428571428571,9.0,9.6,15.0,12.0,158.0,0.19230769230769232,0.75,0.0,14.666666666666666,13.8,13.625,-4.2,-1.7874999999999996,-0.40000000000000036,0.625,9.996666666666666,8.02,0.0,9.36,0.24333333333333332,0.0,0.3966666666666665,13.0,0.0,0.0,17.0,0.0,2.0,0,18,0.45,57.0,11,11,0,-4,0
2022,11,Spielberg,ZHO,Alfa Romeo,15.666666666666666,12.4,0.0,49.0,6.0,265.0,0.25,0.7142857142857143,15.0,16.0,5.0,16.0,168.0,0.3,0.6,0.0,11.0,13.6,14.1,2.4,2.25,2.8000000000000007,0.1,9.996666666666666,8.02,0.0,9.36,0.24333333333333332,0.0,-6.003333333333334,11.0,0.0,0.0,12.0,0.0,-1.4000000000000004,0,18,0.45,57.0,11,11,0,-4,0
2022,12,Le Castellet,ALB,Williams,14.333333333333334,15.8,0.0,3.0,10.0,330.0,0.2037037037037037,0.7727272727272727,15.0,15.0,3.0,18.0,189.0,0.21875,0.7272727272727273,0.0,13.0,14.4,16.0,0.6,-1.0909090909090935,-1.045454545454545,0.7272727272727273,9.85266572140117,8.300307809800874,0.0,9.610801835056987,0.22685421938699052,0.0,-5.14733427859883,10.5,0.0,0.1,9.1,0.2,-5.300000000000001,0,18,0.45,57.0,12,10,0,-4,0
2022,12,Le Castellet,ALO,Alpine,10.0,8.2,11.0,78.0,4.0,255.0,0.12962962962962962,0.8636363636363636,8.0,7.6,29.0,10.0,163.0,0.15625,0.8181818181818182,0.09090909090909091,5.666666666666667,6.8,8.363636363636363,0.8,-1.5,1.0,0.2727272727272727,9.85266572140117,8.300307809800874,0.0,9.610801835056987,0.22685421938699052,0.0,2.2526657214011703,10.5,0.0,0.1,9.1,0.2,2.3000000000000007,0,18,0.45,57.0,12,10,0,-4,0
2022,12,Le Castellet,BOT,Alfa Romeo,14.666666666666666,13.8,0.0,49.0,6.0,284.0,0.24074074074074073,0.7272727272727273,11.666666666666666,11.0,44.0,9.0,148.0,0.15625,0.8181818181818182,0.09090909090909091,11.666666666666666,12.4,9.818181818181818,-1.4,-2.3181818181818183,-2.6818181818181817,0.9090909090909091,9.85266572140117,8.300307809800874,0.0,9.610801835056987,0.22685421938699052,0.0,-1.14733427859883,10.5,0.0,0.1,9.1,0.2,-3.3000000000000007,0,18,0.45,57.0,12,10,0,-4,0
2022,12,Le Castellet,GAS,AlphaTauri,15.0,15.8,0.0,27.0,8.0,306.0,0.2037037037037037,0.7727272727272727,15.0,12.2,16.0,12.0,176.0,0.21875,0.7272727272727273,0.09090909090909091,12.333333333333334,12.0,11.636363636363637,0.2,-1.1363636363636367,-0.3636363636363633,0.5454545454545454,9.85266572140117,8.300307809800874,0.0,9.610801835056987,0.22685421938699052,0.0,-2.3473342785988294,10.5,0.0,0.1,9.1,0.2,-5.300000000000001,0,18,0.45,57.0,12,10,0,-4,0
2022,12,Le Castellet,HAM,Mercedes,8.333333333333334,6.4,27.0,231.0,3.0,102.0,0.05555555555555555,0.9545454545454546,3.0,4.2,108.0,6.0,84.0,0.03125,1.0,0.6363636363636364,6.0,6.6,7.636363636363637,-2.4,0.22727272727272751,0.18181818181818166,0.36363636363636365,9.85266572140117,8.300307809800874,0.0,9.610801835056987,0.22685421938699052,0.0,5.65266572140117,10.5,0.0,0.1,9.1,0.2,4.1,0,18,0.45,57.0,12,10,0,-4,0
2022,12,Le Castellet,LAT,Williams,14.666666666666666,15.2,0.0,3.0,10.0,330.0,0.19642857142857142,0.782608695652174,15.666666666666666,15.4,0.0,20.0,192.0,0.15625,0.8181818181818182,0.0,16.0,17.0,18.181818181818183,-1.6,1.09090909090909,1.045454545454545,0.2727272727272727,9.85266572140117,8.300307809800874,0.0,9.610801835056987,0.22685421938699052,0.0,-5.54733427859883,13.0,0.0,0.0,15.0,0.0,-2.1999999999999993,0,18,0.45,57.0,12,10,0,-4,0
2022,12,Le Castellet,LEC,Ferrari,6.666666666666667,5.2,50.0,278.0,2.0,55.0,0.24074074074074073,0.7272727272727273,3.3333333333333335,6.6,156.0,2.0,36.0,0.15625,0.8181818181818182,0.7272727272727273,6.666666666666667,4.4,2.727272727272727,2.2,-0.5909090909090913,-1.3636363636363642,0.6363636363636364,9.85266572140117,8.300307809800874,0.0,9.610801835056987,0.22685421938699052,0.0,3.2526657214011703,10.5,0.0,0.1,9.1,0.2,5.3,0,18,0.45,57.0,12,10,0,-4,0
2022,12,Le Castellet,MAG,Haas F1 Team,7.333333333333333,10.2,16.0,31.0,7.0,302.0,0.24074074074074073,0.7272727272727273,11.666666666666666,14.4,19.0,11.0,173.0,0.21875,0.7272727272727273,0.09090909090909091,9.333333333333334,11.4,10.818181818181818,3.0,-1.1818181818181817,-0.3454545454545457,0.3,9.85266572140117,8.300307809800874,0.0,9.610801835056987,0.22685421938699052,0.0,-4.54733427859883,10.5,0.0,0.1,9.1,0.2,0.3000000000000007,0,18,0.45,57.0,12,10,0,-4,0
2022,12,Le Castellet,MSC,Haas F1 Team,10.666666666666666,10.0,12.0,31.0,7.0,302.0,0.26785714285714285,0.6956521739130435,11.0,13.2,12.0,15.0,180.0,0.21875,0.7272727272727273,0.0,10.666666666666666,13.4,13.181818181818182,-0.2,1.1818181818181817,0.3454545454545457,0.7,9.85266572140117,8.300307809800874,0.0,9.610801835056987,0.22685421938699052,0.0,-3.3473342785988294,18.0,0.0,0.0,10.0,1.0,8.0,0,18,0.45,57.0,12,10,0,-4,0
2022,12,Le Castellet,NOR,McLaren,9.666666666666666,9.2,8.0,74.0,5.0,259.0,0.09259259259259259,0.9090909090909091,9.333333333333334,8.6,60.0,7.0,132.0,0.09375,0.9090909090909091,0.18181818181818182,11.666666666666666,10.2,9.181818181818182,-1.6,-1.3636363636363633,-1.545454545454545,0.6363636363636364,9.85266572140117,8.300307809800874,0.0,9.610801835056987,0.22685421938699052,0.0,1.2526657214011703,10.5,0.0,0.1,9.1,0.2,1.3000000000000007,0,18,0.45,57.0,12,10,0,-4,0
2022,12,Le Castellet,OCO,Alpine,7.0,8.2,19.0,86.0,4.0,247.0,0.125,0.8695652173913043,8.666666666666666,9.6,49.0,8.0,143.0,0.09375,0.9090909090909091,0.09090909090909091,9.0,10.0,11.363636363636363,-0.4,1.5,-1.0,0.7272727272727273,9.85266572140117,8.300307809800874,0.0,9.610801835056987,0.22685421938699052,0.0,0.2526657214011703,6.0,0.0,0.0,7.0,0.0,-2.1999999999999993,0,18,0.45,57.0,12,10,0,-4,0
2022,12,Le Castellet,PER,Red Bull Racing,9.666666666666666,6.4,25.0,333.0,1.0,0.0,0.2037037037037037,0.7727272727272727,14.0,9.0,141.0,3.0,51.0,0.21875,0.7272727272727273,0.7272727272727273,10.0,7.0,5.363636363636363,2.0,1.545454545454545,1.0,0.36363636363636365,9.85266572140117,8.300307809800874,0.0,9.610801835056987,0.22685421938699052,0.0,0.8526657214011699,10.5,0.0,0.1,9.1,0.2,4.1,0,18,0.45,57.0,12,10,0,-4,0
2022,12,Le Castellet,RIC,McLaren,7.666666666666667,8.4,14.0,80.0,5.0,253.0,0.08928571428571429,0.9130434782608695,11.0,10.8,14.0,14.0,178.0,0.09375,0.9090909090909091,0.0,13.0,13.0,11.909090909090908,-2.2,1.3636363636363633,1.545454545454545,0.36363636363636365,9.85266572140117,8.300307809800874,0.0,9.610801835056987,0.22685421938699052,0.0,-0.9473342785988308,7.0,0.0,0.0,5.0,0.0,-1.4000000000000004,0,18,0.45,57.0,12,10,0,-4,0
2022,12,Le Castellet,RUS,Mercedes,3.0,6.0,45.0,249.0,3.0,84.0,0.05357142857142857,0.9565217391304348,8.666666666666666,6.8,123.0,4.0,69.0,0.09375,0.9090909090909091,0.9090909090909091,6.666666666666667,6.2,7.181818181818182,0.6,-0.22727272727272751,-0.18181818181818254,0.6363636363636364,9.85266572140117,8.300307809800874,0.0,9.610801835056987,0.22685421938699052,0.0,3.05266572140117,2.0,0.0,1.0,4.0,0.0,-4.0,0,18,0.45,57.0,12,10,0,-4,0
2022,12,Le Castellet,SAI,Ferrari,12.666666666666666,8.6,25.0,278.0,2.0,55.0,0.26785714285714285,0.6956521739130435,7.0,8.6,122.0,5.0,70.0,0.28125,0.6363636363636364,0.6363636363636364,2.3333333333333335,2.6,3.909090909090909,6.0,0.5909090909090908,1.3636363636363633,0.36363636363636365,9.85266572140117,8.300307809800874,0.0,9.610801835056987,0.22685421938699052,0.0,1.2526657214011703,19.0,0.0,0.0,1.0,1.0,10.4,0,18,0.45,57.0,12,10,0,-4,0
2022,12,Le Castellet,STR,Aston Martin,13.0,12.4,2.0,18.0,9.0,315.0,0.12962962962962962,0.8636363636363636,11.333333333333334,12.8,3.0,18.0,189.0,0.09375,0.9090909090909091,0.0,18.333333333333332,18.4,17.181818181818183,-5.6,1.4242424242424256,0.1262626262626263,0.45454545454545453,9.85266572140117,8.300307809800874,0.0,9.610801835056987,0.22685421938699052,0.0,-2.947334278598831,10.5,0.0,0.1,9.1,0.2,-1.9000000000000004,0,18,0.45,57.0,12,10,0,-4,0
2022,12,Le Castellet,TSU,AlphaTauri,14.333333333333334,14.6,0.0,27.0,8.0,306.0,0.19642857142857142,0.782608695652174,16.0,15.6,11.0,16.0,181.0,0.15625,0.8181818181818182,0.0,15.666666666666666,13.2,13.909090909090908,2.4,1.136363636363635,0.3636363636363633,0.45454545454545453,9.85266572140117,8.300307809800874,0.0,9.610801835056987,0.22685421938699052,0.0,-5.74733427859883,12.0,0.0,0.0,16.0,0.0,-2.5999999999999996,0,18,0.45,57.0,12,10,0,-4,0
2022,12,Le Castellet,VER,Red Bull Racing,8.666666666666666,7.0,31.0,345.0,1.0,-12.0,0.19642857142857142,0.782608695652174,3.3333333333333335,2.8,192.0,1.0,0.0,0.15625,0.8181818181818182,0.7272727272727273,1.3333333333333333,2.2,2.272727272727273,0.6,-1.5454545454545454,-1.0,0.6363636363636364,9.85266572140117,8.300307809800874,0.0,9.610801835056987,0.22685421938699052,0.0,7.05266572140117,4.0,0.0,0.0,3.0,0.0,-3.0,0,18,0.45,57.0,12,10,0,-4,1
2022,12,Le Castellet,VET,Aston Martin,13.333333333333334,12.0,1.0,19.0,9.0,314.0,0.125,0.8695652173913043,12.666666666666666,10.8,15.0,13.0,177.0,0.17857142857142858,0.7777777777777778,0.0,18.333333333333332,14.6,14.333333333333334,-3.8,-1.4242424242424239,-0.1262626262626263,0.5555555555555556,9.85266572140117,8.300307809800874,0.0,9.610801835056987,0.22685421938699052,0.0,-0.9473342785988308,10.0,0.0,0.0,17.0,0.0,-2.0,0,18,0.45,57.0,12,10,0,-4,0
2022,12,Le Castellet,ZHO,Alfa Romeo,13.0,15.0,0.0,49.0,6.0,284.0,0.23214285714285715,0.7391304347826086,13.666666666666666,15.0,5.0,17.0,187.0,0.28125,0.6363636363636364,0.0,12.333333333333334,14.2,14.454545454545455,0.8,2.3181818181818183,2.6818181818181817,0.09090909090909091,9.85266572140117,8.300307809800874,0.0,9.610801835056987,0.22685421938699052,0.0,-5.14733427859883,14.0,0.0,0.0,13.0,0.0,-1.0,0,18,0.45,57.0,12,10,0,-4,0
2022,13,Budapest,ALB,Williams,16.333333333333332,14.6,0.0,3.0,10.0,367.0,0.22413793103448276,0.75,15.0,14.0,3.0,19.0,214.0,0.20588235294117646,0.75,0.0,14.0,14.2,15.916666666666666,-0.2,-1.208333333333334,-1.125,0.75,9.784313725490197,8.509803921568627,0.0,9.49673202614379,0.22875816993464052,0.0,-4.215686274509803,10.272139303482588,0.0,0.15216773276474768,10.337562189054726,0.2507107320540156,-4.327860696517412,0,18,0.45,57.0,13,9,0,-4,0
2022,13,Budapest,ALO,Alpine,6.333333333333333,8.8,22.0,90.0,4.0,280.0,0.1206896551724138,0.875,7.0,7.4,37.0,10.0,180.0,0.14705882352941177,0.8333333333333334,0.08333333333333333,7.333333333333333,6.8,8.25,0.6,-1.5833333333333321,0.8333333333333339,0.3333333333333333,9.784313725490197,8.509803921568627,0.0,9.49673202614379,0.22875816993464052,0.0,2.3843137254901965,10.272139303482588,0.0,0.15216773276474768,10.337562189054726,0.2507107320540156,1.472139303482587,0,18,0.45,57.0,13,9,0,-4,0
2022,13,Budapest,BOT,Alfa Romeo,14.666666666666666,14.8,0.0,49.0,6.0,321.0,0.22413793103448276,0.75,14.0,12.0,44.0,9.0,173.0,0.14705882352941177,0.8333333333333334,0.08333333333333333,12.333333333333334,12.6,10.083333333333334,-0.6,-2.333333333333334,-2.541666666666666,0.9166666666666666,9.784313725490197,8.509803921568627,0.0,9.49673202614379,0.22875816993464052,0.0,-2.215686274509803,10.272139303482588,0.0,0.15216773276474768,10.337562189054726,0.2507107320540156,-4.527860696517413,0,18,0.45,57.0,13,9,0,-4,0
2022,13,Budapest,GAS,AlphaTauri,16.0,15.4,0.0,27.0,8.0,343.0,0.22413793103448276,0.75,14.333333333333334,12.4,16.0,12.0,201.0,0.20588235294117646,0.75,0.08333333333333333,12.333333333333334,11.8,12.0,0.6,-0.7083333333333321,-0.6666666666666679,0.5833333333333334,9.784313725490197,8.509803921568627,0.0,9.49673202614379,0.22875816993464052,0.0,-2.6156862745098035,10.272139303482588,0.0,0.15216773276474768,10.337562189054726,0.2507107320540156,-5.127860696517413,0,18,0.45,57.0,13,9,0,-4,0
2022,13,Budapest,HAM,Mercedes,3.0,6.0,45.0,264.0,3.0,106.0,0.05172413793103448,0.9583333333333334,2.6666666666666665,3.0,126.0,6.0,91.0,0.029411764705882353,1.0,0.6666666666666666,6.0,5.8,7.333333333333333,-2.8,0.125,0.125,0.4166666666666667,9.784313725490197,8.509803921568627,0.0,9.49673202614379,0.22875816993464052,0.0,6.784313725490197,10.272139303482588,0.0,0.15216773276474768,10.337562189054726,0.2507107320540156,4.272139303482588,0,18,0.45,57.0,13,9,0,-4,0
2022,13,Budapest,LAT,Williams,15.666666666666666,15.6,0.0,3.0,10.0,367.0,0.21666666666666667,0.76,16.0,15.8,0.0,20.0,217.0,0.20588235294117646,0.75,0.0,16.333333333333332,17.2,18.333333333333332,-1.4,1.2083333333333321,1.125,0.25,9.784313725490197,8.509803921568627,0.0,9.49673202614379,0.22875816993464052,0.0,-6.015686274509804,17.0,0.0,0.0,17.0,0.0,1.4000000000000004,0,18,0.45,57.0,13,9,0,-4,0
2022,13,Budapest,LEC,Ferrari,14.0,8.8,11.0,289.0,2.0,81.0,0.25862068965517243,0.7083333333333334,8.0,9.6,156.0,2.0,61.0,0.20588235294117646,0.75,0.6666666666666666,2.0,4.4,2.5833333333333335,5.2,-0.8749999999999996,-0.666666666666667,0.5833333333333334,9.784313725490197,8.509803921568627,0.0,9.49673202614379,0.22875816993464052,0.0,0.1843137254901972,10.272139303482588,0.0,0.15216773276474768,10.337562189054726,0.2507107320540156,1.472139303482587,0,18,0.45,57.0,13,9,0,-4,0
2022,13,Budapest,MAG,Haas F1 Team,13.0,11.0,8.0,31.0,7.0,339.0,0.25862068965517243,0.7083333333333334,12.0,14.0,19.0,11.0,198.0,0.2647058823529412,0.6666666666666666,0.08333333333333333,11.0,10.8,10.75,3.2,-1.4583333333333321,-0.19696969696969724,0.2727272727272727,9.784313725490197,8.509803921568627,0.0,9.49673202614379,0.22875816993464052,0.0,-4.215686274509803,10.272139303482588,0.0,0.15216773276474768,10.337562189054726,0.2507107320540156,-0.7278606965174124,0,18,0.45,57.0,13,9,0,-4,0
2022,13,Budapest,MSC,Haas F1 Team,16.333333333333332,12.6,0.0,31.0,7.0,339.0,0.25,0.72,9.666666666666666,12.4,12.0,15.0,205.0,0.20588235294117646,0.75,0.0,15.0,14.2,13.666666666666666,-1.8,1.458333333333334,0.19696969696969546,0.7272727272727273,9.784313725490197,8.509803921568627,0.0,9.49673202614379,0.22875816993464052,0.0,-2.6156862745098035,16.0,0.0,0.0,13.0,0.0,3.4000000000000004,0,18,0.45,57.0,13,9,0,-4,0
2022,13,Budapest,NOR,McLaren,8.333333333333334,9.0,10.0,82.0,5.0,288.0,0.08620689655172414,0.9166666666666666,6.666666666666667,8.8,66.0,7.0,151.0,0.08823529411764706,0.9166666666666666,0.16666666666666666,8.666666666666666,10.2,8.833333333333334,-1.4,-1.5,-1.5,0.6666666666666666,9.784313725490197,8.509803921568627,0.0,9.49673202614379,0.22875816993464052,0.0,0.9843137254901961,10.272139303482588,0.0,0.15216773276474768,10.337562189054726,0.2507107320540156,1.2721393034825876,0,18,0.45,57.0,13,9,0,-4,0
2022,13,Budapest,OCO,Alpine,7.333333333333333,7.4,16.0,94.0,4.0,276.0,0.11666666666666667,0.88,9.333333333333334,8.8,53.0,8.0,164.0,0.08823529411764706,0.9166666666666666,0.08333333333333333,10.666666666666666,10.4,11.416666666666666,-1.6,1.583333333333334,-0.8333333333333321,0.6666666666666666,9.784313725490197,8.509803921568627,0.0,9.49673202614379,0.22875816993464052,0.0,0.9843137254901961,8.0,0.0,0.0,6.0,0.0,0.5999999999999996,0,18,0.45,57.0,13,9,0,-4,0
2022,13,Budapest,PER,Red Bull Racing,2.3333333333333335,6.8,56.0,370.0,1.0,0.0,0.1896551724137931,0.7916666666666666,8.666666666666666,9.6,153.0,3.0,64.0,0.20588235294117646,0.75,0.75,6.666666666666667,7.0,5.166666666666667,2.6,1.4583333333333335,1.041666666666666,0.3333333333333333,9.784313725490197,8.509803921568627,0.0,9.49673202614379,0.22875816993464052,0.0,0.1843137254901972,10.272139303482588,0.0,0.15216773276474768,10.337562189054726,0.2507107320540156,3.472139303482588,0,18,0.45,57.0,13,9,0,-4,0
2022,13,Budapest,RIC,McLaren,7.666666666666667,7.8,14.0,88.0,5.0,282.0,0.08333333333333333,0.92,10.333333333333334,10.0,16.0,12.0,201.0,0.08823529411764706,0.9166666666666666,0.0,13.666666666666666,12.4,11.833333333333334,-2.4,1.5,1.5,0.3333333333333333,9.784313725490197,8.509803921568627,0.0,9.49673202614379,0.22875816993464052,0.0,-0.21568627450980316,7.0,0.0,0.0,4.0,0.0,-0.7999999999999998,0,18,0.45,57.0,13,9,0,-4,0
2022,13,Budapest,RUS,Mercedes,2.3333333333333335,2.8,52.0,283.0,3.0,87.0,0.05,0.96,8.333333333333334,6.4,138.0,4.0,79.0,0.08823529411764706,0.9166666666666666,0.9166666666666666,6.0,6.2,7.083333333333333,0.2,-0.125,-0.125,0.5833333333333334,9.784313725490197,8.509803921568627,0.0,9.49673202614379,0.22875816993464052,0.0,3.3843137254901965,2.0,0.0,1.0,7.0,0.0,-0.7999999999999998,0,18,0.45,57.0,13,9,0,-4,0
2022,13,Budapest,SAI,Ferrari,10.0,9.8,19.0,297.0,2.0,73.0,0.25,0.72,8.0,9.2,133.0,5.0,84.0,0.2647058823529412,0.6666666666666666,0.6666666666666666,4.333333333333333,4.0,4.333333333333333,5.2,0.875,0.666666666666667,0.4166666666666667,9.784313725490197,8.509803921568627,0.0,9.49673202614379,0.22875816993464052,0.0,0.5843137254901976,6.0,0.0,0.0,3.0,0.0,-3.8000000000000007,0,18,0.45,57.0,13,9,0,-4,0
2022,13,Budapest,STR,Aston Martin,12.666666666666666,12.0,1.0,19.0,9.0,351.0,0.1206896551724138,0.875,11.333333333333334,12.0,4.0,18.0,213.0,0.08823529411764706,0.9166666666666666,0.0,18.0,18.2,17.166666666666668,-6.2,1.4333333333333336,0.08333333333333393,0.5,9.784313725490197,8.509803921568627,0.0,9.49673202614379,0.22875816993464052,0.0,-2.215686274509803,10.272139303482588,0.0,0.15216773276474768,10.337562189054726,0.2507107320540156,-1.7278606965174124,0,18,0.45,57.0,13,9,0,-4,0
2022,13,Budapest,TSU,AlphaTauri,14.666666666666666,15.0,0.0,27.0,8.0,343.0,0.21666666666666667,0.76,16.666666666666668,16.2,11.0,16.0,206.0,0.20588235294117646,0.75,0.0,11.666666666666666,12.6,13.416666666666666,3.6,0.7083333333333339,0.6666666666666661,0.4166666666666667,9.784313725490197,8.509803921568627,0.0,9.49673202614379,0.22875816993464052,0.0,-6.4156862745098024,12.0,0.0,0.0,19.0,0.0,-3.0,0,18,0.45,57.0,13,9,0,-4,0
2022,13,Budapest,VER,Red Bull Racing,3.3333333333333335,6.4,47.0,380.0,1.0,-10.0,0.18333333333333332,0.8,3.3333333333333335,2.4,217.0,1.0,0.0,0.14705882352941177,0.8333333333333334,0.75,1.6666666666666667,1.8,2.25,0.6,-1.4583333333333335,-1.041666666666667,0.6666666666666666,9.784313725490197,8.509803921568627,0.0,9.49673202614379,0.22875816993464052,0.0,7.3843137254901965,5.0,0.0,0.0,11.0,0.0,-1.4000000000000004,0,18,0.45,57.0,13,9,0,-4,1
2022,13,Budapest,VET,Aston Martin,10.666666666666666,12.4,1.0,19.0,9.0,351.0,0.11666666666666667,0.88,12.333333333333334,11.0,15.0,14.0,202.0,0.16666666666666666,0.8,0.0,17.333333333333332,15.6,14.3,-4.6,-1.4333333333333336,-0.08333333333333215,0.5,9.784313725490197,8.509803921568627,0.0,9.49673202614379,0.22875816993464052,0.0,-1.2156862745098032,11.0,0.0,0.0,14.0,0.0,-1.4000000000000004,0,18,0.45,57.0,13,9,0,-4,0
2022,13,Budapest,ZHO,Alfa Romeo,16.666666666666668,15.0,0.0,49.0,6.0,321.0,0.25,0.72,16.333333333333332,15.0,5.0,17.0,212.0,0.2647058823529412,0.6666666666666666,0.0,15.0,13.8,14.75,1.2,2.333333333333332,2.541666666666668,0.08333333333333333,9.784313725490197,8.509803921568627,0.0,9.49673202614379,0.22875816993464052,0.0,-5.215686274509803,20.0,0.0,0.0,8.0,1.0,5.0,0,18,0.45,57.0,13,9,0,-4,0
2022,14,Spa-Francorchamps,ALB,Williams,17.333333333333332,16.8,0.0,3.0,10.0,402.0,0.20967741935483872,0.7692307692307693,14.0,15.0,3.0,19.0,239.0,0.19444444444444445,0.7692307692307693,0.0,14.333333333333334,14.2,16.0,0.8,-1.23076923076923,-1.0769230769230766,0.7692307692307693,10.07843137254902,8.588235294117647,0.0,9.679738562091504,0.11764705882352941,0.0,-4.921568627450981,10.49402985074627,0.0,0.15216773276474768,10.100746268656716,0.1207178393745558,-6.3059701492537314,0,18,0.45,57.0,14,8,0,-4,0
2022,14,Spa-Francorchamps,ALO,Alpine,8.333333333333334,7.2,10.0,96.0,4.0,309.0,0.11290322580645161,0.8846153846153846,8.0,7.6,41.0,10.0,201.0,0.1388888888888889,0.8461538461538461,0.07692307692307693,7.0,6.0,8.076923076923077,1.6,-1.4230769230769234,0.73076923076923,0.38461538461538464,10.07843137254902,8.588235294117647,0.0,9.679738562091504,0.11764705882352941,0.0,2.4784313725490197,10.49402985074627,0.0,0.15216773276474768,10.100746268656716,0.1207178393745558,3.294029850746269,0,18,0.45,57.0,14,8,0,-4,0
2022,14,Spa-Francorchamps,BOT,Alfa Romeo,16.333333333333332,15.4,0.0,49.0,6.0,356.0,0.24193548387096775,0.7307692307692307,15.0,13.8,44.0,9.0,198.0,0.19444444444444445,0.7692307692307693,0.07692307692307693,11.0,11.2,9.923076923076923,2.6,-2.3076923076923066,-2.0769230769230766,0.8461538461538461,10.07843137254902,8.588235294117647,0.0,9.679738562091504,0.11764705882352941,0.0,-3.7215686274509814,10.49402985074627,0.0,0.15216773276474768,10.100746268656716,0.1207178393745558,-4.905970149253731,0,18,0.45,57.0,14,8,0,-4,0
2022,14,Spa-Francorchamps,GAS,AlphaTauri,17.0,15.8,0.0,27.0,8.0,378.0,0.20967741935483872,0.7692307692307693,13.0,13.8,16.0,12.0,226.0,0.19444444444444445,0.7692307692307693,0.07692307692307693,15.0,14.4,12.538461538461538,-0.6,-0.5384615384615383,-0.884615384615385,0.6153846153846154,10.07843137254902,8.588235294117647,0.0,9.679738562091504,0.11764705882352941,0.0,-3.7215686274509814,10.49402985074627,0.0,0.15216773276474768,10.100746268656716,0.1207178393745558,-5.3059701492537314,0,18,0.45,57.0,14,8,0,-4,0
2022,14,Spa-Francorchamps,HAM,Mercedes,2.6666666666666665,2.8,49.0,298.0,3.0,107.0,0.04838709677419355,0.9615384615384616,2.3333333333333335,2.6,145.0,5.0,97.0,0.027777777777777776,1.0,0.6923076923076923,6.666666666666667,5.8,7.3076923076923075,-3.2,0.3461538461538458,0.07692307692307665,0.46153846153846156,10.07843137254902,8.588235294117647,0.0,9.679738562091504,0.11764705882352941,0.0,7.47843137254902,10.49402985074627,0.0,0.15216773276474768,10.100746268656716,0.1207178393745558,7.694029850746269,0,18,0.45,57.0,14,8,0,-4,0
2022,14,Spa-Francorchamps,LAT,Williams,15.0,15.0,1.0,4.0,10.0,401.0,0.203125,0.7777777777777778,18.0,16.4,0.0,20.0,242.0,0.19444444444444445,0.7692307692307693,0.0,19.666666666666668,17.6,18.46153846153846,-1.2,1.23076923076923,1.0769230769230766,0.23076923076923078,10.07843137254902,8.588235294117647,0.0,9.679738562091504,0.11764705882352941,0.0,-6.321568627450979,10.0,0.0,0.0,9.0,0.0,-5.0,0,18,0.45,57.0,14,8,0,-4,0
2022,14,Spa-Francorchamps,LEC,Ferrari,5.0,10.4,31.0,309.0,2.0,96.0,0.24193548387096775,0.7307692307692307,8.666666666666666,7.0,164.0,2.0,78.0,0.19444444444444445,0.7692307692307693,0.6153846153846154,2.0,4.8,2.6153846153846154,2.2,-0.7692307692307696,-0.5384615384615383,0.5384615384615384,10.07843137254902,8.588235294117647,0.0,9.679738562091504,0.11764705882352941,0.0,3.0784313725490193,10.49402985074627,0.0,0.15216773276474768,10.100746268656716,0.1207178393745558,0.0940298507462689,0,18,0.45,57.0,14,8,0,-4,0
2022,14,Spa-Francorchamps,MAG,Haas F1 Team,15.0,13.8,0.0,31.0,7.0,374.0,0.24193548387096775,0.7307692307692307,14.0,13.8,19.0,11.0,223.0,0.25,0.6923076923076923,0.07692307692307693,9.666666666666666,10.2,10.923076923076923,3.6,-1.4230769230769234,-0.10576923076923173,0.25,10.07843137254902,8.588235294117647,0.0,9.679738562091504,0.11764705882352941,0.0,-3.7215686274509814,10.49402985074627,0.0,0.15216773276474768,10.100746268656716,0.1207178393745558,-3.3059701492537314,0,18,0.45,57.0,14,8,0,-4,0
2022,14,Spa-Francorchamps,MSC,Haas F1 Team,15.333333333333334,15.8,0.0,31.0,7.0,374.0,0.234375,0.7407407407407407,11.666666666666666,12.4,12.0,15.0,230.0,0.19444444444444445,0.7692307692307693,0.0,13.666666666666666,13.2,13.76923076923077,-0.8,1.4230769230769234,0.10576923076922995,0.75,10.07843137254902,8.588235294117647,0.0,9.679738562091504,0.11764705882352941,0.0,-2.321568627450981,16.0,0.0,0.0,18.0,0.0,0.1999999999999993,0,18,0.45,57.0,14,8,0,-4,0
2022,14,Spa-Francorchamps,NOR,McLaren,10.333333333333334,9.4,8.0,88.0,5.0,317.0,0.08064516129032258,0.9230769230769231,7.0,8.4,72.0,7.0,170.0,0.08333333333333333,0.9230769230769231,0.15384615384615385,8.0,8.8,8.461538461538462,-0.4,-1.5769230769230766,-1.6923076923076916,0.6923076923076923,10.07843137254902,8.588235294117647,0.0,9.679738562091504,0.11764705882352941,0.0,1.678431372549019,10.49402985074627,0.0,0.15216773276474768,10.100746268656716,0.1207178393745558,1.094029850746269,0,18,0.45,57.0,14,8,0,-4,0
2022,14,Spa-Francorchamps,OCO,Alpine,7.333333333333333,7.2,16.0,106.0,4.0,299.0,0.109375,0.8888888888888888,7.333333333333333,8.6,55.0,8.0,187.0,0.08333333333333333,0.9230769230769231,0.07692307692307693,7.333333333333333,8.8,10.923076923076923,-0.2,1.4230769230769234,-0.73076923076923,0.6153846153846154,10.07843137254902,8.588235294117647,0.0,9.679738562091504,0.11764705882352941,0.0,1.4784313725490197,5.0,0.0,0.0,6.0,0.0,-2.2,0,18,0.45,57.0,14,8,0,-4,0
2022,14,Spa-Francorchamps,PER,Red Bull Racing,2.3333333333333335,2.6,60.0,405.0,1.0,0.0,0.1774193548387097,0.8076923076923077,9.666666666666666,10.2,163.0,3.0,79.0,0.19444444444444445,0.7692307692307693,0.7692307692307693,9.0,8.8,5.615384615384615,1.4,1.3846153846153841,1.115384615384615,0.3076923076923077,10.07843137254902,8.588235294117647,0.0,9.679738562091504,0.11764705882352941,0.0,-0.12156862745097996,10.49402985074627,0.0,0.15216773276474768,10.100746268656716,0.1207178393745558,7.89402985074627,0,18,0.45,57.0,14,8,0,-4,0
2022,14,Spa-Francorchamps,RIC,McLaren,11.333333333333334,10.0,6.0,88.0,5.0,317.0,0.078125,0.9259259259259259,11.0,11.4,16.0,12.0,226.0,0.08333333333333333,0.9230769230769231,0.0,12.0,11.8,11.615384615384615,-0.4,1.5769230769230766,1.6923076923076916,0.3076923076923077,10.07843137254902,8.588235294117647,0.0,9.679738562091504,0.11764705882352941,0.0,-1.321568627450981,12.0,0.0,0.0,10.0,0.0,2.0,0,18,0.45,57.0,14,8,0,-4,0
2022,14,Spa-Francorchamps,RUS,Mercedes,8.333333333333334,6.0,34.0,298.0,3.0,107.0,0.078125,0.9259259259259259,3.3333333333333335,6.4,153.0,4.0,89.0,0.08333333333333333,0.9230769230769231,0.9230769230769231,3.6666666666666665,5.4,6.615384615384615,1.0,-0.3461538461538467,-0.07692307692307665,0.5384615384615384,10.07843137254902,8.588235294117647,0.0,9.679738562091504,0.11764705882352941,0.0,3.678431372549019,20.0,0.0,0.0,7.0,1.0,14.0,0,18,0.45,57.0,14,8,0,-4,0
2022,14,Spa-Francorchamps,SAI,Ferrari,5.333333333333333,8.0,28.0,317.0,2.0,88.0,0.234375,0.7407407407407407,9.0,6.0,145.0,5.0,97.0,0.25,0.6923076923076923,0.6923076923076923,4.666666666666667,3.6,4.153846153846154,2.4,0.7692307692307692,0.5384615384615383,0.46153846153846156,10.07843137254902,8.588235294117647,0.0,9.679738562091504,0.11764705882352941,0.0,4.078431372549019,6.0,0.0,0.0,4.0,0.0,-2.0,0,18,0.45,57.0,14,8,0,-4,0
2022,14,Spa-Francorchamps,STR,Aston Martin,10.666666666666666,11.8,1.0,20.0,9.0,385.0,0.11290322580645161,0.8846153846153846,11.333333333333334,11.0,4.0,18.0,238.0,0.08333333333333333,0.9230769230769231,0.0,16.0,17.2,16.923076923076923,-6.2,1.1433566433566433,0.12937062937063004,0.46153846153846156,10.07843137254902,8.588235294117647,0.0,9.679738562091504,0.11764705882352941,0.0,-0.9215686274509807,10.49402985074627,0.0,0.15216773276474768,10.100746268656716,0.1207178393745558,-1.3059701492537314,0,18,0.45,57.0,14,8,0,-4,0
2022,14,Spa-Francorchamps,TSU,AlphaTauri,13.333333333333334,14.4,2.0,29.0,8.0,376.0,0.203125,0.7777777777777778,18.333333333333332,17.4,11.0,16.0,231.0,0.19444444444444445,0.7692307692307693,0.0,12.666666666666666,14.2,13.615384615384615,3.2,0.5384615384615383,0.884615384615385,0.38461538461538464,10.07843137254902,8.588235294117647,0.0,9.679738562091504,0.11764705882352941,0.0,-7.321568627450979,9.0,0.0,0.0,12.0,0.0,-5.4,0,18,0.45,57.0,14,8,0,-4,0
2022,14,Spa-Francorchamps,VER,Red Bull Racing,2.6666666666666665,2.6,53.0,423.0,1.0,-18.0,0.171875,0.8148148148148148,1.3333333333333333,2.4,242.0,1.0,0.0,0.1388888888888889,0.8461538461538461,0.7692307692307693,4.333333333333333,3.2,2.8461538461538463,-0.8,-1.3846153846153846,-1.115384615384615,0.6923076923076923,10.07843137254902,8.588235294117647,0.0,9.679738562091504,0.11764705882352941,0.0,7.678431372549019,2.0,0.0,1.0,3.0,0.0,-0.6000000000000001,0,18,0.45,57.0,14,8,0,-4,1
2022,14,Spa-Francorchamps,VET,Aston Martin,10.666666666666666,10.6,1.0,20.0,9.0,385.0,0.109375,0.8888888888888888,12.666666666666666,11.8,16.0,12.0,226.0,0.15625,0.8181818181818182,0.0,17.333333333333332,17.4,14.636363636363637,-5.6,-1.1433566433566433,-0.12937062937062827,0.5454545454545454,10.07843137254902,8.588235294117647,0.0,9.679738562091504,0.11764705882352941,0.0,-1.7215686274509814,11.0,0.0,0.0,14.0,0.0,0.40000000000000036,0,18,0.45,57.0,14,8,0,-4,0
2022,14,Spa-Francorchamps,ZHO,Alfa Romeo,17.333333333333332,16.4,0.0,49.0,6.0,356.0,0.265625,0.7037037037037037,14.333333333333334,14.0,5.0,17.0,237.0,0.25,0.6923076923076923,0.0,16.0,13.4,14.538461538461538,0.6,2.3076923076923084,2.0769230769230766,0.15384615384615385,10.07843137254902,8.588235294117647,0.0,9.679738562091504,0.11764705882352941,0.0,-3.9215686274509807,19.0,0.0,0.0,20.0,1.0,2.6000000000000014,0,18,0.45,57.0,14,8,0,-4,0
2022,15,Zandvoort,ALB,Williams,15.333333333333334,16.0,1.0,4.0,10.0,445.0,0.19696969696969696,0.7857142857142857,13.333333333333334,14.4,4.0,18.0,264.0,0.18421052631578946,0.7857142857142857,0.0,13.666666666666666,13.6,15.5,0.8,-1.4285714285714306,-1.2857142857142865,0.7857142857142857,9.594771241830065,8.137254901960784,0.0,9.457516339869281,0.16013071895424835,0.0,-4.805228758169935,9.91542288557214,0.0,0.16496090973702915,10.093781094527364,0.1753375977256574,-6.08457711442786,0,18,0.45,57.0,15,7,0,-4,0
2022,15,Zandvoort,ALO,Alpine,7.0,7.4,18.0,112.0,4.0,337.0,0.10606060606060606,0.8928571428571429,6.333333333333333,6.8,51.0,9.0,217.0,0.13157894736842105,0.8571428571428571,0.14285714285714285,6.333333333333333,6.8,7.928571428571429,0.0,-1.2857142857142865,0.6071428571428577,0.42857142857142855,9.594771241830065,8.137254901960784,0.0,9.457516339869281,0.16013071895424835,0.0,2.794771241830065,9.91542288557214,0.0,0.16496090973702915,10.093781094527364,0.1753375977256574,2.5154228855721392,0,18,0.45,57.0,15,7,0,-4,0
2022,15,Zandvoort,BOT,Alfa Romeo,15.333333333333334,16.4,0.0,49.0,6.0,400.0,0.25757575757575757,0.7142857142857143,17.666666666666668,16.2,44.0,10.0,224.0,0.23684210526315788,0.7142857142857143,0.07142857142857142,13.666666666666666,13.0,10.642857142857142,3.2,-1.8928571428571423,-1.75,0.7857142857142857,9.594771241830065,8.137254901960784,0.0,9.457516339869281,0.16013071895424835,0.0,-6.605228758169934,9.91542288557214,0.0,0.16496090973702915,10.093781094527364,0.1753375977256574,-6.484577114427859,0,18,0.45,57.0,15,7,0,-4,0
2022,15,Zandvoort,GAS,AlphaTauri,13.666666666666666,14.6,2.0,29.0,8.0,420.0,0.19696969696969696,0.7857142857142857,11.0,12.8,18.0,13.0,250.0,0.18421052631578946,0.7857142857142857,0.07142857142857142,15.666666666666666,13.6,12.5,-0.8,-0.75,-0.9642857142857135,0.6428571428571429,9.594771241830065,8.137254901960784,0.0,9.457516339869281,0.16013071895424835,0.0,-3.2052287581699357,9.91542288557214,0.0,0.16496090973702915,10.093781094527364,0.1753375977256574,-4.68457711442786,0,18,0.45,57.0,15,7,0,-4,0
2022,15,Zandvoort,HAM,Mercedes,9.0,6.4,27.0,310.0,3.0,139.0,0.07575757575757576,0.9285714285714286,8.0,6.0,145.0,6.0,123.0,0.07894736842105263,0.9285714285714286,0.6428571428571429,6.0,6.4,7.285714285714286,-0.4,0.2857142857142856,0.6428571428571432,0.42857142857142855,9.594771241830065,8.137254901960784,0.0,9.457516339869281,0.16013071895424835,0.0,3.594771241830065,9.91542288557214,0.0,0.16496090973702915,10.093781094527364,0.1753375977256574,3.5154228855721392,0,18,0.45,57.0,15,7,0,-4,0
2022,15,Zandvoort,LAT,Williams,13.333333333333334,15.0,1.0,4.0,10.0,445.0,0.19117647058823528,0.7931034482758621,17.666666666666668,16.8,0.0,20.0,268.0,0.18421052631578946,0.7857142857142857,0.0,19.0,17.2,18.357142857142858,-0.4,1.428571428571427,1.2857142857142847,0.21428571428571427,9.594771241830065,8.137254901960784,0.0,9.457516339869281,0.16013071895424835,0.0,-7.205228758169936,12.0,0.0,0.0,15.0,0.0,-3.0,0,18,0.45,57.0,15,7,0,-4,0
2022,15,Zandvoort,LEC,Ferrari,4.333333333333333,4.8,35.0,332.0,2.0,117.0,0.22727272727272727,0.75,10.333333333333334,7.2,172.0,3.0,96.0,0.18421052631578946,0.7857142857142857,0.5714285714285714,2.6666666666666665,2.6,2.7142857142857144,4.6,-0.6428571428571428,-0.39285714285714324,0.5,9.594771241830065,8.137254901960784,0.0,9.457516339869281,0.16013071895424835,0.0,2.394771241830065,9.91542288557214,0.0,0.16496090973702915,10.093781094527364,0.1753375977256574,5.11542288557214,0,18,0.45,57.0,15,7,0,-4,0
2022,15,Zandvoort,MAG,Haas F1 Team,15.666666666666666,15.6,0.0,31.0,7.0,418.0,0.22727272727272727,0.75,16.666666666666668,13.6,19.0,12.0,249.0,0.23684210526315788,0.7142857142857143,0.07142857142857142,13.666666666666666,12.8,11.428571428571429,0.8,-1.2142857142857135,-0.14285714285714413,0.3076923076923077,9.594771241830065,8.137254901960784,0.0,9.457516339869281,0.16013071895424835,0.0,-4.005228758169935,9.91542288557214,0.0,0.16496090973702915,10.093781094527364,0.1753375977256574,-5.68457711442786,0,18,0.45,57.0,15,7,0,-4,0
2022,15,Zandvoort,MSC,Haas F1 Team,16.0,15.6,0.0,31.0,7.0,418.0,0.22058823529411764,0.7586206896551724,15.333333333333334,12.0,12.0,15.0,256.0,0.18421052631578946,0.7857142857142857,0.0,16.333333333333332,15.0,13.857142857142858,-3.0,1.2142857142857153,0.14285714285714235,0.6923076923076923,9.594771241830065,8.137254901960784,0.0,9.457516339869281,0.16013071895424835,0.0,-2.405228758169935,15.0,0.0,0.0,18.0,0.0,-0.5999999999999996,0,18,0.45,57.0,15,7,0,-4,0
2022,15,Zandvoort,NOR,McLaren,14.0,11.6,0.0,88.0,5.0,361.0,0.07575757575757576,0.9285714285714286,8.666666666666666,7.8,72.0,7.0,196.0,0.07894736842105263,0.9285714285714286,0.14285714285714285,6.333333333333333,8.0,8.571428571428571,-0.2,-1.5,-1.6785714285714288,0.7142857142857143,9.594771241830065,8.137254901960784,0.0,9.457516339869281,0.16013071895424835,0.0,1.7947712418300652,9.91542288557214,0.0,0.16496090973702915,10.093781094527364,0.1753375977256574,-1.68457711442786,0,18,0.45,57.0,15,7,0,-4,0
2022,15,Zandvoort,OCO,Alpine,6.0,7.0,24.0,120.0,4.0,329.0,0.10294117647058823,0.896551724137931,8.0,8.8,61.0,8.0,207.0,0.07894736842105263,0.9285714285714286,0.07142857142857142,7.333333333333333,8.4,10.5,0.4,1.2857142857142847,-0.6071428571428577,0.5714285714285714,9.594771241830065,8.137254901960784,0.0,9.457516339869281,0.16013071895424835,0.0,0.7947712418300643,6.0,0.0,0.0,13.0,0.0,-1.0,0,18,0.45,57.0,15,7,0,-4,0
2022,15,Zandvoort,PER,Red Bull Racing,1.3333333333333333,2.0,69.0,449.0,1.0,0.0,0.16666666666666666,0.8214285714285714,3.6666666666666665,6.6,181.0,2.0,87.0,0.18421052631578946,0.7857142857142857,0.7857142857142857,5.666666666666667,6.8,5.428571428571429,-0.2,1.3571428571428577,1.0714285714285712,0.2857142857142857,9.594771241830065,8.137254901960784,0.0,9.457516339869281,0.16013071895424835,0.0,2.9947712418300654,9.91542288557214,0.0,0.16496090973702915,10.093781094527364,0.1753375977256574,7.91542288557214,0,18,0.45,57.0,15,7,0,-4,0
2022,15,Zandvoort,RIC,McLaren,11.333333333333334,11.2,6.0,94.0,5.0,355.0,0.07352941176470588,0.9310344827586207,13.0,12.2,16.0,14.0,252.0,0.07894736842105263,0.9285714285714286,0.0,10.333333333333334,12.2,11.571428571428571,0.0,1.5,1.6785714285714288,0.2857142857142857,9.594771241830065,8.137254901960784,0.0,9.457516339869281,0.16013071895424835,0.0,-2.6052287581699343,7.0,0.0,0.0,7.0,0.0,-4.199999999999999,0,18,0.45,57.0,15,7,0,-4,0
2022,15,Zandvoort,RUS,Mercedes,9.333333333333334,6.6,24.0,322.0,3.0,127.0,0.07352941176470588,0.9310344827586207,3.3333333333333335,6.4,165.0,4.0,103.0,0.07894736842105263,0.9285714285714286,0.9285714285714286,5.0,5.4,6.714285714285714,1.0,-0.2857142857142856,-0.6428571428571432,0.5714285714285714,9.594771241830065,8.137254901960784,0.0,9.457516339869281,0.16013071895424835,0.0,3.1947712418300647,4.0,0.0,0.0,4.0,0.0,-2.5999999999999996,0,18,0.45,57.0,15,7,0,-4,0
2022,15,Zandvoort,SAI,Ferrari,4.0,4.4,38.0,347.0,2.0,102.0,0.22058823529411764,0.7586206896551724,4.0,6.2,160.0,5.0,108.0,0.23684210526315788,0.7142857142857143,0.7142857142857143,4.333333333333333,3.4,4.0,2.8,0.6428571428571428,0.39285714285714324,0.5,9.594771241830065,8.137254901960784,0.0,9.457516339869281,0.16013071895424835,0.0,3.394771241830065,3.0,0.0,1.0,2.0,0.0,-1.4000000000000004,0,18,0.45,57.0,15,7,0,-4,0
2022,15,Zandvoort,STR,Aston Martin,9.666666666666666,10.2,5.0,24.0,9.0,425.0,0.10606060606060606,0.8928571428571429,10.666666666666666,11.2,4.0,18.0,264.0,0.07894736842105263,0.9285714285714286,0.0,15.0,16.4,16.714285714285715,-5.2,0.9821428571428577,0.25,0.42857142857142855,9.594771241830065,8.137254901960784,0.0,9.457516339869281,0.16013071895424835,0.0,-1.6052287581699343,9.91542288557214,0.0,0.16496090973702915,10.093781094527364,0.1753375977256574,-0.2845771144278597,0,18,0.45,57.0,15,7,0,-4,0
2022,15,Zandvoort,TSU,AlphaTauri,11.0,12.8,2.0,29.0,8.0,420.0,0.19117647058823528,0.7931034482758621,17.333333333333332,16.4,11.0,16.0,257.0,0.18421052631578946,0.7857142857142857,0.0,14.333333333333334,14.0,14.0,2.4,0.75,0.9642857142857153,0.35714285714285715,9.594771241830065,8.137254901960784,0.0,9.457516339869281,0.16013071895424835,0.0,-6.805228758169934,11.0,0.0,0.0,11.0,0.0,-1.8000000000000007,0,18,0.45,57.0,15,7,0,-4,0
2022,15,Zandvoort,VER,Red Bull Racing,2.6666666666666665,2.8,54.0,459.0,1.0,-10.0,0.16176470588235295,0.8275862068965517,1.0,2.4,268.0,1.0,0.0,0.13157894736842105,0.8571428571428571,0.7857142857142857,4.333333333333333,3.2,2.7142857142857144,-0.8,-1.3571428571428568,-1.0714285714285712,0.7142857142857143,9.594771241830065,8.137254901960784,0.0,9.457516339869281,0.16013071895424835,0.0,7.194771241830065,5.0,0.0,0.0,5.0,0.0,2.2,0,18,0.45,57.0,15,7,0,-4,1
2022,15,Zandvoort,VET,Aston Martin,9.666666666666666,10.0,5.0,25.0,9.0,424.0,0.10294117647058823,0.896551724137931,9.666666666666666,11.0,20.0,11.0,248.0,0.14705882352941177,0.8333333333333334,0.0,16.0,17.2,14.75,-6.2,-0.9821428571428577,-0.25,0.5833333333333334,9.594771241830065,8.137254901960784,0.0,9.457516339869281,0.16013071895424835,0.0,-1.405228758169935,10.0,0.0,0.0,10.0,0.0,0.0,0,18,0.45,57.0,15,7,0,-4,0
2022,15,Zandvoort,ZHO,Alfa Romeo,17.333333333333332,17.0,0.0,49.0,6.0,400.0,0.27941176470588236,0.6896551724137931,14.333333333333334,15.2,5.0,17.0,263.0,0.23684210526315788,0.7142857142857143,0.0,14.333333333333334,14.0,14.428571428571429,1.2,1.8928571428571441,1.75,0.21428571428571427,9.594771241830065,8.137254901960784,0.0,9.457516339869281,0.16013071895424835,0.0,-5.605228758169934,19.0,0.0,0.0,16.0,1.0,2.0,0,18,0.45,57.0,15,7,0,-4,0
2022,16,Monza,ALO,Alpine,7.333333333333333,7.2,16.0,122.0,4.0,363.0,0.1,0.9,6.333333333333333,7.0,59.0,9.0,235.0,0.125,0.8666666666666667,0.13333333333333333,8.333333333333334,8.0,8.266666666666667,-1.0,-1.166666666666666,0.4666666666666668,0.4666666666666667,9.79,8.6,0.0,9.326666666666666,0.2033333333333333,0.0,2.789999999999999,10.272636815920398,0.0,0.14719260838663825,10.36641791044776,0.23244491826581376,3.072636815920398,0,18,0.45,57.0,16,6,0,-4,0
2022,16,Monza,BOT,Alfa Romeo,16.333333333333332,16.2,0.0,49.0,6.0,436.0,0.2714285714285714,0.7,19.333333333333332,16.6,44.0,10.0,250.0,0.275,0.6666666666666666,0.06666666666666667,14.666666666666666,13.8,11.0,2.8,-1.6999999999999993,-1.5333333333333332,0.7333333333333333,9.79,8.6,0.0,9.326666666666666,0.2033333333333333,0.0,-6.810000000000002,10.272636815920398,0.0,0.14719260838663825,10.36641791044776,0.23244491826581376,-5.927363184079601,0,18,0.45,57.0,16,6,0,-4,0
2022,16,Monza,DEV,Williams,16.0,15.2,0.0,4.0,10.0,481.0,0.18571428571428572,0.8,10.368421052631579,10.378947368421052,0.0,19.0,294.0,0.1,0.9,0.0,10.333333333333334,10.34736842105263,10.221592442645075,0.0,0.0,0.0,0.5,9.79,8.6,0.0,9.326666666666666,0.2033333333333333,0.0,-0.5889473684210529,10.272636815920398,0.0,0.14719260838663825,10.36641791044776,0.23244491826581376,-4.927363184079601,0,18,0.45,57.0,16,6,0,-4,0
2022,16,Monza,GAS,AlphaTauri,14.666666666666666,14.4,0.0,29.0,8.0,456.0,0.21428571428571427,0.7666666666666667,10.666666666666666,11.8,18.0,13.0,276.0,0.175,0.8,0.06666666666666667,14.0,13.6,12.4,-1.8,-0.6333333333333329,-1.1999999999999993,0.6666666666666666,9.79,8.6,0.0,9.326666666666666,0.2033333333333333,0.0,-2.0100000000000016,10.272636815920398,0.0,0.14719260838663825,10.36641791044776,0.23244491826581376,-4.127363184079602,0,18,0.45,57.0,16,6,0,-4,0
2022,16,Monza,HAM,Mercedes,3.3333333333333335,6.6,42.0,340.0,3.0,145.0,0.07142857142857142,0.9333333333333333,8.666666666666666,6.2,157.0,6.0,137.0,0.075,0.9333333333333333,0.6666666666666666,6.0,6.2,7.066666666666666,0.0,0.1999999999999993,0.6666666666666661,0.4,9.79,8.6,0.0,9.326666666666666,0.2033333333333333,0.0,3.589999999999999,10.272636815920398,0.0,0.14719260838663825,10.36641791044776,0.23244491826581376,3.6726368159203986,0,18,0.45,57.0,16,6,0,-4,0
2022,16,Monza,LAT,Williams,13.0,13.4,2.0,6.0,10.0,479.0,0.18055555555555555,0.8064516129032258,18.0,18.0,0.0,19.0,294.0,0.175,0.8,0.0,19.0,19.2,18.466666666666665,-1.2,0.0,0.0,0.2,9.79,8.6,0.0,9.326666666666666,0.2033333333333333,0.0,-8.21,9.0,0.0,0.0,13.0,0.0,-4.4,0,18,0.45,57.0,16,6,0,-4,0
2022,16,Monza,LEC,Ferrari,4.666666666666667,4.8,34.0,351.0,2.0,134.0,0.21428571428571427,0.7666666666666667,5.0,7.0,187.0,3.0,107.0,0.175,0.8,0.6,3.0,2.4,2.6666666666666665,4.6,-0.6333333333333333,-0.5333333333333332,0.5333333333333333,9.79,8.6,0.0,9.326666666666666,0.2033333333333333,0.0,2.789999999999999,10.272636815920398,0.0,0.14719260838663825,10.36641791044776,0.23244491826581376,5.472636815920398,0,18,0.45,57.0,16,6,0,-4,0
2022,16,Monza,MAG,Haas F1 Team,15.0,15.0,0.0,31.0,7.0,454.0,0.21428571428571427,0.7666666666666667,15.666666666666666,14.6,19.0,12.0,275.0,0.225,0.7333333333333333,0.06666666666666667,16.333333333333332,13.0,11.866666666666667,1.6,-0.8000000000000007,-0.06428571428571317,0.2857142857142857,9.79,8.6,0.0,9.326666666666666,0.2033333333333333,0.0,-4.8100000000000005,10.272636815920398,0.0,0.14719260838663825,10.36641791044776,0.23244491826581376,-4.727363184079602,0,18,0.45,57.0,16,6,0,-4,0
2022,16,Monza,MSC,Haas F1 Team,14.666666666666666,15.4,0.0,31.0,7.0,454.0,0.20833333333333334,0.7741935483870968,14.666666666666666,13.0,12.0,15.0,282.0,0.175,0.8,0.0,12.666666666666666,12.8,13.466666666666667,0.2,0.7999999999999989,0.06428571428571495,0.7142857142857143,9.79,8.6,0.0,9.326666666666666,0.2033333333333333,0.0,-3.210000000000001,16.0,0.0,0.0,19.0,0.0,0.5999999999999996,0,18,0.45,57.0,16,6,0,-4,0
2022,16,Monza,NOR,McLaren,13.0,13.2,6.0,94.0,5.0,391.0,0.07142857142857142,0.9333333333333333,8.666666666666666,8.0,78.0,7.0,216.0,0.075,0.9333333333333333,0.13333333333333333,7.0,8.2,8.466666666666667,-0.2,-1.7333333333333325,-1.8999999999999986,0.7333333333333333,9.79,8.6,0.0,9.326666666666666,0.2033333333333333,0.0,1.7899999999999991,10.272636815920398,0.0,0.14719260838663825,10.36641791044776,0.23244491826581376,-2.927363184079601,0,18,0.45,57.0,16,6,0,-4,0
2022,16,Monza,OCO,Alpine,11.333333333333334,9.2,10.0,122.0,4.0,363.0,0.125,0.8709677419354839,8.333333333333334,7.6,63.0,8.0,231.0,0.075,0.9333333333333333,0.06666666666666667,7.333333333333333,7.8,10.6,-0.2,1.166666666666666,-0.4666666666666668,0.5333333333333333,9.79,8.6,0.0,9.326666666666666,0.2033333333333333,0.0,2.1899999999999995,19.0,0.0,0.0,10.0,1.0,9.8,0,18,0.45,57.0,16,6,0,-4,0
2022,16,Monza,PER,Red Bull Racing,2.3333333333333335,2.0,62.0,485.0,1.0,0.0,0.15714285714285714,0.8333333333333334,4.0,7.2,191.0,2.0,103.0,0.175,0.8,0.8,6.333333333333333,7.0,5.4,0.2,1.4000000000000004,1.1333333333333337,0.26666666666666666,9.79,8.6,0.0,9.326666666666666,0.2033333333333333,0.0,2.589999999999999,10.272636815920398,0.0,0.14719260838663825,10.36641791044776,0.23244491826581376,8.272636815920398,0,18,0.45,57.0,16,6,0,-4,0
2022,16,Monza,RIC,McLaren,10.333333333333334,11.6,12.0,100.0,5.0,385.0,0.06944444444444445,0.9354838709677419,15.666666666666666,13.0,16.0,14.0,278.0,0.075,0.9333333333333333,0.0,12.333333333333334,12.8,11.933333333333334,0.2,1.7333333333333343,1.9000000000000004,0.26666666666666666,9.79,8.6,0.0,9.326666666666666,0.2033333333333333,0.0,-3.210000000000001,7.0,0.0,0.0,7.0,0.0,-4.6,0,18,0.45,57.0,16,6,0,-4,0
2022,16,Monza,RUS,Mercedes,3.6666666666666665,7.0,40.0,350.0,3.0,135.0,0.06944444444444445,0.9354838709677419,3.0,3.2,183.0,4.0,111.0,0.075,0.9333333333333333,0.9333333333333333,5.0,5.0,6.666666666666667,-1.8,-0.20000000000000018,-0.666666666666667,0.6,9.79,8.6,0.0,9.326666666666666,0.2033333333333333,0.0,6.589999999999999,5.0,0.0,0.0,5.0,0.0,-2.0,0,18,0.45,57.0,16,6,0,-4,0
2022,16,Monza,SAI,Ferrari,4.333333333333333,4.4,37.0,369.0,2.0,116.0,0.20833333333333334,0.7741935483870968,5.0,7.6,164.0,5.0,130.0,0.225,0.7333333333333333,0.6666666666666666,2.3333333333333335,3.8,3.933333333333333,3.8,0.6333333333333333,0.5333333333333341,0.4666666666666667,9.79,8.6,0.0,9.326666666666666,0.2033333333333333,0.0,2.1899999999999995,2.0,0.0,1.0,1.0,0.0,-2.4000000000000004,0,18,0.45,57.0,16,6,0,-4,0
2022,16,Monza,STR,Aston Martin,10.666666666666666,10.6,5.0,25.0,9.0,460.0,0.1,0.9,10.666666666666666,11.0,5.0,17.0,289.0,0.075,0.9333333333333333,0.0,12.666666666666666,14.4,16.266666666666666,-3.4,0.5948717948717945,0.08717948717948687,0.4666666666666667,9.79,8.6,0.0,9.326666666666666,0.2033333333333333,0.0,-1.2100000000000009,10.272636815920398,0.0,0.14719260838663825,10.36641791044776,0.23244491826581376,-0.3273631840796014,0,18,0.45,57.0,16,6,0,-4,0
2022,16,Monza,TSU,AlphaTauri,13.0,12.2,4.0,33.0,8.0,452.0,0.20833333333333334,0.7741935483870968,17.333333333333332,17.6,11.0,16.0,283.0,0.225,0.7333333333333333,0.0,14.666666666666666,13.2,13.666666666666666,4.4,0.6333333333333329,1.1999999999999993,0.3333333333333333,9.79,8.6,0.0,9.326666666666666,0.2033333333333333,0.0,-7.810000000000002,8.0,0.0,0.0,9.0,0.0,-4.199999999999999,0,18,0.45,57.0,16,6,0,-4,0
2022,16,Monza,VER,Red Bull Racing,4.0,3.0,45.0,494.0,1.0,-9.0,0.1527777777777778,0.8387096774193549,1.0,1.2,294.0,1.0,0.0,0.125,0.8666666666666667,0.8,4.0,3.0,2.6,-1.8,-1.4,-1.1333333333333333,0.7333333333333333,9.79,8.6,0.0,9.326666666666666,0.2033333333333333,0.0,8.59,6.0,0.0,0.0,4.0,0.0,3.0,0,18,0.45,57.0,16,6,0,-4,1
2022,16,Monza,VET,Aston Martin,14.0,12.2,1.0,25.0,9.0,460.0,0.125,0.8709677419354839,10.666666666666666,12.0,20.0,11.0,274.0,0.1388888888888889,0.8461538461538461,0.0,17.666666666666668,17.4,15.076923076923077,-5.4,-0.5948717948717945,-0.08717948717948865,0.5384615384615384,9.79,8.6,0.0,9.326666666666666,0.2033333333333333,0.0,-2.210000000000001,18.0,0.0,0.0,18.0,1.0,5.800000000000001,0,18,0.45,57.0,16,6,0,-4,0
2022,16,Monza,ZHO,Alfa Romeo,16.0,16.2,0.0,49.0,6.0,436.0,0.2638888888888889,0.7096774193548387,14.333333333333334,14.6,5.0,17.0,289.0,0.225,0.7333333333333333,0.0,13.0,15.0,14.4,-0.4,1.700000000000001,1.5333333333333332,0.26666666666666666,9.79,8.6,0.0,9.326666666666666,0.2033333333333333,0.0,-4.8100000000000005,13.0,0.0,0.0,12.0,0.0,-3.1999999999999993,0,18,0.45,57.0,16,6,0,-4,0
2022,17,Marina Bay,ALB,Williams,14.0,14.4,2.0,6.0,10.0,513.0,0.17567567567567569,0.8125,13.0,12.8,4.0,19.0,315.0,0.175,0.8,0.0,13.666666666666666,13.4,15.466666666666667,-0.6,-1.4229166666666675,-1.3604166666666675,0.8,9.771241830065359,8.254901960784315,0.0,9.493464052287582,0.3169934640522876,0.0,-3.028758169934642,9.977611940298507,0.0,0.16410803127221038,10.09502487562189,0.3263326226012793,-4.422388059701493,0,18,0.45,57.0,17,5,0,-4,0
2022,17,Marina Bay,ALO,Alpine,13.0,10.4,2.0,122.0,4.0,397.0,0.12162162162162163,0.875,10.0,8.8,59.0,9.0,260.0,0.16666666666666666,0.8125,0.125,9.666666666666666,8.4,8.375,0.4,-1.125,0.6875,0.4375,9.771241830065359,8.254901960784315,0.0,9.493464052287582,0.3169934640522876,0.0,0.9712418300653578,9.977611940298507,0.0,0.16410803127221038,10.09502487562189,0.3263326226012793,-0.4223880597014933,0,18,0.45,57.0,17,5,0,-4,0
2022,17,Marina Bay,BOT,Alfa Romeo,13.0,14.4,1.0,50.0,6.0,469.0,0.25675675675675674,0.71875,17.0,17.0,44.0,10.0,275.0,0.2619047619047619,0.6875,0.0625,16.0,13.8,11.0625,3.2,-1.65625,-1.34375,0.6875,9.771241830065359,8.254901960784315,0.0,9.493464052287582,0.3169934640522876,0.0,-7.2287581699346415,9.977611940298507,0.0,0.16410803127221038,10.09502487562189,0.3263326226012793,-4.422388059701493,0,18,0.45,57.0,17,5,0,-4,0
2022,17,Marina Bay,GAS,AlphaTauri,14.0,13.2,4.0,33.0,7.0,486.0,0.20270270270270271,0.78125,9.333333333333334,10.4,22.0,11.0,297.0,0.16666666666666666,0.8125,0.0625,10.666666666666666,13.4,12.1875,-3.0,-0.78125,-1.3125,0.6875,9.771241830065359,8.254901960784315,0.0,9.493464052287582,0.3169934640522876,0.0,-0.6287581699346418,9.977611940298507,0.0,0.16410803127221038,10.09502487562189,0.3263326226012793,-3.2223880597014922,0,18,0.45,57.0,17,5,0,-4,0
2022,17,Marina Bay,HAM,Mercedes,3.3333333333333335,3.6,43.0,365.0,3.0,154.0,0.06756756756756757,0.9375,9.666666666666666,6.6,167.0,6.0,152.0,0.07142857142857142,0.9375,0.6875,5.333333333333333,5.4,6.9375,1.2,0.15625,0.6875,0.375,9.771241830065359,8.254901960784315,0.0,9.493464052287582,0.3169934640522876,0.0,3.171241830065359,9.977611940298507,0.0,0.16410803127221038,10.09502487562189,0.3263326226012793,6.377611940298507,0,18,0.45,57.0,17,5,0,-4,0
2022,17,Marina Bay,LAT,Williams,13.666666666666666,14.2,2.0,6.0,10.0,513.0,0.19736842105263158,0.7878787878787878,17.0,17.2,0.0,20.0,319.0,0.16666666666666666,0.8125,0.0,17.666666666666668,18.6,18.3125,-1.4,1.4229166666666657,1.3604166666666657,0.1875,9.771241830065359,8.254901960784315,0.0,9.493464052287582,0.3169934640522876,0.0,-7.428758169934641,17.0,0.0,0.0,19.0,1.0,2.8000000000000007,0,18,0.45,57.0,17,5,0,-4,0
2022,17,Marina Bay,LEC,Ferrari,4.666666666666667,4.0,34.0,381.0,2.0,138.0,0.20270270270270271,0.78125,3.6666666666666665,7.2,205.0,2.0,114.0,0.16666666666666666,0.8125,0.625,2.3333333333333335,2.2,2.5625,5.0,-0.65625,-0.5625,0.5625,9.771241830065359,8.254901960784315,0.0,9.493464052287582,0.3169934640522876,0.0,2.5712418300653583,9.977611940298507,0.0,0.16410803127221038,10.09502487562189,0.3263326226012793,5.977611940298507,0,18,0.45,57.0,17,5,0,-4,0
2022,17,Marina Bay,MAG,Haas F1 Team,13.666666666666666,14.6,0.0,31.0,8.0,488.0,0.20270270270270271,0.78125,15.666666666666666,16.2,19.0,13.0,300.0,0.21428571428571427,0.75,0.0625,18.333333333333332,15.6,12.3125,0.6,-0.78125,0.06874999999999964,0.26666666666666666,9.771241830065359,8.254901960784315,0.0,9.493464052287582,0.3169934640522876,0.0,-6.428758169934641,9.977611940298507,0.0,0.16410803127221038,10.09502487562189,0.3263326226012793,-4.622388059701493,0,18,0.45,57.0,17,5,0,-4,0
2022,17,Marina Bay,MSC,Haas F1 Team,13.333333333333334,13.6,0.0,31.0,8.0,488.0,0.19736842105263158,0.7878787878787878,14.0,14.2,12.0,15.0,307.0,0.16666666666666666,0.8125,0.0,14.333333333333334,15.4,13.875,-1.2,0.78125,-0.06874999999999964,0.7333333333333333,9.771241830065359,8.254901960784315,0.0,9.493464052287582,0.3169934640522876,0.0,-4.428758169934641,12.0,0.0,0.0,9.0,0.0,-1.5999999999999996,0,18,0.45,57.0,17,5,0,-4,0
2022,17,Marina Bay,NOR,McLaren,13.666666666666666,12.6,6.0,100.0,5.0,419.0,0.0945945945945946,0.90625,8.666666666666666,8.0,84.0,7.0,235.0,0.07142857142857142,0.9375,0.125,8.0,6.6,8.375,1.4,-1.65625,-2.09375,0.75,9.771241830065359,8.254901960784315,0.0,9.493464052287582,0.3169934640522876,0.0,1.7712418300653585,9.977611940298507,0.0,0.16410803127221038,10.09502487562189,0.3263326226012793,-2.6223880597014926,0,18,0.45,57.0,17,5,0,-4,0
2022,17,Marina Bay,OCO,Alpine,16.0,12.6,0.0,122.0,4.0,397.0,0.14473684210526316,0.8484848484848485,9.0,8.8,63.0,8.0,256.0,0.07142857142857142,0.9375,0.0625,9.333333333333334,9.0,10.625,-0.2,1.125,-0.6875,0.5625,9.771241830065359,8.254901960784315,0.0,9.493464052287582,0.3169934640522876,0.0,0.9712418300653578,18.0,0.0,0.0,5.0,1.0,5.4,0,18,0.45,57.0,17,5,0,-4,0
2022,17,Marina Bay,PER,Red Bull Racing,2.6666666666666665,2.8,60.0,519.0,1.0,0.0,0.14864864864864866,0.84375,4.333333333333333,4.4,200.0,3.0,119.0,0.16666666666666666,0.8125,0.75,4.0,5.2,5.3125,-0.8,1.375,1.21875,0.25,9.771241830065359,8.254901960784315,0.0,9.493464052287582,0.3169934640522876,0.0,5.371241830065358,9.977611940298507,0.0,0.16410803127221038,10.09502487562189,0.3263326226012793,7.177611940298507,0,18,0.45,57.0,17,5,0,-4,1
2022,17,Marina Bay,RIC,McLaren,9.333333333333334,10.4,18.0,112.0,5.0,407.0,0.09210526315789473,0.9090909090909091,16.333333333333332,14.6,16.0,14.0,303.0,0.11904761904761904,0.875,0.0,12.0,11.2,11.6875,3.4,1.65625,2.09375,0.25,9.771241830065359,8.254901960784315,0.0,9.493464052287582,0.3169934640522876,0.0,-4.828758169934641,4.0,0.0,0.0,6.0,0.0,-6.4,0,18,0.45,57.0,17,5,0,-4,0
2022,17,Marina Bay,RUS,Mercedes,5.666666666666667,4.6,27.0,367.0,3.0,152.0,0.06578947368421052,0.9393939393939394,3.0,3.0,198.0,4.0,121.0,0.07142857142857142,0.9375,0.9375,6.666666666666667,5.4,6.625,-2.4,-0.15625,-0.6875,0.625,9.771241830065359,8.254901960784315,0.0,9.493464052287582,0.3169934640522876,0.0,6.7712418300653585,9.0,0.0,0.0,3.0,0.0,4.4,0,18,0.45,57.0,17,5,0,-4,0
2022,17,Marina Bay,SAI,Ferrari,2.6666666666666665,3.8,48.0,399.0,2.0,120.0,0.19736842105263158,0.7878787878787878,5.0,4.8,176.0,5.0,143.0,0.21428571428571427,0.75,0.6875,2.6666666666666665,3.8,3.875,1.0,0.65625,0.5625,0.4375,9.771241830065359,8.254901960784315,0.0,9.493464052287582,0.3169934640522876,0.0,4.971241830065359,2.0,0.0,1.0,1.0,0.0,-1.7999999999999998,0,18,0.45,57.0,17,5,0,-4,0
2022,17,Marina Bay,STR,Aston Martin,17.333333333333332,14.0,0.0,25.0,9.0,494.0,0.14864864864864866,0.84375,13.0,12.0,5.0,18.0,314.0,0.11904761904761904,0.875,0.0,14.0,14.6,16.375,-2.6,0.5803571428571423,-0.01785714285714235,0.5,9.771241830065359,8.254901960784315,0.0,9.493464052287582,0.3169934640522876,0.0,-2.2287581699346415,9.977611940298507,0.0,0.16410803127221038,10.09502487562189,0.3263326226012793,-4.022388059701493,0,18,0.45,57.0,17,5,0,-4,0
2022,17,Marina Bay,TSU,AlphaTauri,10.666666666666666,12.6,5.0,34.0,7.0,485.0,0.19736842105263158,0.7878787878787878,15.666666666666666,17.2,11.0,16.0,308.0,0.21428571428571427,0.75,0.0,14.333333333333334,13.4,13.75,3.8,0.78125,1.3125,0.3125,9.771241830065359,8.254901960784315,0.0,9.493464052287582,0.3169934640522876,0.0,-7.428758169934641,10.0,0.0,0.0,7.0,0.0,-2.5999999999999996,0,18,0.45,57.0,17,5,0,-4,0
2022,17,Marina Bay,VER,Red Bull Racing,2.6666666666666665,2.8,59.0,544.0,1.0,-25.0,0.14473684210526316,0.8484848484848485,1.0,1.0,319.0,1.0,0.0,0.11904761904761904,0.875,0.8125,1.3333333333333333,3.2,2.5625,-2.2,-1.375,-1.21875,0.75,9.771241830065359,8.254901960784315,0.0,9.493464052287582,0.3169934640522876,0.0,8.771241830065359,1.0,1.0,1.0,2.0,0.0,-1.7999999999999998,0,18,0.45,57.0,17,5,0,-4,0
2022,17,Marina Bay,VET,Aston Martin,14.666666666666666,13.6,8.0,33.0,9.0,486.0,0.14473684210526316,0.8484848484848485,14.0,12.6,20.0,12.0,299.0,0.18421052631578946,0.7857142857142857,0.0,17.333333333333332,16.8,15.214285714285714,-4.2,-0.5803571428571441,0.017857142857144126,0.5,9.771241830065359,8.254901960784315,0.0,9.493464052287582,0.3169934640522876,0.0,-2.828758169934641,6.0,0.0,0.0,12.0,0.0,-7.6,0,18,0.45,57.0,17,5,0,-4,0
2022,17,Marina Bay,ZHO,Alfa Romeo,11.333333333333334,13.8,1.0,50.0,6.0,469.0,0.25,0.7272727272727273,13.333333333333334,13.8,6.0,17.0,313.0,0.21428571428571427,0.75,0.0,13.666666666666666,14.2,14.375,-0.4,1.65625,1.34375,0.3125,9.771241830065359,8.254901960784315,0.0,9.493464052287582,0.3169934640522876,0.0,-4.028758169934642,11.0,0.0,0.0,16.0,0.0,-2.8000000000000007,0,18,0.45,57.0,17,5,0,-4,0
2022,18,Suzuka,ALB,Williams,17.0,15.6,0.0,6.0,10.0,544.0,0.21794871794871795,0.7647058823529411,13.0,13.8,4.0,19.0,321.0,0.21428571428571427,0.75,0.0,14.333333333333334,15.0,15.6875,-1.2,-1.362132352941174,-1.3327205882352935,0.8125,10.11111111111111,8.72549019607843,0.0,9.797385620915033,0.2712418300653595,0.0,-3.68888888888889,10.334825870646766,0.0,0.15913290689410092,10.313681592039801,0.25138592750533045,-5.265174129353234,0,18,0.45,57.0,18,4,0,-4,0
2022,18,Suzuka,ALO,Alpine,15.0,14.6,0.0,122.0,4.0,428.0,0.16666666666666666,0.8235294117647058,14.333333333333334,11.2,59.0,9.0,266.0,0.20454545454545456,0.7647058823529411,0.11764705882352941,9.333333333333334,8.0,8.176470588235293,3.2,-1.4411764705882355,0.7058823529411757,0.4117647058823529,10.11111111111111,8.72549019607843,0.0,9.797385620915033,0.2712418300653595,0.0,-1.0888888888888886,10.334825870646766,0.0,0.15913290689410092,10.313681592039801,0.25138592750533045,-4.265174129353234,0,18,0.45,57.0,18,4,0,-4,0
2022,18,Suzuka,BOT,Alfa Romeo,13.666666666666666,14.0,1.0,50.0,6.0,500.0,0.2692307692307692,0.7058823529411765,14.333333333333334,16.4,44.0,10.0,281.0,0.25,0.7058823529411765,0.058823529411764705,14.666666666666666,14.4,11.352941176470589,2.0,-1.5294117647058822,-1.5294117647058822,0.7058823529411765,10.11111111111111,8.72549019607843,0.0,9.797385620915033,0.2712418300653595,0.0,-6.288888888888888,10.334825870646766,0.0,0.15913290689410092,10.313681592039801,0.25138592750533045,-3.6651741293532343,0,18,0.45,57.0,18,4,0,-4,0
2022,18,Suzuka,GAS,AlphaTauri,13.0,13.4,1.0,34.0,8.0,516.0,0.21794871794871795,0.7647058823529411,9.666666666666666,10.0,23.0,13.0,302.0,0.1590909090909091,0.8235294117647058,0.058823529411764705,9.0,11.6,11.882352941176471,-1.6,-0.8235294117647065,-1.382352941176471,0.7058823529411765,10.11111111111111,8.72549019607843,0.0,9.797385620915033,0.2712418300653595,0.0,0.11111111111111072,10.334825870646766,0.0,0.15913290689410092,10.313681592039801,0.25138592750533045,-3.0651741293532346,0,18,0.45,57.0,18,4,0,-4,0
2022,18,Suzuka,HAM,Mercedes,8.666666666666666,6.6,17.0,367.0,3.0,183.0,0.0641025641025641,0.9411764705882353,6.0,8.0,169.0,6.0,156.0,0.06818181818181818,0.9411764705882353,0.6470588235294118,4.0,5.2,6.705882352941177,2.8,-0.08823529411764763,0.5,0.4117647058823529,10.11111111111111,8.72549019607843,0.0,9.797385620915033,0.2712418300653595,0.0,2.1111111111111107,10.334825870646766,0.0,0.15913290689410092,10.313681592039801,0.25138592750533045,3.734825870646766,0,18,0.45,57.0,18,4,0,-4,0
2022,18,Suzuka,LAT,Williams,18.666666666666668,16.0,0.0,6.0,10.0,544.0,0.2375,0.7428571428571429,17.333333333333332,17.6,0.0,20.0,325.0,0.20454545454545456,0.7647058823529411,0.0,18.666666666666668,18.6,18.41176470588235,-1.0,1.3621323529411775,1.3327205882352935,0.17647058823529413,10.11111111111111,8.72549019607843,0.0,9.797385620915033,0.2712418300653595,0.0,-7.488888888888891,20.0,0.0,0.0,16.0,1.0,4.0,0,18,0.45,57.0,18,4,0,-4,0
2022,18,Suzuka,LEC,Ferrari,3.0,3.8,45.0,414.0,2.0,136.0,0.19230769230769232,0.7941176470588235,2.3333333333333335,3.8,223.0,3.0,102.0,0.1590909090909091,0.8235294117647058,0.6470588235294118,1.3333333333333333,2.2,2.4705882352941178,1.6,-0.7058823529411766,-0.5588235294117645,0.5882352941176471,10.11111111111111,8.72549019607843,0.0,9.797385620915033,0.2712418300653595,0.0,6.311111111111111,10.334825870646766,0.0,0.15913290689410092,10.313681592039801,0.25138592750533045,6.534825870646766,0,18,0.45,57.0,18,4,0,-4,0
2022,18,Suzuka,MAG,Haas F1 Team,12.333333333333334,13.2,0.0,31.0,9.0,519.0,0.19230769230769232,0.7941176470588235,14.333333333333334,15.0,19.0,14.0,306.0,0.20454545454545456,0.7647058823529411,0.058823529411764705,15.333333333333334,15.4,12.117647058823529,-0.4,-0.8529411764705888,0.036764705882353255,0.3125,10.11111111111111,8.72549019607843,0.0,9.797385620915033,0.2712418300653595,0.0,-4.888888888888889,10.334825870646766,0.0,0.15913290689410092,10.313681592039801,0.25138592750533045,-2.8651741293532336,0,18,0.45,57.0,18,4,0,-4,0
2022,18,Suzuka,MSC,Haas F1 Team,13.0,13.4,0.0,31.0,9.0,519.0,0.1875,0.8,12.666666666666666,13.8,12.0,16.0,313.0,0.1590909090909091,0.8235294117647058,0.0,13.666666666666666,14.2,13.823529411764707,-0.4,0.8529411764705888,-0.036764705882353255,0.6875,10.11111111111111,8.72549019607843,0.0,9.797385620915033,0.2712418300653595,0.0,-3.68888888888889,14.0,0.0,0.0,18.0,0.0,0.5999999999999996,0,18,0.45,57.0,18,4,0,-4,0
2022,18,Suzuka,NOR,McLaren,8.666666666666666,10.0,22.0,122.0,4.0,428.0,0.08974358974358974,0.9117647058823529,6.0,7.4,96.0,7.0,229.0,0.06818181818181818,0.9411764705882353,0.17647058823529413,6.666666666666667,6.8,8.235294117647058,0.6,-1.882352941176471,-2.0,0.7647058823529411,10.11111111111111,8.72549019607843,0.0,9.797385620915033,0.2712418300653595,0.0,2.7111111111111104,10.334825870646766,0.0,0.15913290689410092,10.313681592039801,0.25138592750533045,0.3348258706467657,0,18,0.45,57.0,18,4,0,-4,0
2022,18,Suzuka,OCO,Alpine,13.666666666666666,14.2,6.0,128.0,4.0,422.0,0.1625,0.8285714285714286,12.0,10.4,63.0,8.0,262.0,0.11363636363636363,0.8823529411764706,0.058823529411764705,13.666666666666666,10.2,11.058823529411764,0.2,1.4411764705882355,-0.7058823529411775,0.5882352941176471,10.11111111111111,8.72549019607843,0.0,9.797385620915033,0.2712418300653595,0.0,-0.28888888888888964,7.0,0.0,0.0,7.0,0.0,-7.199999999999999,0,18,0.45,57.0,18,4,0,-4,0
2022,18,Suzuka,PER,Red Bull Racing,3.0,3.2,56.0,550.0,1.0,0.0,0.14102564102564102,0.8529411764705882,4.0,3.8,225.0,2.0,100.0,0.1590909090909091,0.8235294117647058,0.7647058823529411,3.6666666666666665,5.0,5.117647058823529,-1.2,1.117647058823529,0.9705882352941178,0.29411764705882354,10.11111111111111,8.72549019607843,0.0,9.797385620915033,0.2712418300653595,0.0,6.311111111111111,10.334825870646766,0.0,0.15913290689410092,10.313681592039801,0.25138592750533045,7.1348258706467655,0,18,0.45,57.0,18,4,0,-4,0
2022,18,Suzuka,RIC,McLaren,6.333333333333333,8.6,23.0,123.0,4.0,427.0,0.0875,0.9142857142857143,13.0,13.8,26.0,11.0,299.0,0.11363636363636363,0.8823529411764706,0.058823529411764705,14.0,12.4,12.0,1.4,1.882352941176471,2.0,0.23529411764705882,10.11111111111111,8.72549019607843,0.0,9.797385620915033,0.2712418300653595,0.0,-3.68888888888889,10.0,0.0,0.0,10.0,0.0,1.4000000000000004,0,18,0.45,57.0,18,4,0,-4,0
2022,18,Suzuka,RUS,Mercedes,9.333333333333334,7.2,12.0,377.0,3.0,173.0,0.0625,0.9428571428571428,6.333333333333333,5.2,198.0,4.0,127.0,0.06818181818181818,0.9411764705882353,0.8823529411764706,7.666666666666667,6.4,6.882352941176471,-1.2,0.08823529411764675,-0.5,0.5882352941176471,10.11111111111111,8.72549019607843,0.0,9.797385620915033,0.2712418300653595,0.0,4.9111111111111105,5.0,0.0,0.0,6.0,0.0,-2.2,0,18,0.45,57.0,18,4,0,-4,0
2022,18,Suzuka,SAI,Ferrari,2.6666666666666665,2.8,48.0,429.0,2.0,121.0,0.1875,0.8,5.0,4.4,191.0,5.0,134.0,0.20454545454545456,0.7647058823529411,0.7058823529411765,3.3333333333333335,2.8,3.8823529411764706,1.6,0.7058823529411762,0.5588235294117654,0.4117647058823529,10.11111111111111,8.72549019607843,0.0,9.797385620915033,0.2712418300653595,0.0,5.71111111111111,3.0,0.0,1.0,2.0,0.0,0.20000000000000018,0,18,0.45,57.0,18,4,0,-4,0
2022,18,Suzuka,STR,Aston Martin,11.333333333333334,13.2,12.0,37.0,7.0,513.0,0.14102564102564102,0.8529411764705882,11.333333333333334,11.2,13.0,15.0,312.0,0.11363636363636363,0.8823529411764706,0.0,13.333333333333334,13.6,16.11764705882353,-2.4,0.49215686274509807,-0.0588235294117645,0.5294117647058824,10.11111111111111,8.72549019607843,0.0,9.797385620915033,0.2712418300653595,0.0,-1.0888888888888886,10.334825870646766,0.0,0.15913290689410092,10.313681592039801,0.25138592750533045,-2.8651741293532336,0,18,0.45,57.0,18,4,0,-4,0
2022,18,Suzuka,TSU,AlphaTauri,14.333333333333334,13.0,1.0,34.0,8.0,516.0,0.2125,0.7714285714285715,16.333333333333332,16.2,11.0,17.0,314.0,0.25,0.7058823529411765,0.0,11.333333333333334,13.8,13.529411764705882,2.4,0.8235294117647047,1.3823529411764692,0.29411764705882354,10.11111111111111,8.72549019607843,0.0,9.797385620915033,0.2712418300653595,0.0,-6.088888888888889,18.0,0.0,0.0,17.0,0.0,5.0,0,18,0.45,57.0,18,4,0,-4,0
2022,18,Suzuka,VER,Red Bull Racing,3.3333333333333335,3.4,49.0,568.0,1.0,-18.0,0.1375,0.8571428571428571,3.0,2.2,325.0,1.0,0.0,0.11363636363636363,0.8823529411764706,0.7647058823529411,3.6666666666666665,4.4,2.8823529411764706,-2.2,-1.1176470588235294,-0.9705882352941178,0.7058823529411765,10.11111111111111,8.72549019607843,0.0,9.797385620915033,0.2712418300653595,0.0,7.9111111111111105,2.0,0.0,1.0,4.0,0.0,-1.4,0,18,0.45,57.0,18,4,0,-4,1
2022,18,Suzuka,VET,Aston Martin,8.666666666666666,12.8,12.0,37.0,7.0,513.0,0.1375,0.8571428571428571,14.0,12.0,24.0,12.0,301.0,0.175,0.8,0.0,16.666666666666668,16.8,15.133333333333333,-4.8,-0.49215686274509807,0.0588235294117645,0.4666666666666667,10.11111111111111,8.72549019607843,0.0,9.797385620915033,0.2712418300653595,0.0,-1.8888888888888893,12.0,0.0,0.0,19.0,0.0,-0.8000000000000007,0,18,0.45,57.0,18,4,0,-4,0
2022,18,Suzuka,ZHO,Alfa Romeo,15.333333333333334,13.8,0.0,50.0,6.0,500.0,0.2625,0.7142857142857143,15.333333333333334,14.6,6.0,18.0,319.0,0.25,0.7058823529411765,0.0,14.333333333333334,13.6,14.411764705882353,1.0,1.5294117647058822,1.5294117647058822,0.29411764705882354,10.11111111111111,8.72549019607843,0.0,9.797385620915033,0.2712418300653595,0.0,-4.488888888888889,15.0,0.0,0.0,12.0,0.0,1.1999999999999993,0,18,0.45,57.0,18,4,0,-4,0
2022,19,Austin,ALB,Williams,16.0,16.0,2.0,8.0,10.0,585.0,0.23170731707317074,0.75,16.333333333333332,15.2,4.0,19.0,346.0,0.25,0.7058823529411765,0.0,16.666666666666668,15.2,15.705882352941176,0.0,-1.3970588235294112,-0.942810457516341,0.7647058823529411,9.980392156862745,7.686274509803922,0.0,9.509803921568627,0.2549019607843137,0.0,-5.219607843137254,10.505223880597015,0.0,0.15913290689410092,10.42860696517413,0.25671641791044775,-5.494776119402985,0,18,0.45,57.0,19,3,0,-4,0
2022,19,Austin,ALO,Alpine,9.0,11.2,18.0,140.0,4.0,453.0,0.15853658536585366,0.8333333333333334,14.666666666666666,11.0,65.0,9.0,285.0,0.1956521739130435,0.7777777777777778,0.1111111111111111,7.333333333333333,8.2,8.11111111111111,2.8,-1.3055555555555554,0.75,0.3888888888888889,9.980392156862745,7.686274509803922,0.0,9.509803921568627,0.2549019607843137,0.0,-1.0196078431372548,10.505223880597015,0.0,0.15913290689410092,10.42860696517413,0.25671641791044775,-0.6947761194029844,0,18,0.45,57.0,19,3,0,-4,0
2022,19,Austin,BOT,Alfa Romeo,17.0,14.4,0.0,50.0,6.0,543.0,0.25609756097560976,0.7222222222222222,13.0,15.4,44.0,10.0,306.0,0.2391304347826087,0.7222222222222222,0.05555555555555555,13.333333333333334,15.2,11.38888888888889,0.2,-1.5,-1.4722222222222232,0.7222222222222222,9.980392156862745,7.686274509803922,0.0,9.509803921568627,0.2549019607843137,0.0,-5.419607843137255,10.505223880597015,0.0,0.15913290689410092,10.42860696517413,0.25671641791044775,-3.8947761194029855,0,18,0.45,57.0,19,3,0,-4,0
2022,19,Austin,GAS,AlphaTauri,15.333333333333334,14.0,0.0,34.0,8.0,559.0,0.2073170731707317,0.7777777777777778,12.0,11.2,23.0,13.0,327.0,0.15217391304347827,0.8333333333333334,0.05555555555555555,11.0,11.2,12.166666666666666,0.0,-0.6666666666666661,-1.166666666666666,0.6666666666666666,9.980392156862745,7.686274509803922,0.0,9.509803921568627,0.2549019607843137,0.0,-1.2196078431372541,10.505223880597015,0.0,0.15913290689410092,10.42860696517413,0.25671641791044775,-3.494776119402985,0,18,0.45,57.0,19,3,0,-4,0
2022,19,Austin,HAM,Mercedes,9.0,7.8,14.0,381.0,3.0,212.0,0.06097560975609756,0.9444444444444444,6.333333333333333,8.6,179.0,6.0,171.0,0.06521739130434782,0.9444444444444444,0.6666666666666666,4.666666666666667,5.0,6.666666666666667,3.6,-0.1388888888888884,0.3888888888888893,0.4444444444444444,9.980392156862745,7.686274509803922,0.0,9.509803921568627,0.2549019607843137,0.0,1.3803921568627455,10.505223880597015,0.0,0.15913290689410092,10.42860696517413,0.25671641791044775,2.705223880597015,0,18,0.45,57.0,19,3,0,-4,0
2022,19,Austin,LAT,Williams,14.0,15.6,2.0,8.0,10.0,585.0,0.2261904761904762,0.7567567567567568,14.333333333333334,15.8,2.0,20.0,348.0,0.1956521739130435,0.7777777777777778,0.0,18.666666666666668,18.6,18.5,-2.8,1.397058823529413,0.9428104575163392,0.2222222222222222,9.980392156862745,7.686274509803922,0.0,9.509803921568627,0.2549019607843137,0.0,-5.8196078431372555,13.0,0.0,0.0,11.0,0.0,-2.5999999999999996,0,18,0.45,57.0,19,3,0,-4,0
2022,19,Austin,LEC,Ferrari,8.333333333333334,6.2,30.0,429.0,2.0,164.0,0.2073170731707317,0.7777777777777778,2.3333333333333335,3.2,238.0,3.0,112.0,0.15217391304347827,0.8333333333333334,0.6666666666666666,1.3333333333333333,2.0,2.4444444444444446,1.2,-0.6944444444444446,-0.9722222222222214,0.6111111111111112,9.980392156862745,7.686274509803922,0.0,9.509803921568627,0.2549019607843137,0.0,6.780392156862745,10.505223880597015,0.0,0.15913290689410092,10.42860696517413,0.25671641791044775,4.305223880597015,0,18,0.45,57.0,19,3,0,-4,0
2022,19,Austin,MAG,Haas F1 Team,14.666666666666666,13.6,0.0,31.0,9.0,562.0,0.18292682926829268,0.8055555555555556,14.0,14.6,19.0,14.0,331.0,0.1956521739130435,0.7777777777777778,0.05555555555555555,15.333333333333334,16.4,12.444444444444445,-1.8,-0.7222222222222232,-0.0539215686274499,0.35294117647058826,9.980392156862745,7.686274509803922,0.0,9.509803921568627,0.2549019607843137,0.0,-4.6196078431372545,10.505223880597015,0.0,0.15913290689410092,10.42860696517413,0.25671641791044775,-3.094776119402985,0,18,0.45,57.0,19,3,0,-4,0
2022,19,Austin,MSC,Haas F1 Team,13.333333333333334,13.0,2.0,33.0,9.0,560.0,0.17857142857142858,0.8108108108108109,14.0,14.4,12.0,16.0,338.0,0.15217391304347827,0.8333333333333334,0.0,16.0,14.2,13.88888888888889,0.2,0.7222222222222214,0.05392156862745168,0.6470588235294118,9.980392156862745,7.686274509803922,0.0,9.509803921568627,0.2549019607843137,0.0,-4.419607843137255,9.0,0.0,0.0,16.0,0.0,-4.0,0,18,0.45,57.0,19,3,0,-4,0
2022,19,Austin,NOR,McLaren,8.666666666666666,9.4,11.0,123.0,5.0,470.0,0.08536585365853659,0.9166666666666666,7.0,8.0,97.0,7.0,253.0,0.06521739130434782,0.9444444444444444,0.16666666666666666,7.666666666666667,8.0,8.333333333333334,0.0,-1.8055555555555554,-1.916666666666666,0.7777777777777778,9.980392156862745,7.686274509803922,0.0,9.509803921568627,0.2549019607843137,0.0,1.9803921568627452,10.505223880597015,0.0,0.15913290689410092,10.42860696517413,0.25671641791044775,1.1052238805970145,0,18,0.45,57.0,19,3,0,-4,0
2022,19,Austin,OCO,Alpine,6.0,10.4,24.0,146.0,4.0,447.0,0.15476190476190477,0.8378378378378378,10.333333333333334,9.4,75.0,8.0,275.0,0.10869565217391304,0.8888888888888888,0.1111111111111111,11.333333333333334,10.2,10.722222222222221,-0.8,1.3055555555555554,-0.75,0.6111111111111112,9.980392156862745,7.686274509803922,0.0,9.509803921568627,0.2549019607843137,0.0,0.5803921568627448,7.0,0.0,0.0,9.0,0.0,-3.4000000000000004,0,18,0.45,57.0,19,3,0,-4,0
2022,19,Austin,PER,Red Bull Racing,3.3333333333333335,2.4,49.0,593.0,1.0,0.0,0.13414634146341464,0.8611111111111112,3.0,3.2,243.0,2.0,107.0,0.15217391304347827,0.8333333333333334,0.7777777777777778,3.3333333333333335,3.6,5.055555555555555,-0.4,1.1388888888888888,0.9444444444444446,0.2777777777777778,9.980392156862745,7.686274509803922,0.0,9.509803921568627,0.2549019607843137,0.0,6.780392156862745,10.505223880597015,0.0,0.15913290689410092,10.42860696517413,0.25671641791044775,8.105223880597014,0,18,0.45,57.0,19,3,0,-4,0
2022,19,Austin,RIC,McLaren,9.0,7.2,9.0,131.0,5.0,462.0,0.08333333333333333,0.918918918918919,11.0,13.0,26.0,12.0,324.0,0.10869565217391304,0.8888888888888888,0.05555555555555555,12.0,12.8,11.944444444444445,0.2,1.8055555555555554,1.9166666666666679,0.2222222222222222,9.980392156862745,7.686274509803922,0.0,9.509803921568627,0.2549019607843137,0.0,-3.019607843137255,6.0,0.0,0.0,8.0,0.0,-1.2000000000000002,0,18,0.45,57.0,19,3,0,-4,0
2022,19,Austin,RUS,Mercedes,5.0,7.6,32.0,399.0,3.0,194.0,0.05952380952380952,0.9459459459459459,8.333333333333334,6.2,202.0,4.0,148.0,0.06521739130434782,0.9444444444444444,0.8333333333333334,8.333333333333334,7.8,6.944444444444445,-1.6,0.13888888888888928,-0.3888888888888884,0.5555555555555556,9.980392156862745,7.686274509803922,0.0,9.509803921568627,0.2549019607843137,0.0,3.780392156862745,2.0,0.0,1.0,5.0,0.0,-5.6,0,18,0.45,57.0,19,3,0,-4,0
2022,19,Austin,SAI,Ferrari,8.333333333333334,6.0,30.0,444.0,2.0,149.0,0.20238095238095238,0.7837837837837838,8.666666666666666,7.4,191.0,5.0,159.0,0.2391304347826087,0.7222222222222222,0.6666666666666666,3.3333333333333335,3.0,3.8333333333333335,4.4,0.6944444444444442,0.9722222222222223,0.3888888888888889,9.980392156862745,7.686274509803922,0.0,9.509803921568627,0.2549019607843137,0.0,2.580392156862745,3.0,0.0,1.0,2.0,0.0,-3.0,0,18,0.45,57.0,19,3,0,-4,0
2022,19,Austin,STR,Aston Martin,8.666666666666666,10.4,12.0,45.0,7.0,548.0,0.13414634146341464,0.8611111111111112,12.0,11.4,13.0,15.0,337.0,0.10869565217391304,0.8888888888888888,0.0,16.333333333333332,14.6,16.27777777777778,-3.2,0.7638888888888893,0.13194444444444464,0.5,9.980392156862745,7.686274509803922,0.0,9.509803921568627,0.2549019607843137,0.0,-1.4196078431372552,10.505223880597015,0.0,0.15913290689410092,10.42860696517413,0.25671641791044775,0.10522388059701449,0,18,0.45,57.0,19,3,0,-4,0
2022,19,Austin,TSU,AlphaTauri,15.0,14.0,0.0,34.0,8.0,559.0,0.20238095238095238,0.7837837837837838,14.0,15.0,11.0,17.0,339.0,0.2391304347826087,0.7222222222222222,0.0,12.666666666666666,13.2,13.5,1.8,0.6666666666666679,1.166666666666666,0.3333333333333333,9.980392156862745,7.686274509803922,0.0,9.509803921568627,0.2549019607843137,0.0,-5.019607843137255,14.0,0.0,0.0,13.0,0.0,0.0,0,18,0.45,57.0,19,3,0,-4,0
2022,19,Austin,VER,Red Bull Racing,2.3333333333333335,3.0,55.0,605.0,1.0,-12.0,0.13095238095238096,0.8648648648648649,3.0,2.2,350.0,1.0,0.0,0.10869565217391304,0.8888888888888888,0.7777777777777778,3.6666666666666665,2.6,2.7777777777777777,-0.4,-1.1388888888888888,-0.9444444444444446,0.7222222222222222,9.980392156862745,7.686274509803922,0.0,9.509803921568627,0.2549019607843137,0.0,7.780392156862745,4.0,0.0,0.0,4.0,0.0,1.0,0,18,0.45,57.0,19,3,0,-4,1
2022,19,Austin,VET,Aston Martin,12.0,10.0,8.0,45.0,7.0,548.0,0.15476190476190477,0.8378378378378378,11.333333333333334,11.2,32.0,11.0,318.0,0.16666666666666666,0.8125,0.0,13.333333333333334,15.0,14.75,-3.8,-0.7638888888888893,-0.13194444444444464,0.5,9.980392156862745,7.686274509803922,0.0,9.509803921568627,0.2549019607843137,0.0,-1.2196078431372541,18.0,0.0,0.0,7.0,1.0,8.0,0,18,0.45,57.0,19,3,0,-4,0
2022,19,Austin,ZHO,Alfa Romeo,16.666666666666668,16.2,0.0,50.0,6.0,543.0,0.27380952380952384,0.7027027027027027,15.333333333333334,15.2,6.0,18.0,344.0,0.2391304347826087,0.7222222222222222,0.0,14.333333333333334,14.0,14.38888888888889,1.2,1.5,1.4722222222222214,0.2777777777777778,9.980392156862745,7.686274509803922,0.0,9.509803921568627,0.2549019607843137,0.0,-5.219607843137254,19.0,0.0,0.0,10.0,1.0,2.8000000000000007,0,18,0.45,57.0,19,3,0,-4,0
2022,20,Mexico City,ALB,Williams,13.0,15.6,2.0,8.0,10.0,622.0,0.22093023255813954,0.7631578947368421,16.666666666666668,14.4,4.0,19.0,371.0,0.2391304347826087,0.7222222222222222,0.0,15.333333333333334,14.0,15.444444444444445,0.4,-1.5672514619883042,-1.0,0.7777777777777778,9.761437908496731,8.705882352941176,0.0,9.676470588235293,0.2124183006535948,0.0,-4.638562091503269,10.387064676616914,0.0,0.16709310589907603,10.568407960199005,0.2457000710732054,-5.2129353233830855,0,18,0.45,57.0,20,2,0,-4,0
2022,20,Mexico City,ALO,Alpine,7.333333333333333,9.0,18.0,146.0,4.0,484.0,0.1511627906976744,0.8421052631578947,10.666666666666666,11.4,71.0,9.0,304.0,0.1875,0.7894736842105263,0.10526315789473684,7.0,8.8,8.157894736842104,2.6,-1.4736842105263168,0.6052631578947363,0.42105263157894735,9.761437908496731,8.705882352941176,0.0,9.676470588235293,0.2124183006535948,0.0,-1.6385620915032693,10.387064676616914,0.0,0.16709310589907603,10.568407960199005,0.2457000710732054,1.3870646766169141,0,18,0.45,57.0,20,2,0,-4,0
2022,20,Mexico City,BOT,Alfa Romeo,15.666666666666666,16.4,0.0,50.0,6.0,580.0,0.26744186046511625,0.7105263157894737,15.0,15.4,44.0,10.0,331.0,0.2708333333333333,0.6842105263157895,0.05263157894736842,12.666666666666666,13.2,11.31578947368421,2.2,-1.5263157894736832,-1.2105263157894743,0.6842105263157895,9.761437908496731,8.705882352941176,0.0,9.676470588235293,0.2124183006535948,0.0,-5.638562091503269,10.387064676616914,0.0,0.16709310589907603,10.568407960199005,0.2457000710732054,-6.0129353233830845,0,18,0.45,57.0,20,2,0,-4,0
2022,20,Mexico City,GAS,AlphaTauri,12.333333333333334,14.0,1.0,35.0,8.0,595.0,0.19767441860465115,0.7894736842105263,14.0,12.2,23.0,13.0,352.0,0.14583333333333334,0.8421052631578947,0.05263157894736842,12.333333333333334,11.4,12.210526315789474,0.8,-0.6842105263157894,-1.0,0.631578947368421,9.761437908496731,8.705882352941176,0.0,9.676470588235293,0.2124183006535948,0.0,-2.438562091503268,10.387064676616914,0.0,0.16709310589907603,10.568407960199005,0.2457000710732054,-3.612935323383086,0,18,0.45,57.0,20,2,0,-4,0
2022,20,Mexico City,HAM,Mercedes,5.0,6.8,33.0,410.0,3.0,220.0,0.05813953488372093,0.9473684210526315,5.333333333333333,5.0,197.0,5.0,178.0,0.0625,0.9473684210526315,0.6842105263157895,4.666666666666667,4.6,6.578947368421052,0.4,-0.1578947368421053,0.28947368421052655,0.47368421052631576,9.761437908496731,8.705882352941176,0.0,9.676470588235293,0.2124183006535948,0.0,4.761437908496731,10.387064676616914,0.0,0.16709310589907603,10.568407960199005,0.2457000710732054,3.5870646766169143,0,18,0.45,57.0,20,2,0,-4,0
2022,20,Mexico City,LAT,Williams,14.0,14.2,0.0,8.0,10.0,622.0,0.2159090909090909,0.7692307692307693,15.0,15.6,2.0,20.0,373.0,0.1875,0.7894736842105263,0.0,20.0,19.2,18.57894736842105,-3.6,1.5672514619883025,1.0,0.21052631578947367,9.761437908496731,8.705882352941176,0.0,9.676470588235293,0.2124183006535948,0.0,-5.8385620915032685,12.0,0.0,0.0,19.0,0.0,-2.1999999999999993,0,18,0.45,57.0,20,2,0,-4,0
2022,20,Mexico City,LEC,Ferrari,14.0,9.6,15.0,444.0,2.0,186.0,0.22093023255813954,0.7631578947368421,2.6666666666666665,2.6,253.0,3.0,122.0,0.14583333333333334,0.8421052631578947,0.6842105263157895,1.6666666666666667,1.6,2.4210526315789473,1.0,-0.6315789473684208,-1.3684210526315788,0.631578947368421,9.761437908496731,8.705882352941176,0.0,9.676470588235293,0.2124183006535948,0.0,7.1614379084967315,10.387064676616914,0.0,0.16709310589907603,10.568407960199005,0.2457000710732054,0.7870646766169145,0,18,0.45,57.0,20,2,0,-4,0
2022,20,Mexico City,MAG,Haas F1 Team,13.666666666666666,13.6,2.0,33.0,9.0,597.0,0.1744186046511628,0.8157894736842105,11.666666666666666,13.2,21.0,14.0,354.0,0.1875,0.7894736842105263,0.05263157894736842,14.333333333333334,16.0,12.631578947368421,-2.8,-0.7631578947368425,-0.21052631578947434,0.3888888888888889,9.761437908496731,8.705882352941176,0.0,9.676470588235293,0.2124183006535948,0.0,-3.438562091503268,10.387064676616914,0.0,0.16709310589907603,10.568407960199005,0.2457000710732054,-3.2129353233830855,0,18,0.45,57.0,20,2,0,-4,0
2022,20,Mexico City,MSC,Haas F1 Team,13.666666666666666,14.4,2.0,33.0,9.0,597.0,0.17045454545454544,0.8205128205128205,15.0,14.0,12.0,16.0,363.0,0.14583333333333334,0.8421052631578947,0.0,15.666666666666666,15.0,14.157894736842104,-1.0,0.7631578947368407,0.21052631578947256,0.6111111111111112,9.761437908496731,8.705882352941176,0.0,9.676470588235293,0.2124183006535948,0.0,-4.238562091503269,17.0,0.0,0.0,15.0,0.0,2.5999999999999996,0,18,0.45,57.0,20,2,0,-4,0
2022,20,Mexico City,NOR,McLaren,11.0,9.6,8.0,131.0,5.0,499.0,0.08139534883720931,0.9210526315789473,6.666666666666667,6.8,105.0,7.0,270.0,0.0625,0.9473684210526315,0.15789473684210525,8.0,7.6,8.31578947368421,-0.8,-1.9473684210526319,-2.078947368421053,0.7894736842105263,9.761437908496731,8.705882352941176,0.0,9.676470588235293,0.2124183006535948,0.0,2.9614379084967313,10.387064676616914,0.0,0.16709310589907603,10.568407960199005,0.2457000710732054,0.7870646766169145,0,18,0.45,57.0,20,2,0,-4,0
2022,20,Mexico City,OCO,Alpine,12.333333333333334,9.6,6.0,146.0,4.0,484.0,0.17045454545454544,0.8205128205128205,10.333333333333334,10.2,75.0,8.0,300.0,0.10416666666666667,0.8947368421052632,0.10526315789473684,13.666666666666666,12.8,11.105263157894736,-2.6,1.473684210526315,-0.6052631578947381,0.5789473684210527,9.761437908496731,8.705882352941176,0.0,9.676470588235293,0.2124183006535948,0.0,-0.4385620915032682,19.0,0.0,0.0,9.0,1.0,9.4,0,18,0.45,57.0,20,2,0,-4,0
2022,20,Mexico City,PER,Red Bull Racing,2.0,3.0,62.0,630.0,1.0,0.0,0.12790697674418605,0.868421052631579,2.3333333333333335,3.6,255.0,2.0,120.0,0.14583333333333334,0.8421052631578947,0.7894736842105263,3.3333333333333335,3.8,5.0,-0.2,1.1052631578947372,0.9736842105263159,0.2631578947368421,9.761437908496731,8.705882352941176,0.0,9.676470588235293,0.2124183006535948,0.0,6.1614379084967315,10.387064676616914,0.0,0.16709310589907603,10.568407960199005,0.2457000710732054,7.387064676616914,0,18,0.45,57.0,20,2,0,-4,0
2022,20,Mexico City,RIC,McLaren,10.333333333333334,10.4,10.0,133.0,5.0,497.0,0.07954545454545454,0.9230769230769231,10.666666666666666,13.2,26.0,12.0,349.0,0.10416666666666667,0.8947368421052632,0.05263157894736842,15.0,14.0,12.210526315789474,-0.8,1.9473684210526319,2.078947368421053,0.21052631578947367,9.761437908496731,8.705882352941176,0.0,9.676470588235293,0.2124183006535948,0.0,-3.438562091503268,9.0,0.0,0.0,8.0,0.0,-1.4000000000000004,0,18,0.45,57.0,20,2,0,-4,0
2022,20,Mexico City,RUS,Mercedes,3.0,4.4,47.0,428.0,3.0,202.0,0.056818181818181816,0.9487179487179487,9.0,6.4,213.0,4.0,162.0,0.0625,0.9473684210526315,0.8421052631578947,8.333333333333334,7.4,6.894736842105263,-1.0,0.1578947368421053,-0.28947368421052566,0.5263157894736842,9.761437908496731,8.705882352941176,0.0,9.676470588235293,0.2124183006535948,0.0,3.3614379084967307,2.0,0.0,1.0,3.0,0.0,-2.4000000000000004,0,18,0.45,57.0,20,2,0,-4,0
2022,20,Mexico City,SAI,Ferrari,9.666666666666666,10.2,23.0,452.0,2.0,178.0,0.2159090909090909,0.7692307692307693,14.0,10.8,191.0,6.0,184.0,0.2708333333333333,0.6842105263157895,0.631578947368421,2.6666666666666665,2.8,3.6842105263157894,8.0,0.6315789473684212,1.3684210526315788,0.3684210526315789,9.761437908496731,8.705882352941176,0.0,9.676470588235293,0.2124183006535948,0.0,-1.0385620915032696,6.0,0.0,0.0,7.0,0.0,-4.199999999999999,0,18,0.45,57.0,20,2,0,-4,0
2022,20,Mexico City,STR,Aston Martin,10.666666666666666,10.4,12.0,49.0,7.0,581.0,0.1511627906976744,0.8421052631578947,12.0,12.8,13.0,15.0,362.0,0.14583333333333334,0.8421052631578947,0.0,12.666666666666666,13.2,15.789473684210526,-0.4,0.6006191950464395,0.39938080495356054,0.47368421052631576,9.761437908496731,8.705882352941176,0.0,9.676470588235293,0.2124183006535948,0.0,-3.0385620915032696,10.387064676616914,0.0,0.16709310589907603,10.568407960199005,0.2457000710732054,-0.012935323383086228,0,18,0.45,57.0,20,2,0,-4,0
2022,20,Mexico City,TSU,AlphaTauri,11.666666666666666,13.2,1.0,35.0,8.0,595.0,0.19318181818181818,0.7948717948717948,12.666666666666666,14.4,12.0,16.0,363.0,0.22916666666666666,0.7368421052631579,0.0,12.666666666666666,12.4,13.578947368421053,2.0,0.6842105263157894,1.0,0.3684210526315789,9.761437908496731,8.705882352941176,0.0,9.676470588235293,0.2124183006535948,0.0,-4.638562091503269,11.0,0.0,0.0,14.0,0.0,-2.1999999999999993,0,18,0.45,57.0,20,2,0,-4,0
2022,20,Mexico City,VER,Red Bull Racing,2.6666666666666665,2.2,52.0,645.0,1.0,-15.0,0.125,0.8717948717948718,3.0,2.2,375.0,1.0,0.0,0.10416666666666667,0.8947368421052632,0.7894736842105263,4.0,3.0,2.789473684210526,-0.8,-1.1052631578947367,-0.973684210526315,0.7368421052631579,9.761437908496731,8.705882352941176,0.0,9.676470588235293,0.2124183006535948,0.0,7.561437908496731,3.0,0.0,1.0,4.0,0.0,0.7999999999999998,0,18,0.45,57.0,20,2,0,-4,1
2022,20,Mexico City,VET,Aston Martin,13.666666666666666,11.8,4.0,49.0,7.0,581.0,0.14772727272727273,0.8461538461538461,7.333333333333333,11.2,36.0,11.0,339.0,0.1590909090909091,0.8235294117647058,0.0,11.666666666666666,14.2,14.588235294117647,-3.0,-0.6006191950464395,-0.39938080495356054,0.5294117647058824,9.761437908496731,8.705882352941176,0.0,9.676470588235293,0.2124183006535948,0.0,-1.4385620915032682,15.0,0.0,0.0,18.0,0.0,3.1999999999999993,0,18,0.45,57.0,20,2,0,-4,0
2022,20,Mexico City,ZHO,Alfa Romeo,13.666666666666666,14.4,1.0,51.0,6.0,579.0,0.26136363636363635,0.717948717948718,16.0,14.8,6.0,18.0,369.0,0.22916666666666666,0.7368421052631579,0.0,14.333333333333334,14.2,14.368421052631579,0.6,1.526315789473685,1.2105263157894726,0.3157894736842105,9.761437908496731,8.705882352941176,0.0,9.676470588235293,0.2124183006535948,0.0,-5.03856209150327,10.0,0.0,0.0,6.0,0.0,-4.4,0,18,0.45,57.0,20,2,0,-4,0
2022,21,São Paulo,ALB,Williams,15.666666666666666,13.8,0.0,8.0,10.0,662.0,0.2111111111111111,0.775,15.0,14.8,4.0,19.0,396.0,0.22916666666666666,0.7368421052631579,0.0,15.333333333333334,16.0,15.631578947368421,-1.2,-1.509210526315787,-1.1026315789473689,0.7894736842105263,9.83986928104575,7.588235294117647,0.0,9.532679738562091,0.2679738562091503,0.0,-4.96013071895425,10.300248756218906,0.0,0.1513148542999289,9.797263681592039,0.2499289267945984,-3.4997512437810947,0,18,0.45,57.0,21,1,0,-4,0
2022,21,São Paulo,ALO,Alpine,12.666666666666666,9.8,4.0,150.0,4.0,520.0,0.16666666666666666,0.825,11.0,14.0,71.0,9.0,329.0,0.22,0.75,0.1,8.333333333333334,8.0,8.2,6.0,-1.4250000000000007,0.8499999999999996,0.4,9.83986928104575,7.588235294117647,0.0,9.532679738562091,0.2679738562091503,0.0,-4.16013071895425,10.300248756218906,0.0,0.1513148542999289,9.797263681592039,0.2499289267945984,0.5002487562189053,0,18,0.45,57.0,21,1,0,-4,0
2022,21,São Paulo,BOT,Alfa Romeo,11.666666666666666,14.0,1.0,51.0,6.0,619.0,0.25555555555555554,0.725,14.666666666666666,13.6,45.0,10.0,355.0,0.26,0.7,0.05,9.333333333333334,11.2,11.05,2.4,-1.5999999999999996,-1.2249999999999996,0.7,9.83986928104575,7.588235294117647,0.0,9.532679738562091,0.2679738562091503,0.0,-3.760130718954249,10.300248756218906,0.0,0.1513148542999289,9.797263681592039,0.2499289267945984,-3.699751243781094,0,18,0.45,57.0,21,1,0,-4,0
2022,21,São Paulo,GAS,AlphaTauri,13.666666666666666,13.6,1.0,35.0,8.0,635.0,0.2111111111111111,0.775,14.333333333333334,12.2,23.0,13.0,377.0,0.14,0.85,0.05,14.666666666666666,12.0,12.3,0.2,-0.625,-1.1750000000000007,0.65,9.83986928104575,7.588235294117647,0.0,9.532679738562091,0.2679738562091503,0.0,-2.360130718954249,10.300248756218906,0.0,0.1513148542999289,9.797263681592039,0.2499289267945984,-3.2997512437810936,0,18,0.45,57.0,21,1,0,-4,0
2022,21,São Paulo,HAM,Mercedes,3.6666666666666665,4.2,42.0,441.0,3.0,229.0,0.05555555555555555,0.95,3.0,4.6,215.0,5.0,185.0,0.06,0.95,0.7,4.666666666666667,4.4,6.4,0.2,-0.125,0.22499999999999964,0.5,9.83986928104575,7.588235294117647,0.0,9.532679738562091,0.2679738562091503,0.0,5.239869281045751,10.300248756218906,0.0,0.1513148542999289,9.797263681592039,0.2499289267945984,6.100248756218906,0,18,0.45,57.0,21,1,0,-4,0
2022,21,São Paulo,LAT,Williams,15.0,15.0,0.0,8.0,10.0,662.0,0.20652173913043478,0.7804878048780488,14.666666666666666,15.6,2.0,20.0,398.0,0.18,0.8,0.0,20.0,19.2,18.65,-3.6,1.5092105263157904,1.1026315789473689,0.2,9.83986928104575,7.588235294117647,0.0,9.532679738562091,0.2679738562091503,0.0,-5.760130718954249,15.0,0.0,0.0,11.0,0.0,0.0,0,18,0.45,57.0,21,1,0,-4,0
2022,21,São Paulo,LEC,Ferrari,10.333333333333334,10.6,18.0,462.0,2.0,208.0,0.2111111111111111,0.775,4.0,3.2,261.0,3.0,139.0,0.14,0.85,0.65,3.6666666666666665,2.6,2.65,0.6,-0.5500000000000003,-1.2750000000000004,0.6,9.83986928104575,7.588235294117647,0.0,9.532679738562091,0.2679738562091503,0.0,6.63986928104575,10.300248756218906,0.0,0.1513148542999289,9.797263681592039,0.2499289267945984,-0.29975124378109363,0,18,0.45,57.0,21,1,0,-4,0
2022,21,São Paulo,MAG,Haas F1 Team,16.0,14.8,0.0,33.0,9.0,637.0,0.16666666666666666,0.825,13.333333333333334,13.6,21.0,14.0,379.0,0.18,0.8,0.05,16.333333333333332,15.4,12.75,-1.8,-0.75,-0.17763157894736814,0.3684210526315789,9.83986928104575,7.588235294117647,0.0,9.532679738562091,0.2679738562091503,0.0,-3.760130718954249,10.300248756218906,0.0,0.1513148542999289,9.797263681592039,0.2499289267945984,-4.499751243781095,0,18,0.45,57.0,21,1,0,-4,0
2022,21,São Paulo,MSC,Haas F1 Team,17.333333333333332,15.2,0.0,33.0,9.0,637.0,0.18478260869565216,0.8048780487804879,16.0,14.6,12.0,16.0,388.0,0.14,0.85,0.0,16.666666666666668,16.6,14.25,-2.0,0.75,0.17763157894736814,0.631578947368421,9.83986928104575,7.588235294117647,0.0,9.532679738562091,0.2679738562091503,0.0,-4.760130718954249,19.0,0.0,0.0,1.0,1.0,3.8000000000000007,0,18,0.45,57.0,21,1,0,-4,0
2022,21,São Paulo,NOR,McLaren,10.666666666666666,9.8,8.0,139.0,5.0,531.0,0.07777777777777778,0.925,8.333333333333334,7.2,107.0,7.0,293.0,0.06,0.95,0.15,8.666666666666666,7.8,8.3,-0.6,-1.9250000000000007,-1.9250000000000007,0.75,9.83986928104575,7.588235294117647,0.0,9.532679738562091,0.2679738562091503,0.0,2.6398692810457502,10.300248756218906,0.0,0.1513148542999289,9.797263681592039,0.2499289267945984,0.5002487562189053,0,18,0.45,57.0,21,1,0,-4,0
2022,21,São Paulo,OCO,Alpine,10.666666666666666,10.0,14.0,160.0,4.0,510.0,0.16304347826086957,0.8292682926829268,7.666666666666667,10.0,79.0,8.0,321.0,0.1,0.9,0.1,11.0,12.4,11.05,-2.4,1.4250000000000007,-0.8499999999999996,0.6,9.83986928104575,7.588235294117647,0.0,9.532679738562091,0.2679738562091503,0.0,-0.16013071895424957,5.0,0.0,0.0,7.0,0.0,-5.0,0,18,0.45,57.0,21,1,0,-4,0
2022,21,São Paulo,PER,Red Bull Racing,1.6666666666666667,2.0,65.0,670.0,1.0,0.0,0.12222222222222222,0.875,3.0,3.2,270.0,2.0,130.0,0.14,0.85,0.8,4.0,3.6,4.95,-0.4,1.125,0.9750000000000005,0.25,9.83986928104575,7.588235294117647,0.0,9.532679738562091,0.2679738562091503,0.0,6.63986928104575,10.300248756218906,0.0,0.1513148542999289,9.797263681592039,0.2499289267945984,8.300248756218906,0,18,0.45,57.0,21,1,0,-4,0
2022,21,São Paulo,RIC,McLaren,11.333333333333334,11.2,8.0,139.0,5.0,531.0,0.09782608695652174,0.9024390243902439,11.333333333333334,11.2,32.0,12.0,368.0,0.1,0.9,0.05,13.0,12.8,12.15,-1.6,1.924999999999999,1.9250000000000007,0.25,9.83986928104575,7.588235294117647,0.0,9.532679738562091,0.2679738562091503,0.0,-1.3601307189542489,18.0,0.0,0.0,4.0,1.0,6.800000000000001,0,18,0.45,57.0,21,1,0,-4,0
2022,21,São Paulo,RUS,Mercedes,2.6666666666666665,3.0,49.0,459.0,3.0,211.0,0.05434782608695652,0.9512195121951219,5.666666666666667,6.8,226.0,4.0,174.0,0.06,0.95,0.85,5.333333333333333,6.6,6.65,0.2,0.125,-0.22500000000000053,0.5,9.83986928104575,7.588235294117647,0.0,9.532679738562091,0.2679738562091503,0.0,3.0398692810457506,2.0,0.0,1.0,8.0,0.0,-1.0,0,18,0.45,57.0,21,1,0,-4,1
2022,21,São Paulo,SAI,Ferrari,5.0,7.6,30.0,474.0,2.0,196.0,0.20652173913043478,0.7804878048780488,14.666666666666666,10.2,201.0,6.0,199.0,0.26,0.7,0.65,3.0,3.2,3.75,7.0,0.5499999999999998,1.2750000000000004,0.4,9.83986928104575,7.588235294117647,0.0,9.532679738562091,0.2679738562091503,0.0,-0.36013071895424886,4.0,0.0,0.0,10.0,0.0,-3.5999999999999996,0,18,0.45,57.0,21,1,0,-4,0
2022,21,São Paulo,STR,Aston Martin,12.333333333333334,12.2,4.0,49.0,7.0,621.0,0.14444444444444443,0.85,15.0,13.8,13.0,15.0,387.0,0.14,0.85,0.0,14.666666666666666,14.8,15.9,-1.0,0.5888888888888903,0.39722222222222214,0.45,9.83986928104575,7.588235294117647,0.0,9.532679738562091,0.2679738562091503,0.0,-3.9601307189542503,10.300248756218906,0.0,0.1513148542999289,9.797263681592039,0.2499289267945984,-1.8997512437810933,0,18,0.45,57.0,21,1,0,-4,0
2022,21,São Paulo,TSU,AlphaTauri,15.0,13.8,0.0,35.0,8.0,635.0,0.20652173913043478,0.7804878048780488,14.333333333333334,14.4,12.0,16.0,388.0,0.26,0.7,0.0,13.666666666666666,13.2,13.55,1.2,0.625,1.174999999999999,0.35,9.83986928104575,7.588235294117647,0.0,9.532679738562091,0.2679738562091503,0.0,-4.56013071895425,14.0,0.0,0.0,12.0,0.0,0.1999999999999993,0,18,0.45,57.0,21,1,0,-4,0
2022,21,São Paulo,VER,Red Bull Racing,3.6666666666666665,3.2,46.0,676.0,1.0,-6.0,0.11956521739130435,0.8780487804878049,1.0,2.2,400.0,1.0,0.0,0.1,0.9,0.8,1.6666666666666667,3.0,2.7,-0.8,-1.125,-0.9749999999999996,0.75,9.83986928104575,7.588235294117647,0.0,9.532679738562091,0.2679738562091503,0.0,7.63986928104575,7.0,0.0,0.0,9.0,0.0,3.8,0,18,0.45,57.0,21,1,0,-4,0
2022,21,São Paulo,VET,Aston Martin,13.0,13.0,1.0,50.0,7.0,620.0,0.14130434782608695,0.8536585365853658,9.333333333333334,11.2,36.0,11.0,364.0,0.15217391304347827,0.8333333333333334,0.0,12.666666666666666,13.8,14.722222222222221,-2.6,-0.5888888888888886,-0.39722222222222214,0.5555555555555556,9.83986928104575,7.588235294117647,0.0,9.532679738562091,0.2679738562091503,0.0,-1.3601307189542489,10.0,0.0,0.0,15.0,0.0,-3.0,0,18,0.45,57.0,21,1,0,-4,0
2022,21,São Paulo,ZHO,Alfa Romeo,10.666666666666666,12.6,3.0,53.0,6.0,617.0,0.25,0.7317073170731707,13.666666666666666,14.2,6.0,18.0,394.0,0.22,0.75,0.0,13.333333333333334,13.8,14.25,0.4,1.5999999999999996,1.2250000000000014,0.3,9.83986928104575,7.588235294117647,0.0,9.532679738562091,0.2679738562091503,0.0,-4.360130718954249,9.0,0.0,0.0,18.0,0.0,-3.5999999999999996,0,18,0.45,57.0,21,1,0,-4,0
2022,22,Yas Island,ALB,Williams,16.333333333333332,15.6,0.0,8.0,10.0,676.0,0.20212765957446807,0.7857142857142857,13.333333333333334,15.4,4.0,19.0,404.0,0.22,0.75,0.0,13.666666666666666,15.2,15.4,0.2,-1.5619047619047617,-1.0726190476190478,0.8,9.783333333333333,8.34,0.0,9.523333333333333,0.17,0.0,-5.616666666666667,10.679850746268656,0.0,0.1621179815209666,10.235820895522387,0.2372778962331201,-4.920149253731344,0,18,0.45,57.0,22,0,0,-4,0
2022,22,Yas Island,ALO,Alpine,7.0,10.2,18.0,164.0,4.0,520.0,0.1595744680851064,0.8333333333333334,10.333333333333334,11.2,81.0,9.0,327.0,0.21153846153846154,0.7619047619047619,0.14285714285714285,8.333333333333334,7.4,8.142857142857142,3.8,-1.333333333333334,0.738095238095239,0.42857142857142855,9.783333333333333,8.34,0.0,9.523333333333333,0.17,0.0,-1.416666666666666,10.679850746268656,0.0,0.1621179815209666,10.235820895522387,0.2372778962331201,0.47985074626865654,0,18,0.45,57.0,22,0,0,-4,0
2022,22,Yas Island,BOT,Alfa Romeo,11.333333333333334,11.2,2.0,53.0,6.0,631.0,0.24468085106382978,0.7380952380952381,12.666666666666666,12.8,47.0,10.0,361.0,0.25,0.7142857142857143,0.047619047619047616,11.333333333333334,12.4,11.380952380952381,0.4,-1.5,-1.2380952380952372,0.7142857142857143,9.783333333333333,8.34,0.0,9.523333333333333,0.17,0.0,-3.0166666666666675,10.679850746268656,0.0,0.1621179815209666,10.235820895522387,0.2372778962331201,-0.5201492537313435,0,18,0.45,57.0,22,0,0,-4,0
2022,22,Yas Island,GAS,AlphaTauri,17.0,14.4,0.0,35.0,8.0,649.0,0.20212765957446807,0.7857142857142857,13.0,13.4,23.0,13.0,385.0,0.1346153846153846,0.8571428571428571,0.047619047619047616,13.0,12.6,12.285714285714286,0.8,-0.761904761904761,-1.1904761904761916,0.6666666666666666,9.783333333333333,8.34,0.0,9.523333333333333,0.17,0.0,-3.616666666666667,10.679850746268656,0.0,0.1621179815209666,10.235820895522387,0.2372778962331201,-3.7201492537313445,0,18,0.45,57.0,22,0,0,-4,0
2022,22,Yas Island,HAM,Mercedes,2.3333333333333335,2.8,57.0,485.0,3.0,199.0,0.05319148936170213,0.9523809523809523,2.0,4.0,233.0,5.0,175.0,0.057692307692307696,0.9523809523809523,0.7142857142857143,5.333333333333333,5.0,6.476190476190476,-1.0,0.0,0.23809523809523814,0.47619047619047616,9.783333333333333,8.34,0.0,9.523333333333333,0.17,0.0,5.783333333333333,10.679850746268656,0.0,0.1621179815209666,10.235820895522387,0.2372778962331201,7.879850746268656,0,18,0.45,57.0,22,0,0,-4,0
2022,22,Yas Island,LAT,Williams,14.666666666666666,14.8,0.0,8.0,10.0,676.0,0.19791666666666666,0.7906976744186046,17.0,15.8,2.0,20.0,406.0,0.17307692307692307,0.8095238095238095,0.0,18.666666666666668,19.2,18.523809523809526,-3.4,1.5619047619047635,1.0726190476190478,0.19047619047619047,9.783333333333333,8.34,0.0,9.523333333333333,0.17,0.0,-6.0166666666666675,13.0,0.0,0.0,19.0,0.0,-1.8000000000000007,0,18,0.45,57.0,22,0,0,-4,0
2022,22,Yas Island,LEC,Ferrari,4.0,7.6,37.0,489.0,2.0,195.0,0.20212765957446807,0.7857142857142857,4.333333333333333,3.6,273.0,3.0,135.0,0.1346153846153846,0.8571428571428571,0.6666666666666666,6.333333333333333,4.4,3.0,-0.8,-0.40476190476190466,-1.1904761904761907,0.5714285714285714,9.783333333333333,8.34,0.0,9.523333333333333,0.17,0.0,6.183333333333334,10.679850746268656,0.0,0.1621179815209666,10.235820895522387,0.2372778962331201,3.079850746268656,0,18,0.45,57.0,22,0,0,-4,0
2022,22,Yas Island,MAG,Haas F1 Team,16.0,16.0,0.0,33.0,9.0,651.0,0.18085106382978725,0.8095238095238095,15.0,14.2,21.0,14.0,387.0,0.21153846153846154,0.7619047619047619,0.047619047619047616,10.666666666666666,11.8,12.19047619047619,2.4,-1.1666666666666679,-0.025000000000000355,0.35,9.783333333333333,8.34,0.0,9.523333333333333,0.17,0.0,-4.416666666666666,10.679850746268656,0.0,0.1621179815209666,10.235820895522387,0.2372778962331201,-5.320149253731344,0,18,0.45,57.0,22,0,0,-4,0
2022,22,Yas Island,MSC,Haas F1 Team,16.333333333333332,16.4,0.0,33.0,9.0,651.0,0.17708333333333334,0.813953488372093,14.666666666666666,14.8,12.0,16.0,396.0,0.1346153846153846,0.8571428571428571,0.0,18.333333333333332,16.6,14.523809523809524,-1.8,1.166666666666666,0.025000000000000355,0.65,9.783333333333333,8.34,0.0,9.523333333333333,0.17,0.0,-5.0166666666666675,17.0,0.0,0.0,16.0,0.0,0.6000000000000014,0,18,0.45,57.0,22,0,0,-4,0
2022,22,Yas Island,NOR,McLaren,15.0,14.0,6.0,139.0,5.0,545.0,0.11702127659574468,0.8809523809523809,11.0,9.4,107.0,7.0,301.0,0.09615384615384616,0.9047619047619048,0.14285714285714285,6.666666666666667,7.2,8.095238095238095,2.2,-2.071428571428571,-1.8809523809523796,0.7619047619047619,9.783333333333333,8.34,0.0,9.523333333333333,0.17,0.0,0.38333333333333286,10.679850746268656,0.0,0.1621179815209666,10.235820895522387,0.2372778962331201,-3.320149253731344,0,18,0.45,57.0,22,0,0,-4,0
2022,22,Yas Island,OCO,Alpine,11.0,12.0,14.0,164.0,4.0,520.0,0.17708333333333334,0.813953488372093,9.0,9.4,83.0,8.0,325.0,0.09615384615384616,0.9047619047619048,0.09523809523809523,11.333333333333334,11.4,10.80952380952381,-2.0,1.333333333333334,-0.7380952380952372,0.5714285714285714,9.783333333333333,8.34,0.0,9.523333333333333,0.17,0.0,0.38333333333333286,20.0,0.0,0.0,11.0,1.0,8.0,0,18,0.45,57.0,22,0,0,-4,0
2022,22,Yas Island,PER,Red Bull Racing,4.666666666666667,3.6,39.0,684.0,1.0,0.0,0.11702127659574468,0.8809523809523809,4.666666666666667,3.4,276.0,2.0,132.0,0.1346153846153846,0.8571428571428571,0.7619047619047619,5.666666666666667,4.6,5.142857142857143,-1.2,1.2380952380952381,0.9523809523809526,0.23809523809523808,9.783333333333333,8.34,0.0,9.523333333333333,0.17,0.0,6.383333333333333,10.679850746268656,0.0,0.1621179815209666,10.235820895522387,0.2372778962331201,7.079850746268656,0,18,0.45,57.0,22,0,0,-4,0
2022,22,Yas Island,RIC,McLaren,14.666666666666666,12.0,9.0,148.0,5.0,536.0,0.11458333333333333,0.8837209302325582,14.333333333333334,11.8,32.0,12.0,376.0,0.1346153846153846,0.8571428571428571,0.047619047619047616,14.0,14.0,12.238095238095237,-2.2,2.071428571428571,1.8809523809523814,0.23809523809523808,9.783333333333333,8.34,0.0,9.523333333333333,0.17,0.0,-2.0166666666666675,6.0,0.0,0.0,7.0,0.0,-6.0,0,18,0.45,57.0,22,0,0,-4,0
2022,22,Yas Island,RUS,Mercedes,7.0,5.4,44.0,485.0,3.0,199.0,0.07291666666666667,0.9302325581395349,3.3333333333333335,6.4,252.0,4.0,156.0,0.057692307692307696,0.9523809523809523,0.8571428571428571,3.6666666666666665,6.0,6.476190476190476,0.4,0.0,-0.23809523809523814,0.5238095238095238,9.783333333333333,8.34,0.0,9.523333333333333,0.17,0.0,3.383333333333333,18.0,0.0,0.0,5.0,1.0,12.6,0,18,0.45,57.0,22,0,0,-4,0
2022,22,Yas Island,SAI,Ferrari,3.0,4.0,45.0,507.0,2.0,177.0,0.19791666666666666,0.7906976744186046,9.333333333333334,10.0,216.0,6.0,192.0,0.25,0.7142857142857143,0.6666666666666666,3.6666666666666665,3.6,3.8095238095238093,6.4,0.40476190476190466,1.1904761904761898,0.42857142857142855,9.783333333333333,8.34,0.0,9.523333333333333,0.17,0.0,-0.21666666666666679,2.0,0.0,1.0,3.0,0.0,-2.0,0,18,0.45,57.0,22,0,0,-4,0
2022,22,Yas Island,STR,Aston Martin,11.666666666666666,11.6,1.0,50.0,7.0,634.0,0.13829787234042554,0.8571428571428571,14.333333333333334,12.2,14.0,15.0,394.0,0.1346153846153846,0.8571428571428571,0.0,13.333333333333334,14.2,15.857142857142858,-2.0,0.6127819548872182,0.35588972431077615,0.47619047619047616,9.783333333333333,8.34,0.0,9.523333333333333,0.17,0.0,-2.416666666666666,10.679850746268656,0.0,0.1621179815209666,10.235820895522387,0.2372778962331201,-0.9201492537313438,0,18,0.45,57.0,22,0,0,-4,0
2022,22,Yas Island,TSU,AlphaTauri,15.0,15.2,0.0,35.0,8.0,649.0,0.19791666666666666,0.7906976744186046,15.666666666666666,15.0,12.0,16.0,396.0,0.25,0.7142857142857143,0.0,15.666666666666666,14.0,13.80952380952381,1.0,0.7619047619047628,1.1904761904761898,0.3333333333333333,9.783333333333333,8.34,0.0,9.523333333333333,0.17,0.0,-5.216666666666667,14.0,0.0,0.0,17.0,0.0,-1.1999999999999993,0,18,0.45,57.0,22,0,0,-4,0
2022,22,Yas Island,VER,Red Bull Racing,5.333333333333333,4.0,29.0,699.0,1.0,-15.0,0.11458333333333333,0.8837209302325582,2.6666666666666665,3.2,408.0,1.0,0.0,0.09615384615384616,0.9047619047619048,0.7619047619047619,2.0,3.0,2.6666666666666665,0.2,-1.2380952380952386,-0.9523809523809521,0.7619047619047619,9.783333333333333,8.34,0.0,9.523333333333333,0.17,0.0,6.583333333333333,3.0,0.0,1.0,2.0,0.0,-1.0,0,18,0.45,57.0,22,0,0,-4,1
2022,22,Yas Island,VET,Aston Martin,9.666666666666666,11.6,5.0,54.0,7.0,630.0,0.13541666666666666,0.8604651162790697,11.0,9.4,36.0,11.0,372.0,0.14583333333333334,0.8421052631578947,0.0,14.0,13.0,14.631578947368421,-3.6,-0.6127819548872182,-0.35588972431077615,0.5263157894736842,9.783333333333333,8.34,0.0,9.523333333333333,0.17,0.0,0.38333333333333286,8.0,0.0,0.0,14.0,0.0,-3.5999999999999996,0,18,0.45,57.0,22,0,0,-4,0
2022,22,Yas Island,ZHO,Alfa Romeo,12.0,11.8,2.0,53.0,6.0,631.0,0.23958333333333334,0.7441860465116279,12.333333333333334,14.6,6.0,18.0,402.0,0.21153846153846154,0.7619047619047619,0.0,14.333333333333334,14.4,14.380952380952381,0.2,1.5,1.238095238095239,0.2857142857142857,9.783333333333333,8.34,0.0,9.523333333333333,0.17,0.0,-4.816666666666666,15.0,0.0,0.0,18.0,0.0,3.1999999999999993,0,18,0.45,57.0,22,0,0,-4,0
2023,1,Sakhir,ALB,Williams,16.0,16.2,0.0,0.0,1.0,0.0,0.1,0.9,13.333333333333334,14.6,0.0,1.0,0.0,0.1,0.9,0.0,16.333333333333332,15.2,10.0,-0.6,0.0,0.0,0.5,13.0,13.0,0.0,14.0,0.0,1.0,-1.5999999999999996,14.5,0.0,0.0,17.0,0.0,-1.6999999999999993,0,18,0.45,57.0,1,21,1,-3,0
2023,1,Sakhir,ALO,Aston Martin,9.666666666666666,10.6,5.0,0.0,1.0,0.0,0.1,0.9,14.666666666666666,11.6,0.0,1.0,0.0,0.1,0.9,0.0,9.0,8.6,10.0,3.0,0.0,0.0,0.5,9.0,9.0,0.0,8.0,0.0,1.0,-2.5999999999999996,14.5,0.0,0.0,18.0,0.0,3.9000000000000004,0,18,0.45,57.0,1,21,1,-3,0
2023,1,Sakhir,BOT,Alfa Romeo,13.0,12.2,0.0,0.0,1.0,0.0,0.1,0.9,11.333333333333334,13.6,0.0,1.0,0.0,0.1,0.9,0.0,14.0,12.8,10.0,0.8,0.0,0.0,0.5,6.0,6.0,0.0,6.0,0.0,1.0,-7.6,8.0,0.0,0.0,10.5,0.0,-4.199999999999999,0,18,0.45,57.0,1,21,1,-3,0
2023,1,Sakhir,DEV,AlphaTauri,14.0,15.2,0.0,0.0,1.0,0.0,0.1,0.9,9.0,9.0,0.0,1.0,0.0,0.1,0.9,0.0,13.0,13.0,10.0,-4.0,0.0,0.0,0.5,10.238562091503267,7.9411764705882355,0.0,9.859477124183007,0.2679738562091503,0.0,1.2385620915032671,14.0,0.0,0.0,13.0,0.5,-1.1999999999999993,0,18,0.45,57.0,1,21,1,-3,0
2023,1,Sakhir,GAS,Alpine,11.666666666666666,9.6,10.0,0.0,1.0,0.0,0.1,0.9,13.0,14.2,0.0,1.0,0.0,0.1,0.9,0.0,14.333333333333334,14.6,10.0,-0.4,0.0,0.0,0.5,20.0,20.0,0.0,10.0,1.0,1.0,5.800000000000001,8.0,0.0,0.0,9.5,0.0,-1.5999999999999996,0,18,0.45,57.0,1,21,1,-3,0
2023,1,Sakhir,HAM,Mercedes,8.0,6.0,36.0,0.0,1.0,0.0,0.1,0.9,7.333333333333333,5.8,0.0,1.0,0.0,0.1,0.9,0.0,5.333333333333333,5.4,10.0,0.4,0.0,0.0,0.5,3.0,3.0,1.0,5.0,0.0,1.0,-2.8,3.5,0.0,0.5,7.0,0.0,-2.5,0,18,0.45,57.0,1,21,1,-3,0
2023,1,Sakhir,HUL,Haas F1 Team,15.333333333333334,16.2,0.0,0.0,1.0,0.0,0.1,0.9,14.5,14.5,0.0,1.0,0.0,0.1,0.9,0.0,17.5,17.5,10.0,-3.0,0.0,0.0,0.5,17.0,17.0,0.0,17.0,0.0,1.0,2.5,8.0,0.0,0.0,9.5,0.0,-8.2,0,18,0.45,57.0,1,21,1,-3,0
2023,1,Sakhir,LEC,Ferrari,3.0,3.6,45.0,0.0,1.0,0.0,0.1,0.9,4.0,3.6,0.0,1.0,0.0,0.1,0.9,0.0,6.666666666666667,4.8,10.0,-1.2,0.0,0.0,0.5,1.0,1.0,1.0,1.0,0.0,1.0,-2.6,1.5,1.0,1.0,2.0,0.0,-2.1,0,18,0.45,57.0,1,21,1,-3,0
2023,1,Sakhir,MAG,Haas F1 Team,16.0,16.0,0.0,0.0,1.0,0.0,0.25,0.0,17.666666666666668,15.2,0.0,1.0,0.0,0.1,0.9,0.0,10.666666666666666,13.2,10.0,2.0,0.0,0.0,0.5,5.0,5.0,0.0,7.0,0.0,1.0,-10.2,10.333333333333334,0.0,0.0,9.666666666666666,0.3333333333333333,-5.666666666666666,0,18,0.45,57.0,1,21,1,-3,0
2023,1,Sakhir,NOR,McLaren,11.666666666666666,12.0,11.0,0.0,1.0,0.0,0.1,0.9,11.0,9.8,0.0,1.0,0.0,0.1,0.9,0.0,6.333333333333333,7.4,10.0,2.4,0.0,0.0,0.5,15.0,15.0,0.0,13.0,0.0,1.0,5.199999999999999,14.5,0.0,0.0,15.5,0.0,2.5,0,18,0.45,57.0,1,21,1,-3,0
2023,1,Sakhir,OCO,Alpine,12.0,9.8,8.0,2.0,1.0,-2.0,0.08333333333333333,1.0,7.666666666666667,7.6,0.0,1.0,0.0,0.1,0.9,0.0,8.0,9.4,10.0,-1.8,0.0,0.0,0.5,7.0,7.0,0.0,11.0,0.0,1.0,-0.5999999999999996,8.333333333333334,0.0,0.0,13.0,0.0,-1.4666666666666668,0,18,0.45,57.0,1,21,1,-3,0
2023,1,Sakhir,PER,Red Bull Racing,3.3333333333333335,3.6,48.0,0.0,1.0,0.0,0.1,0.9,4.333333333333333,3.8,0.0,1.0,0.0,0.1,0.9,0.0,5.0,4.6,10.0,-0.8,0.0,0.0,0.5,18.0,18.0,0.0,4.0,1.0,1.0,14.2,18.5,0.0,0.0,3.0,1.0,14.9,0,18,0.45,57.0,1,21,1,-3,0
2023,1,Sakhir,PIA,McLaren,10.666666666666666,14.0,11.0,0.0,1.0,0.0,0.25,0.0,9.842592592592593,9.994444444444445,0.0,1.0,0.0,0.1,0.9,0.0,10.046296296296298,10.005555555555555,10.0,0.0,0.0,0.0,0.5,10.238562091503267,7.9411764705882355,0.0,9.859477124183007,0.2679738562091503,0.0,0.24411764705882177,15.333333333333334,0.0,0.0,14.0,0.3333333333333333,1.333333333333334,0,18,0.45,57.0,1,21,1,-3,0
2023,1,Sakhir,RUS,Mercedes,9.333333333333334,6.2,20.0,10.0,1.0,-10.0,0.08333333333333333,1.0,3.3333333333333335,4.6,0.0,1.0,0.0,0.1,0.9,0.0,3.6666666666666665,5.0,10.0,-0.4,0.0,0.0,0.5,4.0,4.0,0.0,9.0,0.0,1.0,-0.5999999999999996,4.0,0.0,0.3333333333333333,7.0,0.0,-2.2,0,18,0.45,57.0,1,21,1,-3,0
2023,1,Sakhir,SAI,Ferrari,8.333333333333334,6.4,30.0,0.0,1.0,0.0,0.25,0.0,4.0,10.2,0.0,1.0,0.0,0.1,0.9,0.0,4.666666666666667,3.6,10.0,6.6,0.0,0.0,0.5,2.0,2.0,1.0,3.0,0.0,1.0,-8.2,7.333333333333333,1.0,0.6666666666666666,2.3333333333333335,0.3333333333333333,0.9333333333333327,0,18,0.45,57.0,1,21,1,-3,0
2023,1,Sakhir,SAR,Williams,14.0,14.6,1.0,1.0,1.0,-1.0,0.08333333333333333,1.0,9.842592592592593,9.994444444444445,0.0,1.0,0.0,0.1,0.9,0.0,10.046296296296298,10.005555555555555,10.0,0.0,0.0,0.0,0.5,10.238562091503267,7.9411764705882355,0.0,9.859477124183007,0.2679738562091503,0.0,0.24411764705882177,13.0,0.0,0.0,16.333333333333332,0.0,-1.5999999999999996,0,18,0.45,57.0,1,21,1,-3,0
2023,1,Sakhir,STR,Aston Martin,7.0,8.4,20.0,15.0,1.0,-15.0,0.08333333333333333,1.0,11.0,12.6,0.0,1.0,0.0,0.1,0.9,0.0,15.666666666666666,14.6,10.0,-2.0,0.0,0.0,0.5,12.0,12.0,0.0,19.0,0.0,1.0,-0.5999999999999996,10.666666666666666,0.0,0.3333333333333333,13.666666666666666,0.0,2.2666666666666657,0,18,0.45,57.0,1,21,1,-3,0
2023,1,Sakhir,TSU,AlphaTauri,13.0,14.0,0.0,0.0,1.0,0.0,0.25,0.0,16.0,14.2,0.0,1.0,0.0,0.1,0.9,0.0,14.666666666666666,14.4,10.0,-0.2,0.0,0.0,0.5,8.0,8.0,0.0,16.0,0.0,1.0,-6.199999999999999,14.0,0.0,0.0,15.0,0.6666666666666666,0.0,0,18,0.45,57.0,1,21,1,-3,0
2023,1,Sakhir,VER,Red Bull Racing,2.0,3.8,58.0,18.0,1.0,-18.0,0.08333333333333333,1.0,2.6666666666666665,2.0,0.0,1.0,0.0,0.1,0.9,0.0,1.3333333333333333,1.6,10.0,0.4,0.0,0.0,0.5,19.0,19.0,0.0,2.0,1.0,1.0,17.0,13.0,0.0,0.3333333333333333,2.6666666666666665,0.6666666666666666,9.2,0,18,0.45,57.0,1,21,1,-3,1
2023,1,Sakhir,ZHO,Alfa Romeo,11.666666666666666,11.2,4.0,4.0,1.0,-4.0,0.08333333333333333,1.0,12.333333333333334,13.0,0.0,1.0,0.0,0.1,0.9,0.0,14.666666666666666,14.4,10.0,-1.4,0.0,0.0,0.5,10.0,10.0,0.0,15.0,0.0,1.0,-3.0,8.0,0.0,0.0,11.0,0.0,-3.1999999999999993,0,18,0.45,57.0,1,21,1,-3,0
2023,2,Jeddah,ALB,Williams,13.666666666666666,14.0,1.0,1.0,7.0,42.0,0.21428571428571427,0.5,12.666666666666666,12.6,1.0,10.0,24.0,0.08333333333333333,1.0,0.0,15.0,15.0,15.0,-2.4,-0.5,-1.0,1.0,14.0,14.0,0.0,17.0,1.0,1.0,1.4000000000000004,16.0,0.0,0.0,18.0,1.0,2.0,1,18,0.45,57.0,2,20,0,-3,0
2023,2,Jeddah,ALO,Aston Martin,6.333333333333333,7.6,24.0,23.0,2.0,20.0,0.07142857142857142,1.0,9.333333333333334,10.8,15.0,3.0,10.0,0.08333333333333333,1.0,1.0,7.666666666666667,8.2,5.0,2.6,-1.5,-1.5,1.0,16.0,16.0,0.0,7.0,1.0,1.0,5.199999999999999,12.5,0.0,0.0,16.5,0.0,4.9,1,18,0.45,57.0,2,20,0,-3,0
2023,2,Jeddah,BOT,Alfa Romeo,12.0,12.6,4.0,4.0,5.0,39.0,0.21428571428571427,0.5,10.666666666666666,12.2,4.0,8.0,21.0,0.08333333333333333,1.0,0.0,16.0,12.8,12.0,-0.6,-0.5,-4.0,1.0,15.0,15.0,0.0,8.0,1.0,1.0,2.8000000000000007,13.0,0.0,0.0,10.5,0.5,0.40000000000000036,1,18,0.45,57.0,2,20,0,-3,0
2023,2,Jeddah,DEV,AlphaTauri,12.0,13.4,0.0,0.0,8.0,43.0,0.21428571428571427,0.5,11.5,11.5,0.0,11.0,25.0,0.25,0.0,0.0,16.0,16.0,19.0,-4.5,2.5,1.5,0.0,9.728758169934641,8.235294117647058,0.0,9.941176470588236,0.22549019607843138,0.0,-1.7712418300653585,13.5,0.0,0.0,14.5,0.5,0.09999999999999964,1,18,0.45,57.0,2,20,0,-3,0
2023,2,Jeddah,GAS,Alpine,11.333333333333334,12.4,8.0,2.0,6.0,41.0,0.21428571428571427,0.5,12.333333333333334,12.4,2.0,9.0,23.0,0.08333333333333333,1.0,0.0,16.333333333333332,15.2,20.0,-2.8,5.5,-4.5,1.0,8.0,8.0,0.0,9.0,0.0,1.0,-4.4,11.0,0.0,0.0,6.0,0.5,-1.4000000000000004,1,18,0.45,57.0,2,20,0,-3,0
2023,2,Jeddah,HAM,Mercedes,5.666666666666667,7.2,26.0,16.0,3.0,27.0,0.07142857142857142,1.0,8.333333333333334,5.8,10.0,5.0,15.0,0.08333333333333333,1.0,1.0,6.666666666666667,5.6,7.0,0.2,0.5,-1.0,1.0,10.0,10.0,0.0,16.0,0.0,1.0,4.2,7.5,0.0,0.0,11.0,0.0,0.2999999999999998,1,18,0.45,57.0,2,20,0,-3,0
2023,2,Jeddah,HUL,Haas F1 Team,14.666666666666666,14.8,0.0,0.0,8.0,43.0,0.35714285714285715,0.0,14.666666666666666,14.666666666666666,0.0,11.0,25.0,0.25,0.0,0.0,15.0,15.0,10.0,-0.3333333333333333,-3.5,1.0,0.0,12.0,12.0,0.0,18.0,0.0,1.0,-2.666666666666666,9.0,0.0,0.0,12.0,0.5,-5.800000000000001,1,18,0.45,57.0,2,20,0,-3,0
2023,2,Jeddah,LEC,Ferrari,9.0,6.4,24.0,12.0,4.0,31.0,0.21428571428571427,0.5,8.333333333333334,6.8,0.0,11.0,25.0,0.25,0.0,0.0,5.333333333333333,5.0,3.0,1.8,-0.5,7.5,0.0,2.0,2.0,1.0,2.0,0.0,1.0,-4.8,2.5,0.0,1.0,2.5,0.0,-3.9000000000000004,1,18,0.45,57.0,2,20,0,-3,0
2023,2,Jeddah,MAG,Haas F1 Team,13.333333333333334,14.6,0.0,0.0,8.0,43.0,0.3125,0.3333333333333333,16.333333333333332,15.0,0.0,11.0,25.0,0.25,0.0,0.0,11.333333333333334,13.0,17.0,2.0,3.5,-1.0,1.0,9.0,9.0,0.0,10.0,0.0,1.0,-6.0,10.5,0.0,0.0,11.666666666666666,0.3333333333333333,-4.1,1,18,0.45,57.0,2,20,0,-3,0
2023,2,Jeddah,NOR,McLaren,15.333333333333334,14.4,2.0,0.0,8.0,43.0,0.35714285714285715,0.0,13.666666666666666,11.2,0.0,11.0,25.0,0.25,0.0,0.0,7.333333333333333,7.6,11.0,3.6,-3.5,-1.5,1.0,7.0,7.0,0.0,11.0,0.0,1.0,-4.199999999999999,12.0,0.0,0.0,11.5,0.5,-2.4000000000000004,1,18,0.45,57.0,2,20,0,-3,0
2023,2,Jeddah,OCO,Alpine,12.0,12.6,4.0,4.0,6.0,39.0,0.1875,0.6666666666666666,11.0,10.4,0.0,11.0,25.0,0.25,0.0,0.0,7.666666666666667,10.2,9.0,0.2,-5.5,4.5,0.0,6.0,6.0,0.0,5.0,0.0,1.0,-4.4,10.333333333333334,0.0,0.0,7.333333333333333,0.3333333333333333,-2.2666666666666657,1,18,0.45,57.0,2,20,0,-3,0
2023,2,Jeddah,PER,Red Bull Racing,1.3333333333333333,2.6,68.0,43.0,1.0,0.0,0.07142857142857142,1.0,4.0,3.8,18.0,2.0,7.0,0.08333333333333333,1.0,1.0,4.333333333333333,4.2,2.0,-0.4,0.5,0.5,0.0,4.0,4.0,0.0,1.0,0.0,1.0,0.20000000000000018,2.5,1.0,0.5,2.5,0.0,-0.10000000000000009,1,18,0.45,57.0,2,20,0,-3,1
2023,2,Jeddah,PIA,McLaren,18.0,13.8,0.0,0.0,8.0,43.0,0.3125,0.3333333333333333,20.0,20.0,0.0,11.0,25.0,0.25,0.0,0.0,18.0,18.0,18.0,2.0,3.5,1.5,0.0,9.728758169934641,8.235294117647058,0.0,9.941176470588236,0.22549019607843138,0.0,-10.271241830065359,13.666666666666666,0.0,0.0,14.0,0.3333333333333333,-0.13333333333333464,1,18,0.45,57.0,2,20,0,-3,0
2023,2,Jeddah,RUS,Mercedes,5.666666666666667,8.0,26.0,26.0,3.0,17.0,0.0625,1.0,4.333333333333333,4.4,6.0,7.0,19.0,0.08333333333333333,1.0,0.0,5.0,4.6,6.0,-0.2,-0.5,1.0,0.0,5.0,5.0,0.0,6.0,0.0,1.0,0.5999999999999996,6.666666666666667,0.0,0.0,10.0,0.0,-1.333333333333333,1,18,0.45,57.0,2,20,0,-3,0
2023,2,Jeddah,SAI,Ferrari,10.0,7.2,18.0,18.0,4.0,25.0,0.1875,0.6666666666666666,3.6666666666666665,7.2,12.0,4.0,13.0,0.08333333333333333,1.0,1.0,4.333333333333333,3.8,4.0,3.4,0.5,-7.5,1.0,3.0,3.0,1.0,3.0,0.0,1.0,-4.2,4.0,0.0,0.6666666666666666,2.3333333333333335,0.0,-3.2,1,18,0.45,57.0,2,20,0,-3,0
2023,2,Jeddah,SAR,Williams,13.666666666666666,14.6,1.0,1.0,7.0,42.0,0.3125,0.3333333333333333,12.0,12.0,0.0,11.0,25.0,0.25,0.0,0.0,16.0,16.0,16.0,-4.0,0.5,1.0,0.0,9.728758169934641,8.235294117647058,0.0,9.941176470588236,0.22549019607843138,0.0,-2.2712418300653585,17.0,0.0,0.0,17.666666666666668,1.0,2.4000000000000004,1,18,0.45,57.0,2,20,0,-3,0
2023,2,Jeddah,STR,Aston Martin,4.0,6.0,38.0,38.0,2.0,5.0,0.0625,1.0,8.0,11.4,8.0,6.0,17.0,0.08333333333333333,1.0,0.0,12.333333333333334,12.4,8.0,-1.0,1.5,1.5,0.0,13.0,13.0,0.0,15.0,0.0,1.0,1.5999999999999996,9.333333333333334,0.0,0.3333333333333333,12.0,0.0,3.333333333333334,1,18,0.45,57.0,2,20,0,-3,0
2023,2,Jeddah,TSU,AlphaTauri,13.0,12.8,0.0,0.0,8.0,43.0,0.1875,0.6666666666666666,13.0,13.8,0.0,11.0,25.0,0.08333333333333333,1.0,0.0,15.0,14.6,14.0,-0.8,-2.5,-1.5,1.0,19.0,19.0,0.0,20.0,1.0,1.0,5.199999999999999,13.666666666666666,0.0,0.0,15.666666666666666,0.3333333333333333,0.8666666666666654,1,18,0.45,57.0,2,20,0,-3,0
2023,2,Jeddah,VER,Red Bull Racing,1.3333333333333333,1.6,68.0,68.0,1.0,-25.0,0.0625,1.0,2.6666666666666665,2.0,25.0,1.0,0.0,0.08333333333333333,1.0,1.0,1.3333333333333333,1.6,1.0,0.4,-0.5,-0.5,1.0,1.0,1.0,1.0,4.0,0.0,1.0,-1.0,2.0,2.0,0.6666666666666666,2.0,0.0,0.3999999999999999,1,18,0.45,57.0,2,20,0,-3,0
2023,2,Jeddah,ZHO,Alfa Romeo,14.0,13.8,4.0,4.0,5.0,39.0,0.3125,0.3333333333333333,13.333333333333334,13.0,0.0,11.0,25.0,0.25,0.0,0.0,15.0,14.2,13.0,-1.2,0.5,4.0,0.0,11.0,11.0,0.0,13.0,0.0,1.0,-2.0,14.666666666666666,0.0,0.0,11.666666666666666,0.6666666666666666,0.8666666666666654,1,18,0.45,57.0,2,20,0,-3,0
2023,3,Melbourne,ALB,Williams,15.666666666666666,15.2,0.0,1.0,7.0,86.0,0.2777777777777778,0.5,14.0,13.8,1.0,12.0,43.0,0.21428571428571427,0.5,0.0,17.0,16.2,16.0,-2.4,-1.0,0.25,0.5,10.0,10.0,0.0,16.0,0.0,1.0,-3.8000000000000007,13.0,0.0,0.0,17.5,0.0,-2.1999999999999993,1,18,0.45,57.0,3,19,0,-3,0
2023,3,Melbourne,ALO,Aston Martin,9.666666666666666,8.4,23.0,38.0,2.0,49.0,0.16666666666666666,0.75,8.666666666666666,10.0,30.0,3.0,14.0,0.07142857142857142,1.0,1.0,6.333333333333333,7.0,4.0,3.0,-1.5,-5.0,1.0,17.0,17.0,0.0,10.0,0.0,1.0,7.0,15.5,0.0,0.0,19.0,0.5,7.1,1,18,0.45,57.0,3,19,0,-3,0
2023,3,Melbourne,BOT,Alfa Romeo,15.666666666666666,13.4,0.0,4.0,6.0,83.0,0.2777777777777778,0.5,13.666666666666666,12.0,4.0,9.0,40.0,0.21428571428571427,0.5,0.0,14.666666666666666,13.6,13.0,-1.6,0.25,-0.75,0.5,8.0,8.0,0.0,12.0,0.0,1.0,-4.0,9.5,0.0,0.0,13.0,0.0,-3.9000000000000004,1,18,0.45,57.0,3,19,0,-3,0
2023,3,Melbourne,DEV,AlphaTauri,12.0,12.2,0.0,0.0,9.0,87.0,0.16666666666666666,0.75,12.333333333333334,12.333333333333334,0.0,14.0,44.0,0.21428571428571427,0.5,0.0,16.666666666666668,16.666666666666668,18.5,-4.333333333333333,1.75,1.5,0.0,9.639455782312925,6.918367346938775,0.0,9.27891156462585,0.21088435374149658,0.0,-2.6938775510204085,12.0,0.0,0.0,12.0,0.0,-0.1999999999999993,1,18,0.45,57.0,3,19,0,-3,0
2023,3,Melbourne,GAS,Alpine,11.666666666666666,10.2,6.0,8.0,5.0,79.0,0.16666666666666666,0.75,10.666666666666666,11.4,4.0,9.0,40.0,0.07142857142857142,1.0,0.0,15.666666666666666,14.6,15.0,-3.2,3.5,-2.0,0.5,9.0,9.0,0.0,11.0,0.0,1.0,-2.4000000000000004,12.0,0.0,0.0,9.0,0.0,1.8000000000000007,1,18,0.45,57.0,3,19,0,-3,0
2023,3,Melbourne,HAM,Mercedes,5.333333333333333,5.2,28.0,38.0,2.0,49.0,0.05555555555555555,1.0,9.333333333333334,6.4,20.0,4.0,24.0,0.07142857142857142,1.0,1.0,6.666666666666667,6.2,7.5,0.2,1.25,-0.25,0.5,4.0,4.0,0.0,5.0,0.0,1.0,-2.4000000000000004,3.5,0.0,0.5,5.5,0.0,-1.7000000000000002,1,18,0.45,57.0,3,19,0,-3,0
2023,3,Melbourne,HUL,Haas F1 Team,11.666666666666666,13.2,1.0,1.0,7.0,86.0,0.2777777777777778,0.5,13.0,14.0,0.0,14.0,44.0,0.21428571428571427,0.5,0.0,13.0,14.0,10.5,0.0,-2.25,1.0,0.0,9.639455782312925,6.918367346938775,0.0,9.27891156462585,0.21088435374149658,0.0,-4.360544217687075,13.5,0.0,0.0,16.0,0.0,0.3000000000000007,1,18,0.45,57.0,3,19,0,-3,0
2023,3,Melbourne,LEC,Ferrari,5.666666666666667,8.0,26.0,26.0,4.0,61.0,0.16666666666666666,0.75,9.333333333333334,7.6,6.0,8.0,38.0,0.21428571428571427,0.5,0.0,2.6666666666666665,5.0,2.5,2.6,-1.0,4.0,0.0,1.0,1.0,1.0,1.0,0.0,1.0,-6.6,10.5,1.0,0.5,5.0,0.5,2.5,1,18,0.45,57.0,3,19,0,-3,0
2023,3,Melbourne,MAG,Haas F1 Team,9.666666666666666,11.4,7.0,7.0,7.0,80.0,0.25,0.6,13.333333333333334,15.2,1.0,12.0,43.0,0.21428571428571427,0.5,0.0,15.333333333333334,12.4,15.0,2.8,2.25,-1.0,1.0,14.0,14.0,0.0,17.0,0.0,1.0,-1.1999999999999993,11.333333333333334,0.0,0.0,14.0,0.0,-0.06666666666666643,1,18,0.45,57.0,3,19,0,-3,0
2023,3,Melbourne,NOR,McLaren,17.333333333333332,15.6,0.0,0.0,9.0,87.0,0.2777777777777778,0.5,13.333333333333334,13.4,0.0,14.0,44.0,0.21428571428571427,0.5,0.0,12.333333333333334,9.8,15.0,3.6,0.75,-0.25,0.5,5.0,5.0,0.0,4.0,0.0,1.0,-8.4,5.5,0.0,0.0,5.5,0.0,-10.1,1,18,0.45,57.0,3,19,0,-3,0
2023,3,Melbourne,OCO,Alpine,10.0,11.4,6.0,8.0,5.0,79.0,0.25,0.6,11.0,9.8,4.0,9.0,40.0,0.21428571428571427,0.5,0.0,8.0,8.0,8.0,1.8,-3.5,2.0,0.5,7.0,7.0,0.0,8.0,0.0,1.0,-2.8000000000000007,12.333333333333334,0.0,0.0,9.0,0.3333333333333333,0.9333333333333336,1,18,0.45,57.0,3,19,0,-3,0
2023,3,Melbourne,PER,Red Bull Racing,1.3333333333333333,1.4,69.0,87.0,1.0,0.0,0.05555555555555555,1.0,2.0,3.2,43.0,2.0,1.0,0.07142857142857142,1.0,1.0,1.6666666666666667,3.6,1.5,-0.4,-3.25,0.0,0.5,2.0,2.0,1.0,3.0,0.0,1.0,-1.2000000000000002,10.0,0.0,0.5,2.5,0.5,8.6,1,18,0.45,57.0,3,19,0,-3,0
2023,3,Melbourne,PIA,McLaren,12.666666666666666,15.0,8.0,8.0,9.0,79.0,0.25,0.6,17.5,17.5,0.0,14.0,44.0,0.21428571428571427,0.5,0.0,13.5,13.5,13.5,4.0,-0.75,0.25,0.5,9.639455782312925,6.918367346938775,0.0,9.27891156462585,0.21088435374149658,0.0,-7.860544217687075,5.666666666666667,0.0,0.0,8.0,0.0,-9.333333333333332,1,18,0.45,57.0,3,19,0,-3,0
2023,3,Melbourne,RUS,Mercedes,3.6666666666666665,4.6,40.0,56.0,2.0,31.0,0.05,1.0,5.333333333333333,4.2,18.0,6.0,26.0,0.07142857142857142,1.0,0.5,5.333333333333333,4.2,5.0,0.0,-1.25,0.25,0.5,3.0,3.0,1.0,6.0,0.0,1.0,-1.2000000000000002,3.0,0.0,0.6666666666666666,4.666666666666667,0.0,-1.5999999999999996,1,18,0.45,57.0,3,19,0,-3,0
2023,3,Melbourne,SAI,Ferrari,11.0,11.2,14.0,26.0,4.0,61.0,0.25,0.6,4.666666666666667,4.4,20.0,4.0,24.0,0.07142857142857142,1.0,0.5,4.333333333333333,4.6,4.5,-0.2,1.0,-4.0,1.0,20.0,20.0,0.0,9.0,1.0,1.0,15.6,13.666666666666666,1.0,0.3333333333333333,5.666666666666667,0.6666666666666666,2.466666666666667,1,18,0.45,57.0,3,19,0,-3,0
2023,3,Melbourne,SAR,Williams,18.0,15.2,0.0,1.0,7.0,86.0,0.35,0.4,14.0,14.0,0.0,14.0,44.0,0.21428571428571427,0.5,0.0,18.0,18.0,18.0,-4.0,1.0,-0.25,0.5,9.639455782312925,6.918367346938775,0.0,9.27891156462585,0.21088435374149658,0.0,-4.360544217687075,15.0,0.0,0.0,14.333333333333334,0.3333333333333333,-0.1999999999999993,1,18,0.45,57.0,3,19,0,-3,0
2023,3,Melbourne,STR,Aston Martin,8.666666666666666,7.0,30.0,53.0,2.0,34.0,0.15,0.8,11.333333333333334,11.8,8.0,7.0,36.0,0.21428571428571427,0.5,0.0,9.333333333333334,12.2,7.0,-0.4,1.5,5.0,0.0,12.0,12.0,0.0,20.0,0.0,1.0,0.1999999999999993,11.333333333333334,0.0,0.3333333333333333,14.0,0.3333333333333333,4.333333333333334,1,18,0.45,57.0,3,19,0,-3,0
2023,3,Melbourne,TSU,AlphaTauri,13.333333333333334,13.0,0.0,0.0,9.0,87.0,0.25,0.6,11.0,14.0,0.0,14.0,44.0,0.07142857142857142,1.0,0.0,14.0,14.8,15.0,-0.8,-1.75,-1.5,1.0,15.0,15.0,0.0,13.0,0.0,1.0,1.0,13.0,0.0,0.0,13.0,0.3333333333333333,0.0,1,18,0.45,57.0,3,19,0,-3,0
2023,3,Melbourne,VER,Red Bull Racing,2.6666666666666665,2.2,55.0,98.0,1.0,-11.0,0.05,1.0,1.3333333333333333,2.2,44.0,1.0,0.0,0.07142857142857142,1.0,1.0,5.666666666666667,4.0,8.0,-1.8,3.25,0.0,0.5,18.0,18.0,0.0,2.0,1.0,1.0,15.8,8.333333333333334,0.0,0.3333333333333333,8.333333333333334,0.3333333333333333,6.133333333333334,1,18,0.45,57.0,3,19,0,-3,1
2023,3,Melbourne,ZHO,Alfa Romeo,14.0,13.2,0.0,4.0,6.0,83.0,0.25,0.6,13.666666666666666,13.2,0.0,14.0,44.0,0.21428571428571427,0.5,0.0,13.333333333333334,13.8,12.5,-0.6,-0.25,0.75,0.5,11.0,11.0,0.0,14.0,0.0,1.0,-2.1999999999999993,10.0,0.0,0.0,15.0,0.0,-3.1999999999999993,1,18,0.45,57.0,3,19,0,-3,0
2023,4,Baku,ALB,Williams,17.0,16.4,0.0,1.0,9.0,122.0,0.4090909090909091,0.3333333333333333,16.0,15.2,1.0,16.0,68.0,0.3125,0.3333333333333333,0.0,13.333333333333334,14.0,13.333333333333334,1.2,-2.333333333333334,0.6666666666666679,0.3333333333333333,12.0,12.0,0.0,17.0,0.0,1.0,-3.1999999999999993,13.5,0.0,0.0,17.5,0.0,-2.8999999999999986,1,18,0.45,57.0,4,18,0,-3,0
2023,4,Baku,ALO,Aston Martin,9.0,7.2,27.0,65.0,2.0,58.0,0.13636363636363635,0.8333333333333334,3.0,6.8,45.0,3.0,24.0,0.0625,1.0,1.0,4.0,6.0,4.0,0.8,-1.333333333333334,-3.5,1.0,7.0,7.0,0.0,10.0,0.0,1.0,0.20000000000000018,11.0,0.0,0.0,14.0,0.5,3.8,1,18,0.45,57.0,4,18,0,-3,0
2023,4,Baku,BOT,Alfa Romeo,11.0,13.4,2.0,6.0,8.0,117.0,0.22727272727272727,0.6666666666666666,12.333333333333334,12.2,4.0,11.0,65.0,0.1875,0.6666666666666666,0.0,15.0,16.2,15.0,-4.0,0.5,-0.16666666666666607,0.3333333333333333,11.0,11.0,0.0,15.0,0.0,1.0,-1.1999999999999993,14.5,0.0,0.0,14.5,0.5,1.0999999999999996,1,18,0.45,57.0,4,18,0,-3,0
2023,4,Baku,DEV,AlphaTauri,12.0,12.2,1.0,1.0,9.0,122.0,0.22727272727272727,0.6666666666666666,14.333333333333334,13.0,0.0,19.0,69.0,0.3125,0.3333333333333333,0.0,17.333333333333332,16.25,17.333333333333332,-3.25,1.666666666666666,1.833333333333334,0.0,9.876666666666667,7.96,0.0,9.383333333333333,0.2366666666666667,0.0,-3.123333333333333,9.0,0.0,0.0,7.0,0.0,-3.1999999999999993,1,18,0.45,57.0,4,18,0,-3,0
2023,4,Baku,GAS,Alpine,11.666666666666666,12.4,4.0,8.0,6.0,115.0,0.3181818181818182,0.5,10.333333333333334,11.8,4.0,11.0,65.0,0.1875,0.6666666666666666,0.0,13.0,13.6,13.0,-1.8,2.0,-1.5,0.6666666666666666,5.0,5.0,0.0,6.0,0.0,1.0,-6.800000000000001,8.5,0.0,0.0,11.5,0.0,-3.9000000000000004,1,18,0.45,57.0,4,18,0,-3,0
2023,4,Baku,HAM,Mercedes,8.0,7.2,30.0,56.0,3.0,67.0,0.13636363636363635,0.8333333333333334,4.0,6.4,38.0,4.0,31.0,0.0625,1.0,1.0,6.0,6.2,6.0,0.2,1.0,-2.833333333333333,0.6666666666666666,4.0,4.0,0.0,7.0,0.0,1.0,-2.4000000000000004,3.5,0.0,0.5,6.0,0.0,-3.7,1,18,0.45,57.0,4,18,0,-3,0
2023,4,Baku,HUL,Haas F1 Team,11.333333333333334,11.8,7.0,7.0,7.0,116.0,0.3181818181818182,0.5,11.333333333333334,12.6,6.0,9.0,63.0,0.1875,0.6666666666666666,0.0,10.333333333333334,13.2,10.333333333333334,-0.6,-2.166666666666666,-1.0,0.3333333333333333,9.876666666666667,7.96,0.0,9.383333333333333,0.2366666666666667,0.0,-2.7233333333333327,15.5,0.0,0.0,18.0,0.5,3.6999999999999993,1,18,0.45,57.0,4,18,0,-3,0
2023,4,Baku,LEC,Ferrari,12.666666666666666,9.8,8.0,26.0,4.0,97.0,0.22727272727272727,0.6666666666666666,15.333333333333334,10.4,6.0,9.0,63.0,0.3125,0.3333333333333333,0.0,4.0,5.0,4.0,5.4,-0.3333333333333339,4.0,0.0,19.0,19.0,0.0,1.0,1.0,1.0,8.6,19.5,0.0,0.0,2.5,1.0,9.7,1,18,0.45,57.0,4,18,0,-3,0
2023,4,Baku,MAG,Haas F1 Team,13.666666666666666,12.6,6.0,7.0,7.0,116.0,0.375,0.42857142857142855,13.333333333333334,15.2,1.0,16.0,68.0,0.3125,0.3333333333333333,0.0,14.666666666666666,12.2,14.666666666666666,3.0,2.166666666666666,1.0,0.6666666666666666,17.0,17.0,0.0,16.0,1.0,1.0,1.8000000000000007,16.0,0.0,0.0,17.666666666666668,0.6666666666666666,3.4000000000000004,1,18,0.45,57.0,4,18,0,-3,0
2023,4,Baku,NOR,McLaren,9.666666666666666,13.2,12.0,12.0,5.0,111.0,0.22727272727272727,0.6666666666666666,13.333333333333334,12.8,8.0,8.0,61.0,0.1875,0.6666666666666666,0.0,14.333333333333334,10.8,14.333333333333334,2.0,0.0,-0.5,0.6666666666666666,9.0,9.0,0.0,11.0,0.0,1.0,-3.8000000000000007,8.5,0.0,0.0,11.5,0.0,-4.699999999999999,1,18,0.45,57.0,4,18,0,-3,0
2023,4,Baku,OCO,Alpine,13.666666666666666,11.6,0.0,8.0,6.0,115.0,0.2916666666666667,0.5714285714285714,13.333333333333334,11.0,4.0,11.0,65.0,0.3125,0.3333333333333333,0.0,9.0,8.2,9.0,2.8,-2.0,1.5,0.3333333333333333,10.0,10.0,0.0,13.0,0.0,1.0,-1.0,10.333333333333334,0.0,0.0,14.0,0.0,-1.2666666666666657,1,18,0.45,57.0,4,18,0,-3,0
2023,4,Baku,PER,Red Bull Racing,2.6666666666666665,2.0,55.0,123.0,1.0,0.0,0.045454545454545456,1.0,2.6666666666666665,3.6,54.0,2.0,15.0,0.0625,1.0,1.0,7.666666666666667,6.8,7.666666666666667,-3.2,1.0,0.6666666666666665,0.3333333333333333,2.0,2.0,1.0,2.0,0.0,1.0,-1.6,1.5,1.0,1.0,2.5,0.0,-0.5,1,18,0.45,57.0,4,18,0,-3,1
2023,4,Baku,PIA,McLaren,7.666666666666667,11.0,14.0,14.0,5.0,109.0,0.20833333333333334,0.7142857142857143,14.333333333333334,14.333333333333334,4.0,11.0,65.0,0.1875,0.6666666666666666,0.0,14.333333333333334,14.333333333333334,14.333333333333334,0.0,0.0,0.5,0.3333333333333333,9.876666666666667,7.96,0.0,9.383333333333333,0.2366666666666667,0.0,-4.456666666666667,8.666666666666666,0.0,0.0,10.0,0.0,-2.333333333333334,1,18,0.45,57.0,4,18,0,-3,0
2023,4,Baku,RUS,Mercedes,8.666666666666666,7.0,26.0,64.0,3.0,59.0,0.125,0.8571428571428571,9.666666666666666,7.0,18.0,7.0,51.0,0.1875,0.6666666666666666,0.3333333333333333,4.0,4.2,4.0,2.8,-1.0,2.833333333333333,0.3333333333333333,3.0,3.0,1.0,5.0,0.0,1.0,-4.0,4.333333333333333,0.0,0.3333333333333333,5.666666666666667,0.0,-2.666666666666667,1,18,0.45,57.0,4,18,0,-3,0
2023,4,Baku,SAI,Ferrari,11.666666666666666,9.6,15.0,41.0,4.0,82.0,0.20833333333333334,0.7142857142857143,7.333333333333333,5.8,20.0,5.0,49.0,0.0625,1.0,0.3333333333333333,4.666666666666667,4.6,4.666666666666667,1.2,0.33333333333333304,-4.000000000000001,1.0,20.0,20.0,0.0,4.0,1.0,1.0,14.2,14.0,0.0,0.3333333333333333,2.0,0.6666666666666666,4.4,1,18,0.45,57.0,4,18,0,-3,0
2023,4,Baku,SAR,Williams,15.666666666666666,16.4,0.0,1.0,9.0,122.0,0.375,0.42857142857142855,14.666666666666666,14.666666666666666,0.0,19.0,69.0,0.3125,0.3333333333333333,0.0,18.0,18.0,18.0,-3.3333333333333335,2.333333333333332,-0.6666666666666661,0.6666666666666666,9.876666666666667,7.96,0.0,9.383333333333333,0.2366666666666667,0.0,-4.789999999999999,13.0,0.0,0.0,16.0,0.0,-3.3999999999999986,1,18,0.45,57.0,4,18,0,-3,0
2023,4,Baku,STR,Aston Martin,3.6666666666666665,6.8,39.0,77.0,2.0,46.0,0.125,0.8571428571428571,10.0,9.6,20.0,5.0,49.0,0.1875,0.6666666666666666,0.3333333333333333,6.666666666666667,9.8,6.666666666666667,-0.2,1.333333333333333,3.5,0.0,16.0,16.0,0.0,19.0,1.0,1.0,6.4,8.666666666666666,0.0,0.0,11.333333333333334,0.3333333333333333,1.8666666666666663,1,18,0.45,57.0,4,18,0,-3,0
2023,4,Baku,TSU,AlphaTauri,15.0,14.0,1.0,1.0,9.0,122.0,0.2916666666666667,0.5714285714285714,10.666666666666666,12.0,1.0,16.0,68.0,0.0625,1.0,0.0,14.0,14.6,14.0,-2.6,-1.666666666666666,-1.833333333333334,1.0,13.0,13.0,0.0,8.0,0.0,1.0,1.0,12.666666666666666,0.0,0.0,11.333333333333334,0.3333333333333333,-1.333333333333334,1,18,0.45,57.0,4,18,0,-3,0
2023,4,Baku,VER,Red Bull Racing,2.3333333333333335,2.0,61.0,148.0,1.0,-25.0,0.041666666666666664,1.0,1.3333333333333333,2.2,69.0,1.0,0.0,0.0625,1.0,1.0,5.666666666666667,4.0,5.666666666666667,-1.8,-1.0,-0.6666666666666667,0.6666666666666666,1.0,1.0,1.0,3.0,0.0,1.0,-1.2000000000000002,1.3333333333333333,2.0,1.0,2.6666666666666665,0.0,-0.6666666666666667,1,18,0.45,57.0,4,18,0,-3,0
2023,4,Baku,ZHO,Alfa Romeo,12.666666666666666,13.8,2.0,6.0,8.0,117.0,0.2916666666666667,0.5714285714285714,12.666666666666666,12.4,2.0,15.0,67.0,0.1875,0.6666666666666666,0.0,14.0,14.8,14.0,-2.4,-0.5,0.16666666666666607,0.6666666666666666,18.0,18.0,0.0,14.0,1.0,1.0,5.6,15.666666666666666,0.0,0.0,14.333333333333334,0.6666666666666666,1.8666666666666654,1,18,0.45,57.0,4,18,0,-3,0
2023,5,Miami,ALB,Williams,14.666666666666666,15.8,0.0,1.0,10.0,165.0,0.34615384615384615,0.5,16.666666666666668,14.6,1.0,17.0,86.0,0.2777777777777778,0.5,0.0,12.666666666666666,14.4,13.25,0.2,-2.0,0.0,0.5,9.0,9.0,0.0,18.0,0.0,1.0,-5.6,11.5,0.0,0.0,18.5,0.0,-4.300000000000001,1,20,0.6,57.0,5,17,0,-3,0
2023,5,Miami,ALO,Aston Martin,5.0,7.6,30.0,83.0,2.0,83.0,0.11538461538461539,0.875,3.3333333333333335,6.6,57.0,3.0,30.0,0.05555555555555555,1.0,1.0,4.333333333333333,5.8,4.5,0.8,-1.375,-3.0,1.0,11.0,11.0,0.0,11.0,0.0,1.0,4.4,13.5,0.0,0.0,11.5,0.5,5.9,1,20,0.6,57.0,5,17,0,-3,0
2023,5,Miami,BOT,Alfa Romeo,15.333333333333334,14.0,2.0,6.0,8.0,160.0,0.34615384615384615,0.5,15.666666666666666,14.0,4.0,11.0,83.0,0.2777777777777778,0.5,0.0,15.666666666666666,15.4,14.75,-1.4,0.125,-0.25,0.5,7.0,7.0,0.0,5.0,0.0,1.0,-7.0,13.5,0.0,0.0,11.0,0.5,-0.5,1,20,0.6,57.0,5,17,0,-3,0
2023,5,Miami,DEV,AlphaTauri,13.333333333333334,13.2,2.0,2.0,9.0,164.0,0.2692307692307692,0.625,16.333333333333332,14.4,0.0,19.0,87.0,0.3888888888888889,0.25,0.0,17.666666666666668,17.0,18.0,-2.6,2.75,2.625,0.0,10.069444444444445,9.305555555555555,0.0,10.01388888888889,0.2222222222222222,0.0,-4.330555555555556,15.0,0.0,0.0,8.0,0.5,1.8000000000000007,1,20,0.6,57.0,5,17,0,-3,0
2023,5,Miami,GAS,Alpine,14.333333333333334,12.8,0.0,8.0,6.0,158.0,0.2692307692307692,0.625,12.0,11.8,4.0,11.0,83.0,0.16666666666666666,0.75,0.0,12.666666666666666,15.0,14.5,-3.2,2.375,-1.25,0.75,18.0,18.0,0.0,7.0,1.0,1.0,6.199999999999999,9.5,0.0,0.0,15.5,0.0,-3.3000000000000007,1,20,0.6,57.0,5,17,0,-3,0
2023,5,Miami,HAM,Mercedes,10.666666666666666,7.6,13.0,69.0,3.0,97.0,0.11538461538461539,0.875,4.333333333333333,7.2,46.0,4.0,41.0,0.05555555555555555,1.0,0.75,5.333333333333333,5.6,5.75,1.6,0.0,-2.375,0.75,6.0,6.0,0.0,6.0,0.0,1.0,-1.2000000000000002,5.5,0.0,0.0,9.0,0.0,-2.0999999999999996,1,20,0.6,57.0,5,17,0,-3,0
2023,5,Miami,HUL,Haas F1 Team,15.666666666666666,12.8,0.0,7.0,7.0,159.0,0.34615384615384615,0.5,12.0,12.6,6.0,10.0,81.0,0.2777777777777778,0.5,0.0,12.666666666666666,13.2,12.0,-0.6,-1.75,-0.25,0.25,10.069444444444445,9.305555555555555,0.0,10.01388888888889,0.2222222222222222,0.0,-2.530555555555555,15.5,0.0,0.0,15.5,0.5,2.6999999999999993,1,20,0.6,57.0,5,17,0,-3,0
2023,5,Miami,LEC,Ferrari,6.666666666666667,9.2,25.0,51.0,4.0,115.0,0.19230769230769232,0.75,10.0,10.2,21.0,8.0,66.0,0.2777777777777778,0.5,0.25,3.3333333333333335,3.2,3.25,7.0,-0.625,2.75,0.25,2.0,2.0,1.0,1.0,0.0,1.0,-8.2,2.5,0.0,1.0,1.5,0.0,-6.699999999999999,1,20,0.6,57.0,5,17,0,-3,0
2023,5,Miami,MAG,Haas F1 Team,15.0,13.8,0.0,7.0,7.0,159.0,0.32142857142857145,0.5555555555555556,13.333333333333334,14.0,1.0,17.0,86.0,0.2777777777777778,0.5,0.0,15.0,15.6,15.5,-1.6,1.75,0.25,0.75,16.0,16.0,0.0,16.0,1.0,1.0,2.0,15.333333333333334,0.0,0.0,14.333333333333334,0.3333333333333333,1.5333333333333332,1,20,0.6,57.0,5,17,0,-3,0
2023,5,Miami,NOR,McLaren,9.333333333333334,9.8,6.0,14.0,5.0,152.0,0.19230769230769232,0.75,10.666666666666666,11.0,10.0,9.0,77.0,0.16666666666666666,0.75,0.0,13.0,11.4,12.5,-0.4,-0.375,-0.625,0.75,19.0,19.0,0.0,8.0,1.0,1.0,8.0,16.0,0.0,0.0,11.0,0.5,6.199999999999999,1,20,0.6,57.0,5,17,0,-3,0
2023,5,Miami,OCO,Alpine,12.333333333333334,12.8,4.0,12.0,6.0,154.0,0.25,0.6666666666666666,12.333333333333334,12.4,4.0,11.0,83.0,0.2777777777777778,0.5,0.0,10.0,9.4,9.75,3.0,-2.375,1.25,0.25,8.0,8.0,0.0,20.0,0.0,1.0,-4.4,9.0,0.0,0.0,12.0,0.0,-3.8000000000000007,1,20,0.6,57.0,5,17,0,-3,0
2023,5,Miami,PER,Red Bull Racing,1.3333333333333333,2.2,68.0,166.0,1.0,0.0,0.038461538461538464,1.0,2.3333333333333335,2.4,79.0,2.0,8.0,0.05555555555555555,1.0,1.0,8.0,5.6,6.5,-3.2,0.875,0.375,0.5,4.0,4.0,0.0,4.0,0.0,1.0,1.6,2.5,1.0,0.5,3.5,0.0,0.2999999999999998,1,20,0.6,57.0,5,17,0,-3,0
2023,5,Miami,PIA,McLaren,12.333333333333334,10.2,2.0,14.0,5.0,152.0,0.17857142857142858,0.7777777777777778,11.333333333333334,13.5,4.0,11.0,83.0,0.16666666666666666,0.75,0.0,11.666666666666666,13.25,13.25,0.25,0.375,0.625,0.25,10.069444444444445,9.305555555555555,0.0,10.01388888888889,0.2222222222222222,0.0,-3.4305555555555554,16.333333333333332,0.0,0.0,12.666666666666666,0.3333333333333333,6.133333333333333,1,20,0.6,57.0,5,17,0,-3,0
2023,5,Miami,RUS,Mercedes,6.666666666666667,8.0,21.0,77.0,3.0,89.0,0.10714285714285714,0.8888888888888888,10.0,8.4,23.0,7.0,64.0,0.16666666666666666,0.75,0.25,5.666666666666667,5.8,5.75,2.6,0.0,2.375,0.25,5.0,5.0,0.0,12.0,0.0,1.0,-3.4000000000000004,5.666666666666667,0.0,0.0,10.333333333333334,0.0,-2.333333333333333,1,20,0.6,57.0,5,17,0,-3,0
2023,5,Miami,SAI,Ferrari,5.0,9.4,31.0,57.0,4.0,109.0,0.17857142857142858,0.7777777777777778,7.666666666666667,6.2,30.0,5.0,57.0,0.05555555555555555,1.0,0.5,4.666666666666667,4.4,4.5,1.8,0.625,-2.75,0.75,3.0,3.0,1.0,2.0,0.0,1.0,-3.2,4.0,0.0,0.6666666666666666,3.3333333333333335,0.0,-5.4,1,20,0.6,57.0,5,17,0,-3,0
2023,5,Miami,SAR,Williams,14.0,15.4,0.0,1.0,10.0,165.0,0.32142857142857145,0.5555555555555556,16.0,15.0,0.0,19.0,87.0,0.2777777777777778,0.5,0.0,17.666666666666668,17.25,17.25,-2.25,2.0,0.0,0.5,10.069444444444445,9.305555555555555,0.0,10.01388888888889,0.2222222222222222,0.0,-4.930555555555555,12.333333333333334,0.0,0.0,16.0,0.0,-3.0666666666666664,1,20,0.6,57.0,5,17,0,-3,0
2023,5,Miami,STR,Aston Martin,4.666666666666667,4.2,33.0,98.0,2.0,68.0,0.10714285714285714,0.8888888888888888,10.333333333333334,9.0,26.0,6.0,61.0,0.16666666666666666,0.75,0.25,7.0,8.6,7.25,0.4,1.375,3.0,0.0,10.0,10.0,0.0,10.0,0.0,1.0,1.0,10.0,0.0,0.3333333333333333,8.333333333333334,0.3333333333333333,5.8,1,20,0.6,57.0,5,17,0,-3,0
2023,5,Miami,TSU,AlphaTauri,16.0,14.6,1.0,2.0,9.0,164.0,0.25,0.6666666666666666,10.333333333333334,10.6,2.0,15.0,85.0,0.05555555555555555,1.0,0.0,12.0,12.4,12.5,-1.8,-2.75,-2.625,1.0,12.0,12.0,0.0,9.0,0.0,1.0,1.4000000000000004,16.0,0.0,0.0,10.333333333333334,0.3333333333333333,1.4000000000000004,1,20,0.6,57.0,5,17,0,-3,0
2023,5,Miami,VER,Red Bull Racing,1.6666666666666667,2.2,61.0,184.0,1.0,-18.0,0.03571428571428571,1.0,1.6666666666666667,1.4,87.0,1.0,0.0,0.05555555555555555,1.0,1.0,6.0,4.0,4.75,-2.6,-0.875,-0.375,0.5,1.0,1.0,1.0,3.0,0.0,1.0,-0.3999999999999999,2.3333333333333335,1.0,0.6666666666666666,2.6666666666666665,0.0,0.1333333333333333,1,20,0.6,57.0,5,17,0,-3,1
2023,5,Miami,ZHO,Alfa Romeo,16.666666666666668,14.0,0.0,6.0,8.0,160.0,0.32142857142857145,0.5555555555555556,13.666666666666666,13.8,2.0,15.0,85.0,0.2777777777777778,0.5,0.0,15.0,14.6,14.5,-0.8,-0.125,0.25,0.5,20.0,20.0,0.0,17.0,1.0,1.0,6.199999999999999,13.333333333333334,0.0,0.0,10.666666666666666,0.3333333333333333,-0.6666666666666661,1,20,0.6,57.0,5,17,0,-3,0
2023,6,Monaco,ALB,Williams,16.666666666666668,15.6,0.0,1.0,10.0,209.0,0.36666666666666664,0.5,15.0,14.8,1.0,18.0,112.0,0.25,0.6,0.0,10.666666666666666,12.8,12.8,2.0,-2.5,-0.5999999999999996,0.6,18.0,18.0,0.0,16.0,1.0,1.0,3.1999999999999993,16.5,0.0,0.0,17.5,0.5,0.9000000000000004,1,3,0.75,57.0,6,16,0,-3,0
2023,6,Monaco,ALO,Aston Martin,7.333333333333333,6.0,21.0,98.0,2.0,112.0,0.1,0.9,3.3333333333333335,3.2,72.0,3.0,41.0,0.05,1.0,1.0,4.0,4.0,4.0,-0.8,-2.7,-3.3,1.0,7.0,7.0,0.0,7.0,0.0,1.0,3.8,12.0,0.0,0.0,13.5,0.0,6.0,1,3,0.75,57.0,6,16,0,-3,0
2023,6,Monaco,BOT,Alfa Romeo,16.0,15.0,0.0,6.0,8.0,204.0,0.3,0.6,14.0,13.6,4.0,13.0,109.0,0.25,0.6,0.0,14.333333333333334,13.8,13.8,-0.2,-0.3000000000000007,-0.5,0.6,9.0,9.0,0.0,12.0,0.0,1.0,-4.6,12.5,0.0,0.0,16.0,0.0,-2.5,1,3,0.75,57.0,6,16,0,-3,0
2023,6,Monaco,DEV,AlphaTauri,13.0,13.8,1.0,2.0,9.0,208.0,0.23333333333333334,0.7,17.666666666666668,16.2,0.0,19.0,113.0,0.35,0.4,0.0,16.666666666666668,17.4,17.4,-1.2,2.0,2.8000000000000007,0.0,9.733333333333334,8.18,0.0,9.603333333333333,0.30333333333333334,0.0,-6.466666666666665,14.0,0.0,0.0,14.0,0.0,0.1999999999999993,1,3,0.75,57.0,6,16,0,-3,0
2023,6,Monaco,GAS,Alpine,10.666666666666666,12.0,6.0,14.0,5.0,196.0,0.23333333333333334,0.7,11.666666666666666,10.6,8.0,10.0,105.0,0.15,0.8,0.0,11.0,12.6,12.6,-2.0,1.5999999999999996,-1.0999999999999996,0.8,11.0,11.0,0.0,17.0,0.0,1.0,0.40000000000000036,9.5,0.0,0.0,8.5,0.0,-2.5,1,3,0.75,57.0,6,16,0,-3,0
2023,6,Monaco,HAM,Mercedes,6.0,8.4,25.0,89.0,3.0,121.0,0.1,0.9,4.666666666666667,4.8,54.0,4.0,59.0,0.05,1.0,0.6,7.0,7.2,7.2,-2.4,0.7000000000000002,-1.7000000000000002,0.6,8.0,8.0,0.0,8.0,0.0,1.0,3.2,6.5,0.0,0.0,7.0,0.0,-1.9000000000000004,1,3,0.75,57.0,6,16,0,-3,0
2023,6,Monaco,HUL,Haas F1 Team,12.666666666666666,14.4,1.0,8.0,7.0,202.0,0.3,0.6,13.0,13.2,6.0,11.0,107.0,0.25,0.6,0.0,13.0,12.0,12.0,1.2,-0.5999999999999996,0.3000000000000007,0.2,9.733333333333334,8.18,0.0,9.603333333333333,0.30333333333333334,0.0,-3.466666666666665,19.5,0.0,0.0,14.0,1.0,5.1,1,3,0.75,57.0,6,16,0,-3,0
2023,6,Monaco,LEC,Ferrari,5.666666666666667,6.4,26.0,67.0,4.0,143.0,0.16666666666666666,0.8,10.0,11.2,27.0,7.0,86.0,0.25,0.6,0.2,5.0,4.0,4.0,7.2,-0.09999999999999964,2.3999999999999986,0.2,4.0,4.0,0.0,1.0,0.0,1.0,-7.199999999999999,3.0,0.0,0.5,1.5,0.0,-3.4000000000000004,1,3,0.75,57.0,6,16,0,-3,0
2023,6,Monaco,MAG,Haas F1 Team,14.0,14.4,1.0,8.0,7.0,202.0,0.34375,0.5454545454545454,13.333333333333334,12.6,2.0,15.0,111.0,0.25,0.6,0.0,12.0,13.2,13.2,-0.6,0.5999999999999996,-0.29999999999999893,0.8,20.0,20.0,0.0,13.0,1.0,1.0,7.4,18.666666666666668,0.0,0.0,15.333333333333334,1.0,4.2666666666666675,1,3,0.75,57.0,6,16,0,-3,0
2023,6,Monaco,NOR,McLaren,15.666666666666666,12.8,0.0,14.0,5.0,196.0,0.23333333333333334,0.7,10.666666666666666,13.2,10.0,9.0,103.0,0.15,0.8,0.0,12.0,13.2,13.2,0.0,-0.6000000000000014,-0.6999999999999993,0.8,6.0,6.0,0.0,5.0,0.0,1.0,-7.199999999999999,9.5,0.0,0.0,9.5,0.0,-3.3000000000000007,1,3,0.75,57.0,6,16,0,-3,0
2023,6,Monaco,OCO,Alpine,8.0,10.6,12.0,20.0,5.0,190.0,0.21875,0.7272727272727273,12.666666666666666,12.8,6.0,11.0,107.0,0.25,0.6,0.0,10.333333333333334,9.4,9.4,3.4,-1.5999999999999996,1.1000000000000014,0.2,12.0,12.0,0.0,10.0,0.0,1.0,-0.8000000000000007,8.666666666666666,0.0,0.0,8.0,0.0,-1.9333333333333336,1,3,0.75,57.0,6,16,0,-3,0
2023,6,Monaco,PER,Red Bull Racing,1.6666666666666667,1.4,62.0,210.0,1.0,0.0,0.03333333333333333,1.0,2.6666666666666665,2.2,97.0,2.0,16.0,0.05,1.0,1.0,8.0,5.4,5.4,-3.2,-0.09999999999999964,0.40000000000000013,0.4,1.0,1.0,1.0,3.0,0.0,1.0,-1.2000000000000002,2.0,1.0,1.0,3.5,0.0,0.6000000000000001,1,3,0.75,57.0,6,16,0,-3,0
2023,6,Monaco,PIA,McLaren,15.0,13.0,2.0,16.0,5.0,194.0,0.28125,0.6363636363636364,12.666666666666666,14.6,4.0,13.0,109.0,0.25,0.6,0.0,15.0,14.4,14.4,0.2,0.5999999999999996,0.7000000000000011,0.2,9.733333333333334,8.18,0.0,9.603333333333333,0.30333333333333334,0.0,-4.866666666666665,9.333333333333334,0.0,0.0,9.666666666666666,0.3333333333333333,-3.666666666666666,1,3,0.75,57.0,6,16,0,-3,0
2023,6,Monaco,RUS,Mercedes,4.666666666666667,5.6,33.0,102.0,3.0,108.0,0.09375,0.9090909090909091,10.0,8.2,35.0,6.0,78.0,0.15,0.8,0.4,6.333333333333333,5.8,5.8,2.4,-0.7000000000000002,1.6999999999999993,0.4,5.0,5.0,0.0,6.0,0.0,1.0,-3.1999999999999993,5.666666666666667,0.0,0.0,6.666666666666667,0.0,0.06666666666666732,1,3,0.75,57.0,6,16,0,-3,0
2023,6,Monaco,SAI,Ferrari,6.0,5.2,24.0,75.0,4.0,135.0,0.15625,0.8181818181818182,7.333333333333333,6.4,40.0,5.0,73.0,0.05,1.0,0.6,4.0,4.2,4.2,2.2,0.10000000000000053,-2.4000000000000004,0.8,2.0,2.0,1.0,2.0,0.0,1.0,-4.4,4.0,0.0,0.3333333333333333,2.0,0.0,-1.2000000000000002,1,3,0.75,57.0,6,16,0,-3,0
2023,6,Monaco,SAR,Williams,16.0,15.2,0.0,1.0,10.0,209.0,0.40625,0.45454545454545453,17.333333333333332,16.0,0.0,19.0,113.0,0.35,0.4,0.0,17.666666666666668,17.8,17.8,-1.8,2.5,0.5999999999999996,0.4,9.733333333333334,8.18,0.0,9.603333333333333,0.30333333333333334,0.0,-6.266666666666666,15.666666666666666,0.0,0.0,16.0,0.6666666666666666,0.4666666666666668,1,3,0.75,57.0,6,16,0,-3,0
2023,6,Monaco,STR,Aston Martin,5.666666666666667,5.6,33.0,116.0,2.0,94.0,0.09375,0.9090909090909091,7.666666666666667,9.8,26.0,8.0,87.0,0.15,0.8,0.2,11.0,9.4,9.4,0.4,2.7,3.3000000000000007,0.0,14.0,14.0,0.0,18.0,0.0,1.0,4.199999999999999,8.666666666666666,0.0,0.3333333333333333,9.666666666666666,0.0,3.0666666666666664,1,3,0.75,57.0,6,16,0,-3,0
2023,6,Monaco,TSU,AlphaTauri,13.666666666666666,14.2,0.0,2.0,9.0,208.0,0.28125,0.6363636363636364,10.333333333333334,10.6,2.0,15.0,111.0,0.05,1.0,0.0,12.333333333333334,13.4,13.4,-2.8,-1.9999999999999982,-2.799999999999999,1.0,17.0,17.0,0.0,11.0,0.0,1.0,6.4,13.333333333333334,0.0,0.0,13.333333333333334,0.3333333333333333,-0.8666666666666654,1,3,0.75,57.0,6,16,0,-3,0
2023,6,Monaco,VER,Red Bull Racing,6.333333333333333,4.4,44.0,210.0,1.0,0.0,0.09375,0.9090909090909091,1.3333333333333333,1.4,113.0,1.0,0.0,0.05,1.0,1.0,4.0,5.6,5.6,-4.2,0.09999999999999964,-0.40000000000000013,0.6,3.0,3.0,1.0,4.0,0.0,1.0,1.6,6.666666666666667,1.0,0.6666666666666666,9.0,0.3333333333333333,2.2666666666666666,1,3,0.75,57.0,6,16,0,-3,1
2023,6,Monaco,ZHO,Alfa Romeo,13.333333333333334,15.4,0.0,6.0,8.0,204.0,0.34375,0.5454545454545454,14.666666666666666,14.6,2.0,15.0,111.0,0.25,0.6,0.0,15.666666666666666,14.4,14.4,0.2,0.29999999999999893,0.5,0.4,16.0,16.0,0.0,20.0,0.0,1.0,1.4000000000000004,12.0,0.0,0.0,15.666666666666666,0.3333333333333333,-3.4000000000000004,1,3,0.75,57.0,6,16,0,-3,0
2023,7,Barcelona,ALB,Williams,17.333333333333332,16.4,0.0,1.0,10.0,234.0,0.4411764705882353,0.4166666666666667,13.333333333333334,15.6,1.0,18.0,137.0,0.3181818181818182,0.5,0.0,12.333333333333334,12.4,12.833333333333334,3.2,-2.333333333333334,-0.8333333333333339,0.6666666666666666,18.0,18.0,0.0,19.0,0.0,1.0,2.4000000000000004,17.0,0.0,0.0,19.5,0.0,0.6000000000000014,0,18,0.45,57.0,7,15,0,-3,0
2023,7,Barcelona,ALO,Aston Martin,11.333333333333334,8.8,18.0,116.0,2.0,119.0,0.14705882352941177,0.8333333333333334,3.0,3.0,90.0,3.0,48.0,0.045454545454545456,1.0,1.0,3.3333333333333335,3.4,3.6666666666666665,-0.4,-3.2499999999999996,-4.25,1.0,9.0,9.0,0.0,17.0,0.0,1.0,6.0,13.0,0.0,0.0,17.0,0.0,4.199999999999999,0,18,0.45,57.0,7,15,0,-3,0
2023,7,Barcelona,BOT,Alfa Romeo,13.333333333333334,14.4,0.0,6.0,8.0,229.0,0.38235294117647056,0.5,14.0,14.2,4.0,14.0,134.0,0.3181818181818182,0.5,0.0,13.0,14.4,14.0,-0.2,-0.5833333333333321,-0.5833333333333339,0.6666666666666666,6.0,6.0,0.0,7.0,0.0,1.0,-8.2,12.5,0.0,0.0,11.0,0.5,-1.9000000000000004,0,18,0.45,57.0,7,15,0,-3,0
2023,7,Barcelona,DEV,AlphaTauri,12.666666666666666,13.2,0.0,2.0,9.0,233.0,0.3235294117647059,0.5833333333333334,16.666666666666668,15.8,0.0,19.0,138.0,0.4090909090909091,0.3333333333333333,0.0,15.666666666666666,16.0,16.5,-0.2,1.9166666666666679,2.083333333333332,0.16666666666666666,9.908163265306122,8.571428571428571,0.0,9.646258503401361,0.22448979591836735,0.0,-5.891836734693879,11.5,0.0,0.0,13.5,0.0,-1.6999999999999993,0,18,0.45,57.0,7,15,0,-3,0
2023,7,Barcelona,GAS,Alpine,6.333333333333333,8.4,23.0,35.0,5.0,200.0,0.20588235294117646,0.75,9.666666666666666,10.2,14.0,10.0,124.0,0.13636363636363635,0.8333333333333334,0.0,10.333333333333334,10.0,11.666666666666666,0.2,1.583333333333334,-0.5833333333333321,0.6666666666666666,13.0,13.0,0.0,14.0,0.0,1.0,2.8000000000000007,8.0,0.0,0.0,14.5,0.0,-0.40000000000000036,0,18,0.45,57.0,7,15,0,-3,0
2023,7,Barcelona,HAM,Mercedes,4.333333333333333,5.4,35.0,112.0,3.0,123.0,0.08823529411764706,0.9166666666666666,5.333333333333333,4.6,67.0,4.0,71.0,0.045454545454545456,1.0,0.6666666666666666,8.0,7.0,7.0,-2.4,0.4166666666666661,-1.5,0.6666666666666666,5.0,5.0,0.0,6.0,0.0,1.0,0.40000000000000036,4.0,0.0,0.5,5.0,0.0,-1.4000000000000004,0,18,0.45,57.0,7,15,0,-3,0
2023,7,Barcelona,HUL,Haas F1 Team,15.333333333333334,14.8,1.0,8.0,7.0,227.0,0.38235294117647056,0.5,16.333333333333332,13.6,6.0,12.0,132.0,0.3181818181818182,0.5,0.0,15.666666666666666,13.6,13.0,0.0,-0.41666666666666785,0.08333333333333393,0.3333333333333333,9.908163265306122,8.571428571428571,0.0,9.646258503401361,0.22448979591836735,0.0,-3.6918367346938776,15.5,0.0,0.0,9.0,0.0,0.6999999999999993,0,18,0.45,57.0,7,15,0,-3,0
2023,7,Barcelona,LEC,Ferrari,6.333333333333333,6.2,22.0,79.0,4.0,156.0,0.14705882352941177,0.8333333333333334,5.333333333333333,8.6,35.0,7.0,103.0,0.22727272727272727,0.6666666666666666,0.16666666666666666,3.6666666666666665,4.0,3.8333333333333335,4.6,-0.24999999999999956,1.833333333333334,0.3333333333333333,20.0,20.0,0.0,1.0,1.0,1.0,11.4,12.0,0.0,0.0,2.0,0.5,5.8,0,18,0.45,57.0,7,15,0,-3,0
2023,7,Barcelona,MAG,Haas F1 Team,17.0,15.2,0.0,8.0,7.0,227.0,0.4166666666666667,0.46153846153846156,14.0,13.8,2.0,15.0,136.0,0.3181818181818182,0.5,0.0,13.0,13.2,13.833333333333334,0.6,0.4166666666666661,-0.08333333333333393,0.6666666666666666,17.0,17.0,0.0,8.0,0.0,1.0,3.1999999999999993,15.333333333333334,0.0,0.0,8.666666666666666,0.3333333333333333,0.13333333333333464,0,18,0.45,57.0,7,15,0,-3,0
2023,7,Barcelona,NOR,McLaren,12.666666666666666,13.2,3.0,17.0,6.0,218.0,0.3235294117647059,0.5833333333333334,11.666666666666666,11.6,12.0,11.0,126.0,0.22727272727272727,0.6666666666666666,0.0,11.0,13.0,12.666666666666666,-1.4,-0.5833333333333339,-0.6666666666666679,0.8333333333333334,8.0,8.0,0.0,11.0,0.0,1.0,-3.5999999999999996,10.0,0.0,0.0,10.0,0.0,-3.1999999999999993,0,18,0.45,57.0,7,15,0,-3,0
2023,7,Barcelona,OCO,Alpine,6.666666666666667,7.4,22.0,36.0,5.0,199.0,0.19444444444444445,0.7692307692307693,9.0,9.8,21.0,9.0,117.0,0.22727272727272727,0.6666666666666666,0.16666666666666666,8.0,8.4,8.5,1.4,-1.5833333333333321,0.5833333333333339,0.3333333333333333,7.0,7.0,0.0,12.0,0.0,1.0,-2.8000000000000007,8.666666666666666,0.0,0.0,11.0,0.0,1.2666666666666657,0,18,0.45,57.0,7,15,0,-3,0
2023,7,Barcelona,PER,Red Bull Racing,6.0,4.4,51.0,235.0,1.0,0.0,0.08823529411764706,0.9166666666666666,6.333333333333333,5.0,97.0,2.0,41.0,0.13636363636363635,0.8333333333333334,0.8333333333333334,8.0,9.0,7.833333333333333,-4.0,1.5,1.5833333333333335,0.3333333333333333,2.0,2.0,1.0,5.0,0.0,1.0,-3.0,1.5,1.0,1.0,3.5,0.0,-2.9000000000000004,0,18,0.45,57.0,7,15,0,-3,0
2023,7,Barcelona,PIA,McLaren,12.0,14.4,3.0,17.0,6.0,218.0,0.3611111111111111,0.5384615384615384,13.333333333333334,12.6,5.0,13.0,133.0,0.3181818181818182,0.5,0.0,13.333333333333334,13.0,13.833333333333334,-0.4,0.5833333333333339,0.6666666666666661,0.16666666666666666,9.908163265306122,8.571428571428571,0.0,9.646258503401361,0.22448979591836735,0.0,-2.6918367346938776,12.333333333333334,0.0,0.0,7.666666666666667,0.3333333333333333,-2.0666666666666664,0,18,0.45,57.0,7,15,0,-3,0
2023,7,Barcelona,RUS,Mercedes,3.6666666666666665,4.2,41.0,130.0,3.0,105.0,0.08333333333333333,0.9230769230769231,5.666666666666667,7.8,45.0,5.0,93.0,0.13636363636363635,0.8333333333333334,0.5,8.333333333333334,6.2,6.166666666666667,1.6,-0.41666666666666696,1.5,0.3333333333333333,3.0,3.0,1.0,4.0,0.0,1.0,-4.8,3.3333333333333335,0.0,0.6666666666666666,5.0,0.0,-0.8666666666666667,0,18,0.45,57.0,7,15,0,-3,0
2023,7,Barcelona,SAI,Ferrari,8.333333333333334,7.4,12.0,79.0,4.0,156.0,0.1388888888888889,0.8461538461538461,6.0,7.2,44.0,6.0,94.0,0.045454545454545456,1.0,0.5,4.0,4.4,4.333333333333333,2.8,0.25,-1.833333333333333,0.6666666666666666,4.0,4.0,0.0,3.0,0.0,1.0,-3.2,11.666666666666666,0.0,0.0,7.666666666666667,0.3333333333333333,4.266666666666666,0,18,0.45,57.0,7,15,0,-3,0
2023,7,Barcelona,SAR,Williams,16.0,16.4,0.0,1.0,10.0,234.0,0.4722222222222222,0.38461538461538464,18.0,17.2,0.0,19.0,138.0,0.4090909090909091,0.3333333333333333,0.0,17.0,17.8,17.5,-0.6,2.333333333333332,0.8333333333333321,0.3333333333333333,9.908163265306122,8.571428571428571,0.0,9.646258503401361,0.22448979591836735,0.0,-7.291836734693877,16.666666666666668,0.0,0.0,19.0,0.3333333333333333,0.26666666666666927,0,18,0.45,57.0,7,15,0,-3,0
2023,7,Barcelona,STR,Aston Martin,9.666666666666666,8.8,24.0,122.0,2.0,113.0,0.1388888888888889,0.8461538461538461,13.0,12.6,26.0,8.0,112.0,0.22727272727272727,0.6666666666666666,0.16666666666666666,13.666666666666666,10.6,10.166666666666666,2.0,3.25,4.25,0.0,15.0,15.0,0.0,18.0,0.0,1.0,2.4000000000000004,11.0,0.0,0.0,14.333333333333334,0.0,2.1999999999999993,0,18,0.45,57.0,7,15,0,-3,0
2023,7,Barcelona,TSU,AlphaTauri,13.666666666666666,14.0,0.0,2.0,9.0,233.0,0.3611111111111111,0.5384615384615384,12.0,11.4,2.0,15.0,136.0,0.13636363636363635,0.8333333333333334,0.0,11.333333333333334,12.4,12.666666666666666,-1.0,-1.916666666666666,-2.083333333333334,0.8333333333333334,10.0,10.0,0.0,13.0,0.0,1.0,-1.4000000000000004,12.333333333333334,0.0,0.0,13.666666666666666,0.3333333333333333,-1.666666666666666,0,18,0.45,57.0,7,15,0,-3,0
2023,7,Barcelona,VER,Red Bull Racing,7.0,4.8,37.0,247.0,1.0,-12.0,0.08333333333333333,0.9230769230769231,1.3333333333333333,1.4,138.0,1.0,0.0,0.045454545454545456,1.0,1.0,4.0,5.6,4.833333333333333,-4.2,-1.5,-1.5833333333333333,0.6666666666666666,1.0,1.0,1.0,2.0,0.0,1.0,-0.3999999999999999,2.3333333333333335,1.0,0.6666666666666666,6.0,0.0,-2.4666666666666663,0,18,0.45,57.0,7,15,0,-3,1
2023,7,Barcelona,ZHO,Alfa Romeo,14.333333333333334,14.4,0.0,6.0,8.0,229.0,0.4166666666666667,0.46153846153846156,16.0,14.0,2.0,15.0,136.0,0.3181818181818182,0.5,0.0,16.333333333333332,15.6,15.166666666666666,-1.6,0.5833333333333339,0.5833333333333339,0.3333333333333333,19.0,19.0,0.0,15.0,1.0,1.0,5.0,14.666666666666666,0.0,0.0,12.666666666666666,0.6666666666666666,0.2666666666666657,0,18,0.45,57.0,7,15,0,-3,0
2023,8,Montréal,ALB,Williams,18.0,17.6,0.0,1.0,10.0,272.0,0.5,0.35714285714285715,14.666666666666666,15.0,1.0,18.0,163.0,0.375,0.42857142857142855,0.0,14.0,12.6,13.571428571428571,2.4,-2.142857142857144,-1.0,0.7142857142857143,13.0,13.0,0.0,12.0,0.0,1.0,-2.0,14.5,0.0,0.0,15.5,0.0,-3.1000000000000014,1,18,0.45,57.0,8,14,0,-3,0
2023,8,Montréal,ALO,Aston Martin,11.0,9.4,14.0,130.0,3.0,143.0,0.13157894736842105,0.8571428571428571,4.0,3.8,96.0,3.0,68.0,0.041666666666666664,1.0,0.8571428571428571,4.333333333333333,4.6,4.428571428571429,-0.8,-2.571428571428571,-3.5714285714285707,0.8571428571428571,9.0,9.0,0.0,2.0,0.0,1.0,5.2,11.0,0.0,0.0,17.5,0.0,1.5999999999999996,1,18,0.45,57.0,8,14,0,-3,0
2023,8,Montréal,BOT,Alfa Romeo,13.666666666666666,13.6,2.0,8.0,7.0,265.0,0.39473684210526316,0.5,14.333333333333334,14.4,4.0,14.0,160.0,0.375,0.42857142857142855,0.0,13.666666666666666,14.8,14.285714285714286,-0.4,-0.2857142857142865,0.2142857142857153,0.5714285714285714,7.0,7.0,0.0,11.0,0.0,1.0,-7.4,7.5,0.0,0.0,10.5,0.0,-6.1,1,18,0.45,57.0,8,14,0,-3,0
2023,8,Montréal,DEV,AlphaTauri,13.666666666666666,12.8,0.0,2.0,9.0,271.0,0.34210526315789475,0.5714285714285714,14.666666666666666,15.8,0.0,19.0,164.0,0.4583333333333333,0.2857142857142857,0.0,13.666666666666666,15.2,16.142857142857142,0.6,1.5714285714285712,1.9285714285714288,0.14285714285714285,9.613333333333333,8.0,0.0,9.663333333333334,0.1733333333333333,0.0,-6.186666666666667,16.0,0.0,0.0,18.0,0.5,3.1999999999999993,1,18,0.45,57.0,8,14,0,-3,0
2023,8,Montréal,GAS,Alpine,7.0,7.4,20.0,40.0,5.0,233.0,0.18421052631578946,0.7857142857142857,8.333333333333334,10.4,15.0,10.0,149.0,0.125,0.8571428571428571,0.0,5.333333333333333,8.8,10.571428571428571,1.6,1.1428571428571423,-0.35714285714285765,0.5714285714285714,14.0,14.0,0.0,16.0,0.0,1.0,3.5999999999999996,7.5,0.0,0.0,4.5,0.0,0.09999999999999964,1,18,0.45,57.0,8,14,0,-3,0
2023,8,Montréal,HAM,Mercedes,3.3333333333333335,3.6,43.0,145.0,2.0,128.0,0.07894736842105263,0.9285714285714286,4.0,4.0,85.0,4.0,79.0,0.041666666666666664,1.0,0.7142857142857143,8.0,6.4,6.714285714285714,-2.4,-0.14285714285714324,-1.3571428571428568,0.7142857142857143,3.0,3.0,1.0,4.0,0.0,1.0,-1.0,3.5,0.0,0.5,6.0,0.0,-0.10000000000000009,1,18,0.45,57.0,8,14,0,-3,0
2023,8,Montréal,HUL,Haas F1 Team,17.333333333333332,15.8,0.0,8.0,7.0,265.0,0.4473684210526316,0.42857142857142855,15.666666666666666,14.2,6.0,12.0,158.0,0.375,0.42857142857142855,0.0,12.666666666666666,13.0,12.285714285714286,1.2,-1.0,-0.14285714285714235,0.42857142857142855,9.613333333333333,8.0,0.0,9.663333333333334,0.1733333333333333,0.0,-4.586666666666666,18.0,0.0,0.0,5.5,0.5,2.1999999999999993,1,18,0.45,57.0,8,14,0,-3,0
2023,8,Montréal,LEC,Ferrari,8.0,7.0,14.0,89.0,4.0,184.0,0.13157894736842105,0.8571428571428571,8.0,9.4,35.0,7.0,129.0,0.20833333333333334,0.7142857142857143,0.14285714285714285,9.666666666666666,7.4,6.0,2.0,1.0,2.0,0.2857142857142857,5.0,5.0,0.0,15.0,0.0,1.0,-4.4,3.5,0.0,0.5,9.0,0.0,-3.5,1,18,0.45,57.0,8,14,0,-3,0
2023,8,Montréal,MAG,Haas F1 Team,16.0,16.8,0.0,8.0,7.0,265.0,0.475,0.4,15.666666666666666,15.4,2.0,16.0,162.0,0.375,0.42857142857142855,0.0,12.666666666666666,14.0,14.285714285714286,1.4,1.0,0.14285714285714413,0.5714285714285714,17.0,17.0,0.0,5.0,0.0,1.0,1.5999999999999996,17.0,0.0,0.0,4.333333333333333,0.6666666666666666,0.1999999999999993,1,18,0.45,57.0,8,14,0,-3,0
2023,8,Montréal,NOR,McLaren,13.333333333333334,13.6,1.0,17.0,6.0,256.0,0.39473684210526316,0.5,14.333333333333334,11.6,12.0,11.0,152.0,0.2916666666666667,0.5714285714285714,0.0,9.666666666666666,9.8,11.285714285714286,1.8,-1.0,-0.2857142857142847,0.7142857142857143,15.0,15.0,0.0,14.0,0.0,1.0,3.4000000000000004,13.0,0.0,0.0,11.5,0.0,-0.5999999999999996,1,18,0.45,57.0,8,14,0,-3,0
2023,8,Montréal,OCO,Alpine,10.0,8.0,5.0,40.0,5.0,233.0,0.175,0.8,6.666666666666667,9.8,25.0,9.0,139.0,0.20833333333333334,0.7142857142857143,0.14285714285714285,6.333333333333333,8.4,8.285714285714286,1.4,-1.1428571428571423,0.3571428571428559,0.42857142857142855,6.0,6.0,0.0,7.0,0.0,1.0,-3.8000000000000007,9.0,0.0,0.0,8.666666666666666,0.0,1.0,1,18,0.45,57.0,8,14,0,-3,0
2023,8,Montréal,PER,Red Bull Racing,2.0,4.6,63.0,273.0,1.0,0.0,0.07894736842105263,0.9285714285714286,7.333333333333333,5.6,109.0,2.0,55.0,0.125,0.8571428571428571,0.8571428571428571,10.666666666666666,11.0,8.285714285714286,-5.4,2.0,1.5714285714285716,0.2857142857142857,20.0,20.0,0.0,13.0,1.0,1.0,14.4,10.5,1.0,0.5,7.0,0.5,5.9,1,18,0.45,57.0,8,14,0,-3,0
2023,8,Montréal,PIA,McLaren,14.333333333333334,12.4,0.0,17.0,6.0,256.0,0.375,0.5333333333333333,14.0,12.2,5.0,13.0,159.0,0.375,0.42857142857142855,0.0,13.333333333333334,13.2,13.285714285714286,-1.0,1.0,0.2857142857142865,0.2857142857142857,9.613333333333333,8.0,0.0,9.663333333333334,0.1733333333333333,0.0,-2.586666666666666,13.0,0.0,0.0,10.0,0.0,0.5999999999999996,1,18,0.45,57.0,8,14,0,-3,0
2023,8,Montréal,RUS,Mercedes,2.6666666666666665,3.4,48.0,160.0,2.0,113.0,0.075,0.9333333333333333,4.0,7.6,60.0,5.0,104.0,0.125,0.8571428571428571,0.5714285714285714,8.666666666666666,7.8,7.0,-0.2,0.14285714285714235,1.3571428571428577,0.2857142857142857,4.0,4.0,0.0,8.0,0.0,1.0,-3.5999999999999996,3.3333333333333335,0.0,0.6666666666666666,5.333333333333333,0.0,-0.06666666666666643,1,18,0.45,57.0,8,14,0,-3,0
2023,8,Montréal,SAI,Ferrari,6.666666666666667,6.8,22.0,101.0,4.0,172.0,0.125,0.8666666666666667,6.0,7.0,54.0,6.0,110.0,0.041666666666666664,1.0,0.5714285714285714,3.3333333333333335,3.8,4.0,3.2,-1.0,-2.0,0.7142857142857143,2.0,2.0,1.0,3.0,0.0,1.0,-5.0,3.6666666666666665,0.0,0.3333333333333333,9.666666666666666,0.0,-3.1333333333333333,1,18,0.45,57.0,8,14,0,-3,0
2023,8,Montréal,SAR,Williams,14.333333333333334,15.0,6.0,7.0,10.0,266.0,0.475,0.4,19.333333333333332,18.0,0.0,19.0,164.0,0.4583333333333333,0.2857142857142857,0.0,18.666666666666668,17.8,17.857142857142858,0.2,2.1428571428571423,1.0,0.2857142857142857,9.613333333333333,8.0,0.0,9.663333333333334,0.1733333333333333,0.0,-8.386666666666667,12.0,0.0,0.0,13.666666666666666,0.0,-3.0,1,18,0.45,57.0,8,14,0,-3,0
2023,8,Montréal,STR,Aston Martin,5.0,7.4,32.0,148.0,3.0,125.0,0.125,0.8666666666666667,12.666666666666666,9.8,34.0,8.0,130.0,0.20833333333333334,0.7142857142857143,0.14285714285714285,12.666666666666666,10.6,9.571428571428571,-0.8,2.571428571428571,3.571428571428571,0.14285714285714285,10.0,10.0,0.0,18.0,0.0,1.0,0.1999999999999993,8.0,0.0,0.3333333333333333,12.666666666666666,0.0,0.5999999999999996,1,18,0.45,57.0,8,14,0,-3,0
2023,8,Montréal,TSU,AlphaTauri,14.666666666666666,14.2,0.0,2.0,9.0,271.0,0.375,0.5333333333333333,12.666666666666666,11.6,2.0,16.0,162.0,0.125,0.8571428571428571,0.0,13.666666666666666,12.2,13.0,-0.6,-1.5714285714285712,-1.9285714285714288,0.8571428571428571,18.0,18.0,0.0,20.0,1.0,1.0,6.4,16.666666666666668,0.0,0.0,18.0,0.6666666666666666,2.4666666666666686,1,18,0.45,57.0,8,14,0,-3,0
2023,8,Montréal,VER,Red Bull Racing,3.6666666666666665,5.6,47.0,282.0,1.0,-9.0,0.075,0.9333333333333333,1.0,1.2,164.0,1.0,0.0,0.041666666666666664,1.0,1.0,3.6666666666666665,2.8,4.285714285714286,-1.6,-2.000000000000001,-1.5714285714285714,0.7142857142857143,1.0,1.0,1.0,1.0,0.0,1.0,-0.19999999999999996,9.0,1.0,0.3333333333333333,8.666666666666666,0.3333333333333333,3.4000000000000004,1,18,0.45,57.0,8,14,0,-3,1
2023,8,Montréal,ZHO,Alfa Romeo,12.666666666666666,12.4,3.0,9.0,7.0,264.0,0.375,0.5333333333333333,12.666666666666666,13.2,4.0,14.0,160.0,0.2916666666666667,0.5714285714285714,0.0,15.333333333333334,15.8,14.857142857142858,-2.6,0.2857142857142847,-0.21428571428571352,0.42857142857142855,8.0,8.0,0.0,10.0,0.0,1.0,-5.199999999999999,8.333333333333334,0.0,0.0,12.0,0.0,-4.066666666666666,1,18,0.45,57.0,8,14,0,-3,0
2023,9,Spielberg,ALB,Williams,15.666666666666666,16.2,6.0,7.0,9.0,300.0,0.5,0.375,12.333333333333334,12.6,7.0,12.0,182.0,0.34615384615384615,0.5,0.0,13.666666666666666,13.0,13.125,-0.4,-2.4375,-1.6875,0.75,12.0,12.0,0.0,11.0,0.0,1.0,-0.5999999999999996,15.5,0.0,0.0,15.0,0.5,-0.6999999999999993,0,18,0.45,57.0,9,13,0,-3,0
2023,9,Spielberg,ALO,Aston Martin,5.666666666666667,8.8,28.0,150.0,3.0,157.0,0.11904761904761904,0.875,3.6666666666666665,3.6,114.0,3.0,75.0,0.038461538461538464,1.0,0.875,4.666666666666667,4.4,4.25,-0.8,-2.875,-3.5625,0.875,10.0,10.0,0.0,8.0,0.0,1.0,6.4,15.0,0.0,0.0,18.5,0.0,6.199999999999999,0,18,0.45,57.0,9,13,0,-3,0
2023,9,Spielberg,BOT,Alfa Romeo,11.666666666666666,13.4,3.0,9.0,7.0,298.0,0.40476190476190477,0.5,13.333333333333334,14.2,5.0,14.0,184.0,0.34615384615384615,0.5,0.0,15.333333333333334,14.0,14.375,0.2,-0.5625,-0.1875,0.625,11.0,11.0,0.0,12.0,0.0,1.0,-3.1999999999999993,12.5,0.0,0.0,15.0,0.0,-0.9000000000000004,0,18,0.45,57.0,9,13,0,-3,0
2023,9,Spielberg,DEV,AlphaTauri,14.666666666666666,14.6,0.0,2.0,10.0,305.0,0.35714285714285715,0.5625,14.666666666666666,16.4,0.0,19.0,189.0,0.5,0.25,0.0,14.666666666666666,15.8,16.375,0.6,1.5,1.9375,0.125,9.996666666666666,8.02,0.0,9.36,0.24333333333333332,0.0,-6.403333333333332,15.5,0.0,0.0,12.0,0.0,0.9000000000000004,0,18,0.45,57.0,9,13,0,-3,0
2023,9,Spielberg,GAS,Alpine,9.333333333333334,8.2,8.0,44.0,5.0,263.0,0.16666666666666666,0.8125,9.666666666666666,10.2,15.0,10.0,174.0,0.11538461538461539,0.875,0.0,9.333333333333334,10.4,11.375,-0.2,1.6875,-0.0625,0.5,15.0,15.0,0.0,10.0,0.0,1.0,4.800000000000001,7.5,0.0,0.0,6.5,0.0,-0.6999999999999993,0,18,0.45,57.0,9,13,0,-3,0
2023,9,Spielberg,HAM,Mercedes,8.333333333333334,6.4,30.0,160.0,2.0,147.0,0.11904761904761904,0.875,3.0,4.2,100.0,4.0,89.0,0.038461538461538464,1.0,0.75,5.0,6.6,6.375,-2.4,-0.1875,-2.1875,0.75,3.0,3.0,1.0,9.0,0.0,1.0,-1.2000000000000002,3.5,0.0,0.5,6.5,0.0,-2.9000000000000004,0,18,0.45,57.0,9,13,0,-3,0
2023,9,Spielberg,HUL,Haas F1 Team,16.666666666666668,16.8,0.0,8.0,8.0,299.0,0.5,0.375,15.666666666666666,15.8,6.0,13.0,183.0,0.4230769230769231,0.375,0.0,9.333333333333334,11.4,11.0,4.4,-1.625,-0.25,0.5,9.996666666666666,8.02,0.0,9.36,0.24333333333333332,0.0,-5.803333333333335,7.0,0.0,0.0,6.5,0.0,-9.8,0,18,0.45,57.0,9,13,0,-3,0
2023,9,Spielberg,LEC,Ferrari,4.666666666666667,6.6,32.0,111.0,4.0,196.0,0.11904761904761904,0.875,7.0,6.2,47.0,7.0,142.0,0.19230769230769232,0.75,0.25,11.0,8.2,6.625,-2.0,1.0625,1.6875,0.375,1.0,1.0,1.0,2.0,0.0,1.0,-5.2,9.5,1.0,0.5,2.5,0.5,2.9000000000000004,0,18,0.45,57.0,9,13,0,-3,0
2023,9,Spielberg,MAG,Haas F1 Team,17.333333333333332,17.0,0.0,8.0,8.0,299.0,0.5227272727272727,0.35294117647058826,18.0,15.4,2.0,17.0,187.0,0.4230769230769231,0.375,0.0,16.0,14.0,14.25,1.4,1.625,0.25,0.5,8.0,8.0,0.0,6.0,0.0,1.0,-7.4,11.333333333333334,0.0,0.0,7.0,0.3333333333333333,-5.666666666666666,0,18,0.45,57.0,9,13,0,-3,0
2023,9,Spielberg,NOR,McLaren,12.333333333333334,12.8,0.0,17.0,6.0,290.0,0.35714285714285715,0.5625,13.0,13.0,12.0,11.0,177.0,0.2692307692307692,0.625,0.0,6.666666666666667,8.6,10.75,4.4,-1.0,-0.125,0.625,7.0,7.0,0.0,15.0,0.0,1.0,-6.0,8.0,0.0,0.0,15.5,0.0,-4.800000000000001,0,18,0.45,57.0,9,13,0,-3,0
2023,9,Spielberg,OCO,Alpine,10.0,9.6,5.0,45.0,5.0,262.0,0.1590909090909091,0.8235294117647058,6.333333333333333,8.6,29.0,9.0,160.0,0.19230769230769232,0.75,0.125,5.666666666666667,7.4,8.0,1.2,-1.6875,0.0625,0.5,5.0,5.0,0.0,5.0,0.0,1.0,-3.5999999999999996,8.333333333333334,0.0,0.0,7.333333333333333,0.0,-1.2666666666666657,0,18,0.45,57.0,9,13,0,-3,0
2023,9,Spielberg,PER,Red Bull Racing,2.6666666666666665,2.6,60.0,307.0,1.0,0.0,0.07142857142857142,0.9375,8.666666666666666,5.8,118.0,2.0,71.0,0.11538461538461539,0.875,0.75,14.333333333333334,9.4,8.75,-3.6,2.4375,1.6875,0.25,20.0,20.0,0.0,13.0,1.0,1.0,14.2,11.0,0.0,0.5,7.0,0.5,8.4,0,18,0.45,57.0,9,13,0,-3,0
2023,9,Spielberg,PIA,McLaren,9.333333333333334,11.6,12.0,29.0,6.0,278.0,0.3409090909090909,0.5882352941176471,11.333333333333334,12.8,5.0,14.0,184.0,0.34615384615384615,0.5,0.0,10.0,11.8,12.75,1.0,1.0,0.125,0.375,9.996666666666666,8.02,0.0,9.36,0.24333333333333332,0.0,-2.8033333333333346,6.666666666666667,0.0,0.0,11.666666666666666,0.0,-4.933333333333333,0,18,0.45,57.0,9,13,0,-3,0
2023,9,Spielberg,RUS,Mercedes,10.0,7.0,19.0,164.0,2.0,143.0,0.11363636363636363,0.8823529411764706,9.0,7.8,60.0,6.0,129.0,0.19230769230769232,0.75,0.5,8.333333333333334,8.4,6.75,-0.6,0.1875,2.1875,0.25,4.0,4.0,0.0,4.0,0.0,1.0,-3.8,5.0,0.0,0.3333333333333333,6.0,0.0,-2.0,0,18,0.45,57.0,9,13,0,-3,0
2023,9,Spielberg,SAI,Ferrari,3.6666666666666665,5.4,40.0,129.0,4.0,178.0,0.11363636363636363,0.8823529411764706,6.0,5.6,64.0,5.0,125.0,0.038461538461538464,1.0,0.625,5.0,4.4,4.5,1.2,-1.0625,-1.6875,0.625,18.0,18.0,0.0,3.0,1.0,1.0,12.4,7.0,1.0,0.6666666666666666,2.3333333333333335,0.3333333333333333,1.5999999999999996,0,18,0.45,57.0,9,13,0,-3,0
2023,9,Spielberg,SAR,Williams,12.666666666666666,14.8,6.0,7.0,9.0,300.0,0.4772727272727273,0.4117647058823529,19.333333333333332,18.8,0.0,19.0,189.0,0.5,0.25,0.0,18.333333333333332,18.0,18.0,0.8,2.4375,1.6875,0.25,9.996666666666666,8.02,0.0,9.36,0.24333333333333332,0.0,-8.803333333333335,14.0,0.0,0.0,13.333333333333334,0.3333333333333333,-0.8000000000000007,0,18,0.45,57.0,9,13,0,-3,0
2023,9,Spielberg,STR,Aston Martin,5.333333333333333,5.8,30.0,160.0,3.0,147.0,0.11363636363636363,0.8823529411764706,11.666666666666666,10.8,36.0,8.0,153.0,0.19230769230769232,0.75,0.125,11.0,12.0,10.0,-1.2,2.875,3.5625,0.125,13.0,13.0,0.0,17.0,0.0,1.0,2.1999999999999993,11.666666666666666,0.0,0.0,14.666666666666666,0.0,5.866666666666666,0,18,0.45,57.0,9,13,0,-3,0
2023,9,Spielberg,TSU,AlphaTauri,16.333333333333332,15.0,0.0,2.0,10.0,305.0,0.38636363636363635,0.5294117647058824,13.666666666666666,12.4,2.0,17.0,187.0,0.11538461538461539,0.875,0.0,13.333333333333334,13.0,13.375,-0.6,-1.5,-1.9375,0.875,16.0,16.0,0.0,14.0,0.0,1.0,3.5999999999999996,16.0,0.0,0.0,14.666666666666666,0.3333333333333333,1.0,0,18,0.45,57.0,9,13,0,-3,0
2023,9,Spielberg,VER,Red Bull Racing,3.3333333333333335,3.0,49.0,322.0,1.0,-15.0,0.06818181818181818,0.9411764705882353,1.0,1.2,189.0,1.0,0.0,0.038461538461538464,1.0,1.0,1.0,2.8,3.875,-1.6,-2.4375,-1.6875,0.75,2.0,2.0,1.0,1.0,0.0,1.0,0.8,8.333333333333334,0.0,0.6666666666666666,9.666666666666666,0.3333333333333333,5.333333333333334,0,18,0.45,57.0,9,13,0,-3,1
2023,9,Spielberg,ZHO,Alfa Romeo,13.666666666666666,13.8,1.0,9.0,7.0,298.0,0.4318181818181818,0.47058823529411764,12.666666666666666,14.6,4.0,16.0,185.0,0.34615384615384615,0.5,0.0,17.333333333333332,16.4,15.5,-1.8,0.5625,0.1875,0.375,14.0,14.0,0.0,18.0,0.0,1.0,-0.5999999999999996,13.333333333333334,0.0,0.0,14.666666666666666,0.3333333333333333,-0.4666666666666668,0,18,0.45,57.0,9,13,0,-3,0
2023,10,Silverstone,ALB,Williams,14.666666666666666,14.2,0.0,7.0,9.0,341.0,0.5,0.3888888888888889,11.333333333333334,12.4,7.0,12.0,208.0,0.32142857142857145,0.5555555555555556,0.0,12.666666666666666,12.4,12.777777777777779,0.0,-2.6111111111111107,-1.6111111111111125,0.7777777777777778,20.0,20.0,0.0,16.0,1.0,1.0,7.6,16.0,0.0,0.0,13.0,0.5,1.8000000000000007,0,18,0.45,57.0,10,12,0,-3,0
2023,10,Silverstone,ALO,Aston Martin,7.666666666666667,6.2,14.0,162.0,3.0,186.0,0.10869565217391304,0.8888888888888888,4.666666666666667,3.8,124.0,3.0,91.0,0.03571428571428571,1.0,0.8888888888888888,6.333333333333333,4.6,4.555555555555555,-0.8,-2.5,-3.3888888888888893,0.8888888888888888,5.0,5.0,0.0,7.0,0.0,1.0,1.2000000000000002,10.0,0.0,0.0,19.0,0.0,3.8,0,18,0.45,57.0,10,12,0,-3,0
2023,10,Silverstone,BOT,Alfa Romeo,14.333333333333334,12.4,0.0,9.0,7.0,339.0,0.45652173913043476,0.4444444444444444,14.666666666666666,13.6,5.0,14.0,210.0,0.39285714285714285,0.4444444444444444,0.0,15.0,14.0,14.333333333333334,-0.4,-0.6666666666666661,0.0,0.5555555555555556,17.0,17.0,0.0,12.0,1.0,1.0,3.4000000000000004,18.0,0.0,0.0,10.5,1.0,5.6,0,18,0.45,57.0,10,12,0,-3,0
2023,10,Silverstone,DEV,AlphaTauri,16.666666666666668,16.0,0.0,2.0,10.0,346.0,0.41304347826086957,0.5,16.333333333333332,15.8,0.0,19.0,215.0,0.5357142857142857,0.2222222222222222,0.0,17.333333333333332,15.8,16.77777777777778,0.0,1.5555555555555571,1.6111111111111107,0.2222222222222222,10.093333333333334,8.36,0.0,9.19,0.27666666666666667,0.0,-5.706666666666667,15.0,0.0,0.0,12.0,0.5,-1.0,0,18,0.45,57.0,10,12,0,-3,0
2023,10,Silverstone,GAS,Alpine,10.666666666666666,10.4,5.0,45.0,5.0,303.0,0.1956521739130435,0.7777777777777778,10.666666666666666,9.4,16.0,11.0,199.0,0.10714285714285714,0.8888888888888888,0.0,10.0,8.4,11.11111111111111,1.0,1.3333333333333321,-0.27777777777777857,0.5555555555555556,16.0,16.0,0.0,11.0,1.0,1.0,6.6,10.0,0.0,0.0,11.0,0.5,-0.40000000000000036,0,18,0.45,57.0,10,12,0,-3,0
2023,10,Silverstone,HAM,Mercedes,11.333333333333334,8.0,10.0,170.0,2.0,178.0,0.10869565217391304,0.8888888888888888,4.333333333333333,4.6,104.0,4.0,111.0,0.03571428571428571,1.0,0.6666666666666666,4.666666666666667,6.6,6.222222222222222,-2.0,-0.5,-1.8888888888888893,0.6666666666666666,3.0,3.0,1.0,5.0,0.0,1.0,-1.5999999999999996,10.5,0.0,0.5,6.5,0.5,2.5,0,18,0.45,57.0,10,12,0,-3,0
2023,10,Silverstone,HUL,Haas F1 Team,18.333333333333332,17.6,0.0,8.0,8.0,340.0,0.5434782608695652,0.3333333333333333,16.666666666666668,16.4,6.0,13.0,209.0,0.4642857142857143,0.3333333333333333,0.0,6.0,9.6,10.666666666666666,6.8,-2.0555555555555554,-0.11111111111111072,0.4444444444444444,10.093333333333334,8.36,0.0,9.19,0.27666666666666667,0.0,-6.306666666666665,9.0,0.0,0.0,18.0,0.0,-8.600000000000001,0,18,0.45,57.0,10,12,0,-3,0
2023,10,Silverstone,LEC,Ferrari,4.333333333333333,4.4,36.0,137.0,4.0,211.0,0.10869565217391304,0.8888888888888888,5.666666666666667,6.0,65.0,7.0,150.0,0.17857142857142858,0.7777777777777778,0.3333333333333333,10.666666666666666,8.4,6.111111111111111,-2.4,0.8888888888888893,1.2777777777777786,0.4444444444444444,4.0,4.0,0.0,3.0,0.0,1.0,-2.0,2.5,1.0,0.5,2.0,0.0,-1.9000000000000004,0,18,0.45,57.0,10,12,0,-3,0
2023,10,Silverstone,MAG,Haas F1 Team,17.0,16.6,0.0,8.0,8.0,340.0,0.5208333333333334,0.3684210526315789,17.666666666666668,16.4,2.0,17.0,213.0,0.4642857142857143,0.3333333333333333,0.0,16.666666666666668,14.2,14.777777777777779,2.2,2.055555555555557,0.11111111111111072,0.5555555555555556,10.0,10.0,0.0,17.0,0.0,1.0,-6.399999999999999,10.333333333333334,0.0,0.0,15.666666666666666,0.0,-6.2666666666666675,0,18,0.45,57.0,10,12,0,-3,0
2023,10,Silverstone,NOR,McLaren,10.333333333333334,11.4,12.0,29.0,6.0,319.0,0.3695652173913043,0.5555555555555556,11.333333333333334,12.0,24.0,10.0,191.0,0.25,0.6666666666666666,0.1111111111111111,4.666666666666667,8.0,10.0,4.0,-1.3888888888888893,-0.7777777777777786,0.6666666666666666,6.0,6.0,0.0,6.0,0.0,1.0,-6.0,9.5,0.0,0.0,10.0,0.0,-1.9000000000000004,0,18,0.45,57.0,10,12,0,-3,0
2023,10,Silverstone,OCO,Alpine,14.0,12.4,1.0,45.0,5.0,303.0,0.22916666666666666,0.7368421052631579,10.0,8.4,29.0,9.0,186.0,0.25,0.6666666666666666,0.1111111111111111,8.333333333333334,7.4,8.444444444444445,1.0,-1.333333333333334,0.27777777777777857,0.4444444444444444,15.0,15.0,0.0,15.0,1.0,1.0,6.6,12.666666666666666,0.0,0.0,10.666666666666666,0.6666666666666666,0.2666666666666657,0,18,0.45,57.0,10,12,0,-3,0
2023,10,Silverstone,PER,Red Bull Racing,1.6666666666666667,2.4,66.0,348.0,1.0,0.0,0.06521739130434782,0.9444444444444444,4.333333333333333,6.2,133.0,2.0,82.0,0.10714285714285714,0.8888888888888888,0.7777777777777778,12.666666666666666,11.8,9.444444444444445,-5.6,2.9444444444444446,1.6111111111111112,0.2222222222222222,2.0,2.0,1.0,4.0,0.0,1.0,-4.2,4.5,0.0,0.5,3.0,0.0,2.1,0,18,0.45,57.0,10,12,0,-3,0
2023,10,Silverstone,PIA,McLaren,7.333333333333333,9.2,30.0,47.0,6.0,301.0,0.3541666666666667,0.5789473684210527,13.333333333333334,13.8,5.0,14.0,210.0,0.39285714285714285,0.4444444444444444,0.0,10.666666666666666,12.4,12.777777777777779,1.4,1.3888888888888893,0.7777777777777768,0.3333333333333333,10.093333333333334,8.36,0.0,9.19,0.27666666666666667,0.0,-3.706666666666667,7.0,0.0,0.3333333333333333,7.333333333333333,0.0,-2.1999999999999993,0,18,0.45,57.0,10,12,0,-3,0
2023,10,Silverstone,RUS,Mercedes,6.0,8.0,25.0,185.0,2.0,163.0,0.10416666666666667,0.8947368421052632,9.666666666666666,7.6,66.0,6.0,149.0,0.17857142857142858,0.7777777777777778,0.4444444444444444,9.333333333333334,8.4,7.222222222222222,-0.8,0.5,1.8888888888888893,0.3333333333333333,18.0,18.0,0.0,8.0,1.0,1.0,10.4,8.0,0.0,0.6666666666666666,6.666666666666667,0.3333333333333333,0.0,0,18,0.45,57.0,10,12,0,-3,0
2023,10,Silverstone,SAI,Ferrari,5.666666666666667,5.2,28.0,139.0,4.0,209.0,0.10416666666666667,0.8947368421052632,5.333333333333333,5.8,72.0,5.0,143.0,0.03571428571428571,1.0,0.5555555555555556,4.333333333333333,4.2,4.333333333333333,1.6,-0.8888888888888884,-1.2777777777777777,0.5555555555555556,1.0,1.0,1.0,1.0,0.0,1.0,-4.8,4.666666666666667,1.0,0.3333333333333333,2.6666666666666665,0.0,-0.5333333333333332,0,18,0.45,57.0,10,12,0,-3,0
2023,10,Silverstone,SAR,Williams,10.666666666666666,11.8,4.0,11.0,9.0,337.0,0.4791666666666667,0.42105263157894735,17.666666666666668,18.2,0.0,19.0,215.0,0.5357142857142857,0.2222222222222222,0.0,19.0,18.6,18.0,-0.4,2.6111111111111107,1.6111111111111107,0.2222222222222222,10.093333333333334,8.36,0.0,9.19,0.27666666666666667,0.0,-8.106666666666666,13.333333333333334,0.0,0.0,11.333333333333334,0.3333333333333333,1.5333333333333332,0,18,0.45,57.0,10,12,0,-3,0
2023,10,Silverstone,STR,Aston Martin,7.0,6.4,18.0,168.0,3.0,180.0,0.10416666666666667,0.8947368421052632,8.0,11.2,38.0,8.0,177.0,0.17857142857142858,0.7777777777777778,0.1111111111111111,8.333333333333334,11.4,9.555555555555555,-0.2,2.5,3.3888888888888893,0.1111111111111111,11.0,11.0,0.0,20.0,0.0,1.0,-0.1999999999999993,9.0,0.0,0.0,15.666666666666666,0.0,2.5999999999999996,0,18,0.45,57.0,10,12,0,-3,0
2023,10,Silverstone,TSU,AlphaTauri,17.666666666666668,17.0,0.0,2.0,10.0,346.0,0.3958333333333333,0.5263157894736842,15.0,14.2,2.0,17.0,213.0,0.17857142857142858,0.7777777777777778,0.0,15.666666666666666,14.6,13.666666666666666,-0.4,-1.5555555555555554,-1.6111111111111125,0.7777777777777778,14.0,14.0,0.0,13.0,0.0,1.0,-0.1999999999999993,15.666666666666666,0.0,0.0,14.0,0.3333333333333333,-1.333333333333334,0,18,0.45,57.0,10,12,0,-3,0
2023,10,Silverstone,VER,Red Bull Racing,3.3333333333333335,3.4,49.0,356.0,1.0,-8.0,0.0625,0.9473684210526315,1.0,1.0,215.0,1.0,0.0,0.03571428571428571,1.0,1.0,1.0,2.6,3.5555555555555554,-1.6,-2.9444444444444446,-1.6111111111111112,0.7777777777777778,7.0,7.0,0.0,2.0,0.0,1.0,6.0,5.0,0.0,0.3333333333333333,7.0,0.0,1.6,0,18,0.45,57.0,10,12,0,-3,1
2023,10,Silverstone,ZHO,Alfa Romeo,13.0,13.0,0.0,9.0,7.0,339.0,0.4375,0.47368421052631576,12.333333333333334,13.2,4.0,16.0,211.0,0.39285714285714285,0.4444444444444444,0.0,16.666666666666668,16.6,15.666666666666666,-3.4,0.6666666666666661,0.0,0.4444444444444444,19.0,19.0,0.0,9.0,1.0,1.0,5.800000000000001,16.0,0.0,0.0,12.0,0.6666666666666666,3.0,0,18,0.45,57.0,10,12,0,-3,0
2023,11,Budapest,ALB,Williams,10.666666666666666,12.6,4.0,11.0,7.0,371.0,0.46,0.45,8.666666666666666,11.2,11.0,13.0,230.0,0.3,0.6,0.0,9.333333333333334,11.8,12.3,-0.6,-2.6500000000000004,-1.5999999999999996,0.8,17.0,17.0,0.0,17.0,0.0,1.0,5.800000000000001,17.5,0.0,0.0,18.5,0.0,4.9,0,18,0.45,57.0,11,11,0,-3,0
2023,11,Budapest,ALO,Aston Martin,10.0,8.8,8.0,168.0,3.0,214.0,0.1,0.9,4.666666666666667,4.6,130.0,3.0,111.0,0.03333333333333333,1.0,0.8,6.333333333333333,6.0,5.0,-1.4,-2.4000000000000004,-3.4,0.9,8.0,8.0,0.0,6.0,0.0,1.0,3.4000000000000004,10.5,0.0,0.0,16.0,0.0,1.6999999999999993,0,18,0.45,57.0,11,11,0,-3,0
2023,11,Budapest,BOT,Alfa Romeo,13.0,14.0,0.0,9.0,8.0,373.0,0.42,0.5,12.333333333333334,13.4,5.0,15.0,236.0,0.36666666666666664,0.5,0.0,14.666666666666666,15.0,14.4,-1.6,-0.7000000000000011,-0.15000000000000036,0.6,20.0,20.0,0.0,8.0,1.0,1.0,6.6,16.5,0.0,0.0,10.0,0.5,2.5,0,18,0.45,57.0,11,11,0,-3,0
2023,11,Budapest,GAS,Alpine,17.333333333333332,14.0,0.0,45.0,6.0,337.0,0.26,0.7,13.333333333333334,11.4,16.0,12.0,225.0,0.16666666666666666,0.8,0.0,12.0,9.4,11.0,2.0,1.0500000000000007,-0.34999999999999964,0.6,12.0,12.0,0.0,19.0,0.0,1.0,0.5999999999999996,8.5,0.0,0.0,5.5,0.0,-5.5,0,18,0.45,57.0,11,11,0,-3,0
2023,11,Budapest,HAM,Mercedes,5.0,8.4,31.0,195.0,2.0,187.0,0.1,0.9,4.666666666666667,4.0,119.0,4.0,122.0,0.03333333333333333,1.0,0.7,5.333333333333333,5.4,6.3,-1.4,-0.39999999999999947,-1.7999999999999998,0.7,2.0,2.0,1.0,7.0,0.0,1.0,-2.0,2.5,0.0,1.0,4.0,0.0,-5.9,0,18,0.45,57.0,11,11,0,-3,0
2023,11,Budapest,HUL,Haas F1 Team,16.666666666666668,17.4,0.0,8.0,9.0,374.0,0.54,0.35,16.0,16.0,6.0,14.0,235.0,0.43333333333333335,0.4,0.0,7.0,9.4,10.7,6.6,-2.25,-0.40000000000000036,0.5,9.784313725490197,8.509803921568627,0.0,9.49673202614379,0.22875816993464052,0.0,-6.215686274509803,15.0,0.0,0.0,14.0,0.0,-2.3999999999999986,0,18,0.45,57.0,11,11,0,-3,0
2023,11,Budapest,LEC,Ferrari,8.333333333333334,6.4,11.0,140.0,4.0,242.0,0.1,0.9,5.0,6.4,67.0,7.0,174.0,0.16666666666666666,0.8,0.3,5.666666666666667,7.8,5.9,-1.4,0.75,1.1000000000000005,0.5,6.0,6.0,0.0,3.0,0.0,1.0,-0.40000000000000036,5.0,0.0,0.0,2.5,0.0,-1.4000000000000004,0,18,0.45,57.0,11,11,0,-3,0
2023,11,Budapest,MAG,Haas F1 Team,15.333333333333334,16.8,0.0,8.0,9.0,374.0,0.5576923076923077,0.3333333333333333,18.0,18.2,2.0,17.0,239.0,0.5,0.3,0.0,17.333333333333332,17.2,15.2,1.0,2.25,0.40000000000000036,0.5,16.0,16.0,0.0,13.0,0.0,1.0,-2.1999999999999993,14.666666666666666,0.0,0.0,12.666666666666666,0.3333333333333333,-2.1333333333333346,0,18,0.45,57.0,11,11,0,-3,0
2023,11,Budapest,NOR,McLaren,7.333333333333333,7.4,30.0,59.0,5.0,323.0,0.34,0.6,6.333333333333333,9.0,42.0,8.0,199.0,0.23333333333333334,0.7,0.2,4.333333333333333,5.2,9.2,3.8,-1.3000000000000007,-0.7999999999999989,0.7,7.0,7.0,0.0,4.0,0.0,1.0,-2.0,11.0,0.0,0.0,6.5,0.0,3.5999999999999996,0,18,0.45,57.0,11,11,0,-3,0
2023,11,Budapest,OCO,Alpine,19.333333333333332,16.4,0.0,45.0,6.0,337.0,0.28846153846153844,0.6666666666666666,14.0,10.6,29.0,10.0,212.0,0.3,0.6,0.1,10.333333333333334,8.4,8.9,2.2,-1.049999999999999,0.34999999999999964,0.4,9.0,9.0,0.0,5.0,0.0,1.0,-1.5999999999999996,12.333333333333334,0.0,0.0,8.666666666666666,0.3333333333333333,-4.066666666666665,0,18,0.45,57.0,11,11,0,-3,0
2023,11,Budapest,PER,Red Bull Racing,2.6666666666666665,2.4,60.0,382.0,1.0,0.0,0.06,0.95,5.0,7.0,141.0,2.0,100.0,0.1,0.9,0.7,14.0,14.6,10.0,-7.6,3.3499999999999996,1.6999999999999997,0.2,5.0,5.0,0.0,11.0,0.0,1.0,-2.0,3.0,1.0,0.5,10.5,0.0,0.6000000000000001,0,18,0.45,57.0,11,11,0,-3,0
2023,11,Budapest,PIA,McLaren,2.6666666666666665,5.6,48.0,77.0,5.0,305.0,0.3269230769230769,0.6190476190476191,10.333333333333334,10.8,17.0,11.0,224.0,0.36666666666666664,0.5,0.1,8.333333333333334,9.2,11.8,1.6,1.3000000000000007,0.8000000000000007,0.3,9.784313725490197,8.509803921568627,0.0,9.49673202614379,0.22875816993464052,0.0,-1.0156862745098039,8.0,0.0,0.3333333333333333,5.333333333333333,0.0,2.4000000000000004,0,18,0.45,57.0,11,11,0,-3,0
2023,11,Budapest,RIC,AlphaTauri,17.333333333333332,16.6,0.0,2.0,10.0,380.0,0.38,0.55,12.0,12.6,0.0,19.0,241.0,0.1,0.9,0.0,11.666666666666666,12.6,10.136842105263158,0.0,0.0,0.0,0.5,15.0,15.0,0.0,9.0,0.0,1.0,2.4000000000000004,15.5,0.0,0.0,17.5,0.0,-1.1000000000000014,0,18,0.45,57.0,11,11,0,-3,0
2023,11,Budapest,RUS,Mercedes,4.0,5.4,37.0,207.0,2.0,175.0,0.09615384615384616,0.9047619047619048,10.333333333333334,7.8,76.0,5.0,165.0,0.16666666666666666,0.8,0.5,7.333333333333333,8.4,7.1,-0.6,0.40000000000000036,1.7999999999999998,0.3,3.0,3.0,1.0,1.0,0.0,1.0,-4.8,3.0,0.0,0.6666666666666666,3.0,0.0,-2.4000000000000004,0,18,0.45,57.0,11,11,0,-3,0
2023,11,Budapest,SAI,Ferrari,8.666666666666666,6.8,9.0,146.0,4.0,236.0,0.09615384615384616,0.9047619047619048,7.0,6.8,73.0,6.0,168.0,0.03333333333333333,1.0,0.5,5.333333333333333,4.6,4.4,2.2,-0.75,-1.1000000000000005,0.5,4.0,4.0,0.0,2.0,0.0,1.0,-2.8,5.666666666666667,0.0,0.0,3.6666666666666665,0.0,-1.1333333333333329,0,18,0.45,57.0,11,11,0,-3,0
2023,11,Budapest,SAR,Williams,10.0,10.8,4.0,11.0,7.0,371.0,0.4807692307692308,0.42857142857142855,14.666666666666666,16.4,0.0,19.0,241.0,0.5,0.3,0.0,17.0,17.4,17.6,-1.0,2.6500000000000004,1.5999999999999996,0.2,9.784313725490197,8.509803921568627,0.0,9.49673202614379,0.22875816993464052,0.0,-6.615686274509802,15.333333333333334,0.0,0.0,17.666666666666668,0.3333333333333333,4.533333333333333,0,18,0.45,57.0,11,11,0,-3,0
2023,11,Budapest,STR,Aston Martin,10.0,8.8,8.0,170.0,3.0,212.0,0.09615384615384616,0.9047619047619048,10.666666666666666,11.6,38.0,9.0,203.0,0.16666666666666666,0.8,0.1,10.333333333333334,10.2,9.8,1.4,2.4000000000000004,3.3999999999999995,0.1,11.0,11.0,0.0,14.0,0.0,1.0,-0.5999999999999996,10.0,0.0,0.0,13.333333333333334,0.0,1.1999999999999993,0,18,0.45,57.0,11,11,0,-3,0
2023,11,Budapest,TSU,AlphaTauri,15.333333333333334,16.4,0.0,2.0,10.0,380.0,0.40384615384615385,0.5238095238095238,16.333333333333332,15.2,2.0,17.0,239.0,0.16666666666666666,0.8,0.0,16.0,14.4,13.9,0.8,0.0,0.0,0.8,19.0,19.0,0.0,16.0,0.0,1.0,3.8000000000000007,14.666666666666666,0.0,0.0,16.0,0.3333333333333333,-1.7333333333333325,0,18,0.45,57.0,11,11,0,-3,0
2023,11,Budapest,VER,Red Bull Racing,3.3333333333333335,2.8,49.0,397.0,1.0,-15.0,0.057692307692307696,0.9523809523809523,1.0,1.0,241.0,1.0,0.0,0.03333333333333333,1.0,1.0,1.0,1.0,3.3,0.0,-3.3500000000000005,-1.7,0.8,1.0,1.0,1.0,10.0,0.0,1.0,0.0,3.0,1.0,0.6666666666666666,10.0,0.0,0.20000000000000018,0,18,0.45,57.0,11,11,0,-3,1
2023,11,Budapest,ZHO,Alfa Romeo,13.0,13.2,0.0,9.0,8.0,373.0,0.4423076923076923,0.47619047619047616,14.333333333333334,13.0,4.0,16.0,237.0,0.36666666666666664,0.5,0.0,18.0,17.2,15.8,-4.2,0.6999999999999993,0.15000000000000036,0.4,13.0,13.0,0.0,12.0,0.0,1.0,0.0,15.0,0.0,0.0,9.0,0.6666666666666666,1.8000000000000007,0,18,0.45,57.0,11,11,0,-3,0
2023,12,Spa-Francorchamps,ALB,Williams,13.333333333333334,12.2,0.0,11.0,7.0,412.0,0.5,0.4090909090909091,10.0,10.6,11.0,13.0,256.0,0.34375,0.5454545454545454,0.0,11.333333333333334,12.4,12.636363636363637,-1.8,-2.59090909090909,-1.7727272727272716,0.8181818181818182,10.0,10.0,0.0,9.0,0.0,1.0,-0.5999999999999996,14.0,0.0,0.0,13.0,0.0,1.8000000000000007,0,18,0.45,57.0,12,10,0,-3,0
2023,12,Spa-Francorchamps,ALO,Aston Martin,11.0,9.8,3.0,171.0,3.0,252.0,0.12962962962962962,0.8636363636363636,7.0,6.0,132.0,3.0,135.0,0.03125,1.0,0.7272727272727273,8.0,7.2,5.2727272727272725,-1.2,-2.454545454545454,-3.1363636363636367,0.9090909090909091,5.0,5.0,0.0,6.0,0.0,1.0,-1.0,9.5,0.0,0.0,15.0,0.0,-0.3000000000000007,0,18,0.45,57.0,12,10,0,-3,0
2023,12,Spa-Francorchamps,BOT,Alfa Romeo,14.333333333333334,13.4,0.0,9.0,8.0,414.0,0.46296296296296297,0.45454545454545453,13.0,13.6,5.0,15.0,262.0,0.40625,0.45454545454545453,0.0,12.0,13.4,13.727272727272727,0.2,-0.5454545454545467,-0.31818181818181834,0.6363636363636364,19.0,19.0,0.0,20.0,1.0,1.0,5.4,16.5,0.0,0.0,16.5,0.5,3.0999999999999996,0,18,0.45,57.0,12,10,0,-3,0
2023,12,Spa-Francorchamps,GAS,Alpine,19.666666666666668,18.2,0.0,45.0,6.0,378.0,0.3148148148148148,0.6363636363636364,16.0,14.0,16.0,12.0,251.0,0.21875,0.7272727272727273,0.0,11.333333333333334,11.0,11.363636363636363,3.0,1.09090909090909,-0.2727272727272716,0.5454545454545454,9.0,9.0,0.0,12.0,0.0,1.0,-5.0,6.0,0.0,0.0,5.5,0.0,-12.2,0,18,0.45,57.0,12,10,0,-3,0
2023,12,Spa-Francorchamps,HAM,Mercedes,5.0,5.0,30.0,215.0,2.0,208.0,0.09259259259259259,0.9090909090909091,5.0,4.0,131.0,4.0,136.0,0.03125,1.0,0.7272727272727273,4.333333333333333,4.4,5.818181818181818,-0.4,-1.1363636363636367,-1.7272727272727275,0.7272727272727273,20.0,20.0,0.0,7.0,1.0,1.0,16.0,12.0,0.0,0.0,7.5,0.5,7.0,0,18,0.45,57.0,12,10,0,-3,0
2023,12,Spa-Francorchamps,HUL,Haas F1 Team,16.666666666666668,16.2,0.0,8.0,9.0,415.0,0.5740740740740741,0.3181818181818182,15.666666666666666,15.4,6.0,14.0,261.0,0.46875,0.36363636363636365,0.0,9.666666666666666,7.8,10.636363636363637,7.6,-2.4545454545454533,-0.5,0.5454545454545454,10.07843137254902,8.588235294117647,0.0,9.679738562091504,0.11764705882352941,0.0,-5.321568627450981,16.5,0.0,0.0,16.5,0.0,0.3000000000000007,0,18,0.45,57.0,12,10,0,-3,0
2023,12,Spa-Francorchamps,LEC,Ferrari,8.333333333333334,8.0,11.0,150.0,4.0,273.0,0.09259259259259259,0.9090909090909091,6.0,6.6,73.0,7.0,194.0,0.15625,0.8181818181818182,0.2727272727272727,4.0,8.4,5.909090909090909,-1.8,0.45454545454545414,0.954545454545455,0.5454545454545454,6.0,6.0,0.0,4.0,0.0,1.0,-0.5999999999999996,4.5,0.0,0.5,3.0,0.0,-3.5,0,18,0.45,57.0,12,10,0,-3,0
2023,12,Spa-Francorchamps,MAG,Haas F1 Team,16.333333333333332,16.2,0.0,8.0,9.0,415.0,0.5535714285714286,0.34782608695652173,18.0,17.8,2.0,17.0,265.0,0.53125,0.2727272727272727,0.0,19.0,17.6,15.545454545454545,0.2,2.454545454545455,0.5,0.45454545454545453,16.0,16.0,0.0,18.0,0.0,1.0,-1.8000000000000007,17.0,0.0,0.0,17.666666666666668,0.0,0.8000000000000007,0,18,0.45,57.0,12,10,0,-3,0
2023,12,Spa-Francorchamps,NOR,McLaren,3.6666666666666665,5.8,40.0,87.0,5.0,336.0,0.3148148148148148,0.6363636363636364,2.6666666666666665,7.6,60.0,8.0,207.0,0.21875,0.7272727272727273,0.2727272727272727,3.0,3.8,8.636363636363637,3.8,-1.2272727272727266,-0.8636363636363633,0.7272727272727273,12.0,12.0,0.0,10.0,0.0,1.0,4.4,13.5,0.0,0.0,10.5,0.0,7.7,0,18,0.45,57.0,12,10,0,-3,0
2023,12,Spa-Francorchamps,OCO,Alpine,16.666666666666668,17.6,0.0,45.0,6.0,378.0,0.30357142857142855,0.6521739130434783,17.666666666666668,13.8,29.0,10.0,238.0,0.34375,0.5454545454545454,0.09090909090909091,12.333333333333334,10.0,9.181818181818182,3.8,-1.0909090909090917,0.2727272727272734,0.45454545454545453,7.0,7.0,0.0,5.0,0.0,1.0,-6.800000000000001,7.666666666666667,0.0,0.0,7.666666666666667,0.0,-9.933333333333334,0,18,0.45,57.0,12,10,0,-3,0
2023,12,Spa-Francorchamps,PER,Red Bull Racing,1.6666666666666667,2.4,67.0,423.0,1.0,0.0,0.05555555555555555,0.9545454545454546,4.0,4.4,156.0,2.0,111.0,0.09375,0.9090909090909091,0.7272727272727273,13.0,12.4,9.909090909090908,-8.0,3.3636363636363633,1.6363636363636362,0.18181818181818182,2.0,2.0,1.0,3.0,0.0,1.0,-2.4000000000000004,1.5,1.0,1.0,2.0,0.0,-0.8999999999999999,0,18,0.45,57.0,12,10,0,-3,0
2023,12,Spa-Francorchamps,PIA,McLaren,4.666666666666667,4.0,34.0,93.0,5.0,330.0,0.30357142857142855,0.6521739130434783,8.333333333333334,9.8,27.0,11.0,240.0,0.34375,0.5454545454545454,0.18181818181818182,6.666666666666667,7.8,11.090909090909092,2.0,1.2272727272727284,0.8636363636363633,0.2727272727272727,10.07843137254902,8.588235294117647,0.0,9.679738562091504,0.11764705882352941,0.0,0.2784313725490186,11.333333333333334,0.0,0.0,9.333333333333334,0.0,7.333333333333334,0,18,0.45,57.0,12,10,0,-3,0
2023,12,Spa-Francorchamps,RIC,AlphaTauri,14.666666666666666,16.0,0.0,2.0,10.0,421.0,0.42592592592592593,0.5,14.0,13.0,0.0,19.0,267.0,0.25,0.0,0.0,12.333333333333334,13.0,13.0,0.0,-0.5909090909090899,-0.045454545454546746,1.0,15.0,15.0,0.0,11.0,0.0,1.0,2.0,11.0,0.0,0.0,15.5,0.0,-5.0,0,18,0.45,57.0,12,10,0,-3,0
2023,12,Spa-Francorchamps,RUS,Mercedes,4.666666666666667,4.4,33.0,228.0,2.0,195.0,0.08928571428571429,0.9130434782608695,6.0,8.0,84.0,5.0,183.0,0.15625,0.8181818181818182,0.45454545454545453,11.666666666666666,10.4,8.090909090909092,-2.4,1.1363636363636367,1.7272727272727275,0.2727272727272727,4.0,4.0,0.0,8.0,0.0,1.0,-4.0,9.333333333333334,0.0,0.0,6.333333333333333,0.3333333333333333,4.933333333333334,0,18,0.45,57.0,12,10,0,-3,0
2023,12,Spa-Francorchamps,SAI,Ferrari,6.0,7.4,25.0,165.0,4.0,258.0,0.08928571428571429,0.9130434782608695,8.0,6.8,77.0,6.0,190.0,0.03125,1.0,0.45454545454545453,6.333333333333333,5.8,5.0,1.0,-0.45454545454545503,-0.9545454545454541,0.45454545454545453,3.0,3.0,1.0,2.0,0.0,1.0,-3.8,4.0,0.0,0.6666666666666666,2.6666666666666665,0.0,-3.4000000000000004,0,18,0.45,57.0,12,10,0,-3,0
2023,12,Spa-Francorchamps,SAR,Williams,14.333333333333334,12.4,0.0,11.0,7.0,412.0,0.48214285714285715,0.43478260869565216,14.0,16.4,0.0,19.0,267.0,0.53125,0.2727272727272727,0.0,17.333333333333332,18.2,17.818181818181817,-1.8,2.59090909090909,1.7727272727272734,0.18181818181818182,10.07843137254902,8.588235294117647,0.0,9.679738562091504,0.11764705882352941,0.0,-6.321568627450979,14.0,0.0,0.0,14.0,0.0,1.5999999999999996,0,18,0.45,57.0,12,10,0,-3,0
2023,12,Spa-Francorchamps,STR,Aston Martin,8.0,9.0,13.0,181.0,3.0,242.0,0.125,0.8695652173913043,11.0,9.6,39.0,9.0,228.0,0.21875,0.7272727272727273,0.09090909090909091,10.666666666666666,10.2,10.181818181818182,-0.6,2.454545454545455,3.1363636363636367,0.09090909090909091,11.0,11.0,0.0,14.0,0.0,1.0,1.4000000000000004,8.0,0.0,0.0,13.0,0.0,-1.0,0,18,0.45,57.0,12,10,0,-3,0
2023,12,Spa-Francorchamps,TSU,AlphaTauri,14.666666666666666,15.4,0.0,2.0,10.0,421.0,0.4107142857142857,0.5217391304347826,16.666666666666668,15.2,2.0,17.0,265.0,0.21875,0.7272727272727273,0.0,16.333333333333332,16.0,14.181818181818182,-0.8,0.5909090909090917,0.04545454545454497,0.7272727272727273,13.0,13.0,0.0,19.0,0.0,1.0,-2.1999999999999993,12.666666666666666,0.0,0.0,16.666666666666668,0.0,-2.7333333333333343,0,18,0.45,57.0,12,10,0,-3,0
2023,12,Spa-Francorchamps,VER,Red Bull Racing,2.0,2.6,59.0,441.0,1.0,-18.0,0.05357142857142857,0.9565217391304348,1.0,1.0,267.0,1.0,0.0,0.03125,1.0,1.0,1.3333333333333333,1.2,3.1818181818181817,-0.2,-3.3636363636363633,-1.636363636363636,0.8181818181818182,1.0,1.0,1.0,1.0,0.0,1.0,0.0,1.6666666666666667,1.0,1.0,2.3333333333333335,0.0,-0.9333333333333333,0,18,0.45,57.0,12,10,0,-3,1
2023,12,Spa-Francorchamps,ZHO,Alfa Romeo,13.333333333333334,13.4,0.0,9.0,8.0,414.0,0.44642857142857145,0.4782608695652174,14.333333333333334,13.6,4.0,16.0,263.0,0.40625,0.45454545454545453,0.0,13.0,14.4,14.818181818181818,-0.8,0.545454545454545,0.31818181818181834,0.36363636363636365,14.0,14.0,0.0,13.0,0.0,1.0,0.40000000000000036,15.0,0.0,0.0,15.666666666666666,0.3333333333333333,1.5999999999999996,0,18,0.45,57.0,12,10,0,-3,0
2023,13,Zandvoort,ALB,Williams,16.333333333333332,14.2,0.0,11.0,7.0,455.0,0.46551724137931033,0.4583333333333333,11.0,10.2,11.0,13.0,281.0,0.3235294117647059,0.5833333333333334,0.0,13.333333333333334,12.0,12.916666666666666,-1.8,-2.458333333333334,-1.7500000000000018,0.8333333333333334,12.0,12.0,0.0,15.0,0.0,1.0,1.8000000000000007,15.0,0.0,0.0,17.5,0.0,0.8000000000000007,0,18,0.45,57.0,13,9,0,-3,0
2023,13,Zandvoort,ALO,Aston Martin,8.0,9.4,13.0,183.0,3.0,283.0,0.1206896551724138,0.875,7.0,5.6,142.0,4.0,150.0,0.029411764705882353,1.0,0.75,8.666666666666666,7.2,5.583333333333333,-1.6,-2.291666666666667,-3.041666666666667,0.9166666666666666,6.0,6.0,0.0,13.0,0.0,1.0,0.40000000000000036,12.0,0.0,0.0,14.5,0.0,2.5999999999999996,0,18,0.45,57.0,13,9,0,-3,0
2023,13,Zandvoort,BOT,Alfa Romeo,13.666666666666666,13.6,0.0,9.0,8.0,457.0,0.43103448275862066,0.5,12.0,12.2,5.0,15.0,287.0,0.38235294117647056,0.5,0.0,12.0,13.0,13.75,-0.8,-0.625,-0.33333333333333215,0.6666666666666666,19.0,19.0,0.0,16.0,1.0,1.0,6.800000000000001,17.5,0.0,0.0,15.0,0.5,3.9000000000000004,0,18,0.45,57.0,13,9,0,-3,0
2023,13,Zandvoort,GAS,Alpine,12.666666666666666,15.6,4.0,49.0,6.0,417.0,0.29310344827586204,0.6666666666666666,16.333333333333332,14.2,16.0,12.0,276.0,0.20588235294117646,0.75,0.0,12.333333333333334,12.6,11.416666666666666,1.6,0.875,-0.125,0.5,11.0,11.0,0.0,11.0,0.0,1.0,-3.1999999999999993,7.5,0.0,0.0,12.5,0.0,-8.1,0,18,0.45,57.0,13,9,0,-3,0
2023,13,Zandvoort,HAM,Mercedes,5.333333333333333,5.0,29.0,236.0,2.0,230.0,0.08620689655172414,0.9166666666666666,3.6666666666666665,4.4,144.0,3.0,148.0,0.029411764705882353,1.0,0.75,4.0,4.2,5.666666666666667,0.2,-1.208333333333333,-1.666666666666667,0.75,4.0,4.0,0.0,4.0,0.0,1.0,-0.40000000000000036,3.0,0.0,0.5,5.0,0.0,-2.0,0,18,0.45,57.0,13,9,0,-3,0
2023,13,Zandvoort,HUL,Haas F1 Team,16.666666666666668,16.6,0.0,8.0,9.0,458.0,0.5344827586206896,0.375,15.0,16.0,6.0,14.0,286.0,0.4411764705882353,0.4166666666666667,0.0,13.666666666666666,10.2,11.416666666666666,5.8,-1.958333333333334,-0.3333333333333339,0.5,9.594771241830065,8.137254901960784,0.0,9.457516339869281,0.16013071895424835,0.0,-6.405228758169935,14.0,0.0,0.0,13.0,0.0,-2.6000000000000014,0,18,0.45,57.0,13,9,0,-3,0
2023,13,Zandvoort,LAW,AlphaTauri,13.666666666666666,14.0,1.0,3.0,10.0,463.0,0.39655172413793105,0.5416666666666666,10.24561403508772,10.200000000000001,0.0,19.0,292.0,0.1,0.9,0.0,10.087719298245613,10.073684210526316,10.149122807017545,0.0,0.0,0.0,0.5,9.594771241830065,8.137254901960784,0.0,9.457516339869281,0.16013071895424835,0.0,-0.605228758169936,15.5,0.0,0.0,10.0,0.5,1.5,0,18,0.45,57.0,13,9,0,-3,0
2023,13,Zandvoort,LEC,Ferrari,10.0,9.4,19.0,165.0,4.0,301.0,0.1206896551724138,0.875,6.333333333333333,5.0,88.0,6.0,204.0,0.14705882352941177,0.8333333333333334,0.3333333333333333,4.0,5.0,5.583333333333333,0.0,0.29166666666666696,0.20833333333333304,0.5833333333333334,3.0,3.0,1.0,2.0,0.0,1.0,-2.0,5.5,0.0,0.5,2.5,0.0,-3.9000000000000004,0,18,0.45,57.0,13,9,0,-3,0
2023,13,Zandvoort,MAG,Haas F1 Team,15.0,15.2,0.0,8.0,9.0,458.0,0.5166666666666667,0.4,17.0,17.2,2.0,18.0,290.0,0.5,0.3333333333333333,0.0,17.0,16.8,15.333333333333334,0.4,1.958333333333334,0.33333333333333215,0.5,15.0,15.0,0.0,18.0,0.0,1.0,-2.1999999999999993,13.333333333333334,0.0,0.0,13.666666666666666,0.0,-1.8666666666666654,0,18,0.45,57.0,13,9,0,-3,0
2023,13,Zandvoort,NOR,McLaren,10.666666666666666,7.6,16.0,93.0,5.0,373.0,0.3275862068965517,0.625,3.6666666666666665,5.6,66.0,8.0,226.0,0.20588235294117646,0.75,0.25,4.0,4.6,8.5,1.0,-1.0833333333333321,-1.3333333333333321,0.75,7.0,7.0,0.0,7.0,0.0,1.0,1.4000000000000004,12.0,0.0,0.0,12.0,0.0,4.4,0,18,0.45,57.0,13,9,0,-3,0
2023,13,Zandvoort,OCO,Alpine,7.333333333333333,12.2,19.0,64.0,6.0,402.0,0.2833333333333333,0.68,15.666666666666666,13.8,33.0,10.0,259.0,0.3235294117647059,0.5833333333333334,0.08333333333333333,13.333333333333334,11.6,9.666666666666666,2.2,-0.875,0.125,0.5,9.0,9.0,0.0,12.0,0.0,1.0,-4.800000000000001,6.0,0.0,0.3333333333333333,12.333333333333334,0.0,-6.199999999999999,0,18,0.45,57.0,13,9,0,-3,0
2023,13,Zandvoort,PER,Red Bull Racing,1.3333333333333333,1.6,69.0,466.0,1.0,0.0,0.05172413793103448,0.9583333333333334,3.6666666666666665,4.0,174.0,2.0,118.0,0.08823529411764706,0.9166666666666666,0.75,9.0,10.8,9.333333333333334,-6.8,3.166666666666667,1.5416666666666665,0.16666666666666666,5.0,5.0,0.0,5.0,0.0,1.0,1.0,3.0,1.0,0.5,3.0,0.0,1.4,0,18,0.45,57.0,13,9,0,-3,0
2023,13,Zandvoort,PIA,McLaren,11.333333333333334,8.2,12.0,99.0,5.0,367.0,0.31666666666666665,0.64,9.666666666666666,11.2,27.0,11.0,265.0,0.38235294117647056,0.5,0.16666666666666666,4.333333333333333,7.0,10.666666666666666,4.2,1.083333333333334,1.333333333333334,0.25,9.594771241830065,8.137254901960784,0.0,9.457516339869281,0.16013071895424835,0.0,-1.6052287581699343,10.333333333333334,0.0,0.0,8.666666666666666,0.0,2.1333333333333346,0,18,0.45,57.0,13,9,0,-3,0
2023,13,Zandvoort,RUS,Mercedes,5.333333333333333,5.2,29.0,244.0,2.0,222.0,0.08333333333333333,0.92,5.666666666666667,8.6,92.0,5.0,200.0,0.14705882352941177,0.8333333333333334,0.4166666666666667,10.666666666666666,9.6,8.083333333333334,-1.0,1.208333333333334,1.666666666666667,0.25,2.0,2.0,1.0,6.0,0.0,1.0,-6.6,4.0,0.0,0.3333333333333333,7.666666666666667,0.0,-1.2000000000000002,0,18,0.45,57.0,13,9,0,-3,0
2023,13,Zandvoort,SAI,Ferrari,13.666666666666666,11.2,15.0,165.0,4.0,301.0,0.15,0.84,12.333333333333334,9.6,77.0,7.0,215.0,0.08823529411764706,0.9166666666666666,0.4166666666666667,7.0,6.4,5.0,3.2,-0.2916666666666661,-0.20833333333333304,0.4166666666666667,8.0,8.0,0.0,3.0,0.0,1.0,-1.5999999999999996,10.0,0.0,0.3333333333333333,4.666666666666667,0.3333333333333333,-1.1999999999999993,0,18,0.45,57.0,13,9,0,-3,0
2023,13,Zandvoort,SAR,Williams,13.0,13.6,4.0,15.0,7.0,451.0,0.45,0.48,15.333333333333334,15.8,0.0,19.0,292.0,0.5,0.3333333333333333,0.0,17.333333333333332,17.8,17.833333333333332,-2.0,2.458333333333332,1.75,0.16666666666666666,9.594771241830065,8.137254901960784,0.0,9.457516339869281,0.16013071895424835,0.0,-6.205228758169936,12.666666666666666,0.0,0.0,13.0,0.0,-0.9333333333333336,0,18,0.45,57.0,13,9,0,-3,0
2023,13,Zandvoort,STR,Aston Martin,5.333333333333333,7.0,31.0,202.0,3.0,264.0,0.11666666666666667,0.88,11.0,10.2,41.0,9.0,251.0,0.20588235294117646,0.75,0.08333333333333333,12.0,11.0,10.166666666666666,-0.8,2.291666666666666,3.041666666666666,0.08333333333333333,10.0,10.0,0.0,10.0,0.0,1.0,-0.1999999999999993,8.666666666666666,0.0,0.3333333333333333,11.333333333333334,0.0,1.666666666666666,0,18,0.45,57.0,13,9,0,-3,0
2023,13,Zandvoort,TSU,AlphaTauri,13.0,13.4,1.0,3.0,10.0,463.0,0.38333333333333336,0.56,13.666666666666666,14.8,3.0,17.0,289.0,0.20588235294117646,0.75,0.0,14.666666666666666,15.2,13.916666666666666,-0.4,0.0,0.0,0.75,20.0,20.0,0.0,9.0,1.0,1.0,5.199999999999999,14.666666666666666,0.0,0.0,13.333333333333334,0.3333333333333333,1.2666666666666657,0,18,0.45,57.0,13,9,0,-3,0
2023,13,Zandvoort,VER,Red Bull Racing,2.3333333333333335,2.2,55.0,478.0,1.0,-12.0,0.05,0.96,1.0,1.0,292.0,1.0,0.0,0.029411764705882353,1.0,1.0,1.3333333333333333,1.2,3.0,-0.2,-3.166666666666667,-1.5416666666666667,0.8333333333333334,1.0,1.0,1.0,1.0,0.0,1.0,0.0,3.3333333333333335,1.0,0.3333333333333333,4.333333333333333,0.0,1.1333333333333333,0,18,0.45,57.0,13,9,0,-3,1
2023,13,Zandvoort,ZHO,Alfa Romeo,13.0,13.4,0.0,9.0,8.0,457.0,0.4166666666666667,0.52,14.666666666666666,14.4,4.0,16.0,288.0,0.38235294117647056,0.5,0.0,13.0,15.2,15.0,-0.8,0.625,0.3333333333333339,0.3333333333333333,16.0,16.0,0.0,14.0,0.0,1.0,1.5999999999999996,16.333333333333332,0.0,0.0,16.333333333333332,0.3333333333333333,2.933333333333332,0,18,0.45,57.0,13,9,0,-3,0
2023,14,Monza,ALB,Williams,15.0,15.4,4.0,15.0,7.0,488.0,0.46774193548387094,0.46153846153846156,11.0,10.4,15.0,13.0,302.0,0.3055555555555556,0.6153846153846154,0.0,12.0,10.8,12.23076923076923,-0.4,-2.5,-2.0769230769230784,0.8461538461538461,9.79,8.6,0.0,9.326666666666666,0.2033333333333333,0.0,-0.6100000000000012,12.0,0.0,0.0,14.5,0.0,-3.4000000000000004,0,18,0.45,57.0,14,8,0,-3,0
2023,14,Monza,ALO,Aston Martin,7.333333333333333,7.4,21.0,202.0,3.0,301.0,0.11290322580645161,0.8846153846153846,5.333333333333333,5.6,161.0,3.0,156.0,0.027777777777777776,1.0,0.7692307692307693,7.333333333333333,7.6,5.538461538461538,-2.0,-2.346153846153846,-3.153846153846154,0.9230769230769231,19.0,19.0,0.0,10.0,1.0,1.0,13.4,19.0,0.0,0.0,17.5,1.0,11.6,0,18,0.45,57.0,14,8,0,-3,0
2023,14,Monza,BOT,Alfa Romeo,15.0,14.6,0.0,9.0,8.0,494.0,0.43548387096774194,0.5,12.666666666666666,13.0,5.0,15.0,312.0,0.3611111111111111,0.5384615384615384,0.0,13.333333333333334,13.8,14.153846153846153,-0.8,-0.4615384615384617,-0.4615384615384617,0.6923076923076923,13.0,13.0,0.0,12.0,0.0,1.0,0.0,11.5,0.0,0.0,13.0,0.0,-3.0999999999999996,0,18,0.45,57.0,14,8,0,-3,0
2023,14,Monza,GAS,Alpine,7.0,10.2,20.0,65.0,6.0,438.0,0.27419354838709675,0.6923076923076923,11.333333333333334,12.4,31.0,11.0,286.0,0.19444444444444445,0.7692307692307693,0.07692307692307693,13.0,11.6,11.461538461538462,0.8,0.615384615384615,-0.384615384615385,0.5384615384615384,8.0,8.0,0.0,9.0,0.0,1.0,-4.4,15.0,0.0,0.0,10.5,0.5,4.800000000000001,0,18,0.45,57.0,14,8,0,-3,0
2023,14,Monza,HAM,Mercedes,9.666666666666666,7.8,16.0,244.0,2.0,259.0,0.08064516129032258,0.9230769230769231,4.666666666666667,5.0,152.0,4.0,165.0,0.027777777777777776,1.0,0.6923076923076923,6.0,6.0,6.230769230769231,-1.0,-0.7307692307692308,-1.9615384615384617,0.7692307692307693,5.0,5.0,0.0,5.0,0.0,1.0,0.0,4.0,0.0,0.5,5.5,0.0,-3.8,0,18,0.45,57.0,14,8,0,-3,0
2023,14,Monza,HUL,Haas F1 Team,14.333333333333334,15.6,0.0,8.0,9.0,495.0,0.5,0.4230769230769231,14.666666666666666,15.4,6.0,14.0,311.0,0.4166666666666667,0.46153846153846156,0.0,15.0,12.8,11.692307692307692,2.6,-1.9230769230769234,-0.4615384615384617,0.5384615384615384,9.79,8.6,0.0,9.326666666666666,0.2033333333333333,0.0,-5.610000000000001,14.0,0.0,0.0,19.5,0.0,-1.5999999999999996,0,18,0.45,57.0,14,8,0,-3,0
2023,14,Monza,LAW,AlphaTauri,12.666666666666666,13.8,1.0,3.0,10.0,500.0,0.3709677419354839,0.5769230769230769,13.0,13.0,0.0,19.0,317.0,0.08333333333333333,1.0,0.0,20.0,20.0,20.0,-7.0,3.03846153846154,0.0,1.0,9.79,8.6,0.0,9.326666666666666,0.2033333333333333,0.0,-3.210000000000001,11.0,0.0,0.0,12.0,0.0,-2.8000000000000007,0,18,0.45,57.0,14,8,0,-3,0
2023,14,Monza,LEC,Ferrari,14.333333333333334,10.8,10.0,175.0,4.0,328.0,0.14516129032258066,0.8461538461538461,9.666666666666666,8.0,88.0,6.0,229.0,0.19444444444444445,0.7692307692307693,0.3076923076923077,5.666666666666667,4.6,5.846153846153846,3.4,0.38461538461538414,0.73076923076923,0.5384615384615384,2.0,2.0,1.0,1.0,0.0,1.0,-6.0,3.0,0.0,0.5,2.0,0.0,-7.800000000000001,0,18,0.45,57.0,14,8,0,-3,0
2023,14,Monza,MAG,Haas F1 Team,15.0,15.6,0.0,8.0,9.0,495.0,0.515625,0.4074074074074074,16.0,17.0,2.0,18.0,315.0,0.4722222222222222,0.38461538461538464,0.0,16.666666666666668,17.6,15.538461538461538,-0.6,1.9230769230769234,0.4615384615384617,0.46153846153846156,16.0,16.0,0.0,19.0,0.0,1.0,-1.0,15.0,0.0,0.0,17.333333333333332,0.3333333333333333,-0.5999999999999996,0,18,0.45,57.0,14,8,0,-3,0
2023,14,Monza,NOR,McLaren,12.0,9.6,8.0,101.0,5.0,402.0,0.3064516129032258,0.6538461538461539,5.333333333333333,4.4,72.0,8.0,245.0,0.19444444444444445,0.7692307692307693,0.23076923076923078,4.0,3.6,8.0,0.8,-1.23076923076923,-1.3076923076923066,0.7692307692307693,7.0,7.0,0.0,7.0,0.0,1.0,2.5999999999999996,12.0,0.0,0.0,7.5,0.5,2.4000000000000004,0,18,0.45,57.0,14,8,0,-3,0
2023,14,Monza,OCO,Alpine,9.333333333333334,9.4,16.0,65.0,6.0,438.0,0.265625,0.7037037037037037,12.333333333333334,14.2,34.0,10.0,283.0,0.3055555555555556,0.6153846153846154,0.07692307692307693,14.666666666666666,13.8,10.23076923076923,0.4,-0.6153846153846168,0.384615384615385,0.46153846153846156,11.0,11.0,0.0,11.0,0.0,1.0,-3.1999999999999993,15.0,0.0,0.0,12.666666666666666,0.3333333333333333,5.6,0,18,0.45,57.0,14,8,0,-3,0
2023,14,Monza,PER,Red Bull Racing,2.0,1.8,62.0,503.0,1.0,0.0,0.04838709677419355,0.9615384615384616,3.0,3.6,186.0,2.0,131.0,0.08333333333333333,0.9230769230769231,0.7692307692307693,6.333333333333333,9.8,9.153846153846153,-6.2,3.1538461538461533,1.5384615384615383,0.15384615384615385,6.0,6.0,0.0,4.0,0.0,1.0,2.4,3.5,1.0,0.5,3.0,0.0,1.7,0,18,0.45,57.0,14,8,0,-3,0
2023,14,Monza,PIA,McLaren,8.0,10.2,12.0,105.0,5.0,398.0,0.296875,0.6666666666666666,11.333333333333334,10.8,29.0,12.0,288.0,0.3611111111111111,0.5384615384615384,0.15384615384615385,6.0,6.8,10.461538461538462,4.0,1.2307692307692317,1.3076923076923084,0.23076923076923078,9.79,8.6,0.0,9.326666666666666,0.2033333333333333,0.0,-1.0100000000000016,10.666666666666666,0.0,0.0,8.0,0.3333333333333333,0.4666666666666668,0,18,0.45,57.0,14,8,0,-3,0
2023,14,Monza,RUS,Mercedes,9.666666666666666,7.8,16.0,252.0,2.0,251.0,0.078125,0.9259259259259259,9.666666666666666,8.2,92.0,5.0,225.0,0.1388888888888889,0.8461538461538461,0.38461538461538464,9.666666666666666,9.2,7.6923076923076925,-1.0,0.7307692307692308,1.9615384615384617,0.23076923076923078,3.0,3.0,1.0,6.0,0.0,1.0,-5.199999999999999,4.666666666666667,0.0,0.3333333333333333,6.333333333333333,0.0,-3.133333333333333,0,18,0.45,57.0,14,8,0,-3,0
2023,14,Monza,SAI,Ferrari,9.333333333333334,10.0,22.0,187.0,4.0,316.0,0.140625,0.8518518518518519,10.666666666666666,9.6,87.0,7.0,230.0,0.08333333333333333,0.9230769230769231,0.46153846153846156,7.333333333333333,6.0,5.076923076923077,3.6,-0.384615384615385,-0.7307692307692317,0.46153846153846156,4.0,4.0,0.0,3.0,0.0,1.0,-5.6,3.3333333333333335,0.0,0.3333333333333333,2.3333333333333335,0.0,-6.666666666666666,0,18,0.45,57.0,14,8,0,-3,0
2023,14,Monza,SAR,Williams,11.666666666666666,13.2,10.0,21.0,7.0,482.0,0.453125,0.48148148148148145,18.333333333333332,15.8,0.0,19.0,317.0,0.5277777777777778,0.3076923076923077,0.0,16.0,16.0,17.23076923076923,-0.2,2.5,2.0769230769230766,0.15384615384615385,9.79,8.6,0.0,9.326666666666666,0.2033333333333333,0.0,-6.010000000000002,10.333333333333334,0.0,0.0,11.666666666666666,0.0,-2.8666666666666654,0,18,0.45,57.0,14,8,0,-3,0
2023,14,Monza,STR,Aston Martin,7.333333333333333,7.2,21.0,204.0,3.0,299.0,0.109375,0.8888888888888888,10.0,10.6,41.0,9.0,276.0,0.19444444444444445,0.7692307692307693,0.07692307692307693,11.666666666666666,10.6,10.23076923076923,0.0,2.346153846153846,3.1538461538461533,0.07692307692307693,18.0,18.0,0.0,18.0,1.0,1.0,7.4,15.666666666666666,0.0,0.0,15.0,0.6666666666666666,8.466666666666665,0,18,0.45,57.0,14,8,0,-3,0
2023,14,Monza,TSU,AlphaTauri,13.0,13.0,0.0,3.0,10.0,500.0,0.359375,0.5925925925925926,13.333333333333334,15.0,3.0,17.0,314.0,0.19444444444444445,0.7692307692307693,0.0,14.0,14.8,13.923076923076923,0.2,-3.0384615384615365,0.0,0.6923076923076923,14.0,14.0,0.0,15.0,0.0,1.0,-1.0,11.0,0.0,0.0,12.0,0.0,-2.0,0,18,0.45,57.0,14,8,0,-3,0
2023,14,Monza,VER,Red Bull Racing,2.3333333333333335,2.0,55.0,521.0,1.0,-18.0,0.046875,0.9629629629629629,1.0,1.0,317.0,1.0,0.0,0.027777777777777776,1.0,1.0,1.3333333333333333,1.2,2.8461538461538463,-0.2,-3.1538461538461537,-1.5384615384615388,0.8461538461538461,1.0,1.0,1.0,2.0,0.0,1.0,0.0,3.0,1.0,0.6666666666666666,3.6666666666666665,0.0,1.0,0,18,0.45,57.0,14,8,0,-3,1
2023,14,Monza,ZHO,Alfa Romeo,14.0,13.4,1.0,10.0,8.0,493.0,0.421875,0.5185185185185185,15.666666666666666,14.8,4.0,16.0,313.0,0.4166666666666667,0.46153846153846156,0.0,12.666666666666666,14.4,15.076923076923077,0.4,0.4615384615384617,0.4615384615384599,0.3076923076923077,10.0,10.0,0.0,14.0,0.0,1.0,-4.800000000000001,11.0,0.0,0.0,13.333333333333334,0.0,-2.4000000000000004,0,18,0.45,57.0,14,8,0,-3,0
2023,15,Marina Bay,ALB,Williams,13.333333333333334,13.0,6.0,21.0,7.0,525.0,0.4393939393939394,0.5,9.666666666666666,9.6,21.0,13.0,321.0,0.2894736842105263,0.6428571428571429,0.0,8.666666666666666,10.0,11.785714285714286,-0.4,-2.642857142857144,-2.1428571428571423,0.8571428571428571,17.0,17.0,0.0,19.0,1.0,1.0,7.4,18.0,0.0,0.0,19.5,1.0,5.0,0,18,0.45,57.0,15,7,0,-3,0
2023,15,Marina Bay,ALO,Aston Martin,12.0,9.4,2.0,204.0,3.0,342.0,0.10606060606060606,0.8928571428571429,5.333333333333333,6.4,163.0,3.0,179.0,0.02631578947368421,1.0,0.7142857142857143,8.0,8.2,5.857142857142857,-1.8,-2.5357142857142856,-3.178571428571429,0.5,18.0,18.0,0.0,5.0,1.0,1.0,11.6,7.0,0.0,0.0,13.0,0.0,-2.4000000000000004,0,18,0.45,57.0,15,7,0,-3,0
2023,15,Marina Bay,BOT,Alfa Romeo,14.0,13.8,1.0,10.0,8.0,536.0,0.4090909090909091,0.5357142857142857,12.0,12.0,6.0,14.0,336.0,0.34210526315789475,0.5714285714285714,0.0,15.666666666666666,13.8,14.142857142857142,-1.8,-0.5,-0.5714285714285712,0.7142857142857143,11.0,11.0,0.0,16.0,0.0,1.0,-1.0,15.5,0.0,0.0,15.5,0.5,1.6999999999999993,0,18,0.45,57.0,15,7,0,-3,0
2023,15,Marina Bay,GAS,Alpine,14.666666666666666,11.0,1.0,65.0,6.0,481.0,0.2878787878787879,0.6785714285714286,9.666666666666666,13.4,31.0,11.0,311.0,0.18421052631578946,0.7857142857142857,0.07142857142857142,13.666666666666666,13.2,11.857142857142858,0.2,0.5357142857142847,-0.5,0.5714285714285714,10.0,10.0,0.0,7.0,0.0,1.0,-3.4000000000000004,17.0,0.0,0.0,11.5,1.0,6.0,0,18,0.45,57.0,15,7,0,-3,0
2023,15,Marina Bay,HAM,Mercedes,9.333333333333334,8.0,18.0,262.0,2.0,284.0,0.07575757575757576,0.9285714285714286,5.333333333333333,4.6,160.0,4.0,182.0,0.02631578947368421,1.0,0.6428571428571429,8.333333333333334,6.6,6.357142857142857,-2.0,-0.5357142857142856,-1.7857142857142856,0.7142857142857143,9.0,9.0,0.0,3.0,0.0,1.0,4.4,11.5,0.0,0.0,7.0,0.0,3.5,0,18,0.45,57.0,15,7,0,-3,0
2023,15,Marina Bay,HUL,Haas F1 Team,17.0,15.6,0.0,8.0,9.0,538.0,0.5303030303030303,0.39285714285714285,15.666666666666666,14.8,6.0,14.0,336.0,0.4473684210526316,0.42857142857142855,0.0,16.0,13.8,11.785714285714286,1.0,-2.0,-0.4642857142857135,0.5714285714285714,9.771241830065359,8.254901960784315,0.0,9.493464052287582,0.3169934640522876,0.0,-5.028758169934642,12.5,0.0,0.0,11.0,0.0,-3.0999999999999996,0,18,0.45,57.0,15,7,0,-3,0
2023,15,Marina Bay,LAW,AlphaTauri,15.333333333333334,13.8,0.0,3.0,10.0,543.0,0.3787878787878788,0.5714285714285714,12.0,12.0,0.0,19.0,342.0,0.07142857142857142,1.0,0.0,16.0,16.0,16.0,-4.0,1.1428571428571423,-0.75,1.0,9.771241830065359,8.254901960784315,0.0,9.493464052287582,0.3169934640522876,0.0,-2.2287581699346415,12.5,0.0,0.0,8.5,0.5,-1.3000000000000007,0,18,0.45,57.0,15,7,0,-3,0
2023,15,Marina Bay,LEC,Ferrari,4.0,10.0,37.0,202.0,4.0,344.0,0.13636363636363635,0.8571428571428571,8.666666666666666,8.4,100.0,7.0,242.0,0.18421052631578946,0.7857142857142857,0.35714285714285715,4.666666666666667,4.8,5.642857142857143,3.6,0.4285714285714288,0.7142857142857135,0.5,2.0,2.0,1.0,1.0,0.0,1.0,-6.4,2.5,0.0,1.0,2.5,0.0,-7.5,0,18,0.45,57.0,15,7,0,-3,0
2023,15,Marina Bay,MAG,Haas F1 Team,16.0,15.2,0.0,8.0,9.0,538.0,0.5147058823529411,0.41379310344827586,16.333333333333332,17.0,2.0,18.0,340.0,0.5,0.35714285714285715,0.0,16.666666666666668,17.6,15.785714285714286,-0.6,2.0,0.4642857142857135,0.42857142857142855,12.0,12.0,0.0,9.0,0.0,1.0,-5.0,12.666666666666666,0.0,0.0,10.333333333333334,0.0,-2.533333333333333,0,18,0.45,57.0,15,7,0,-3,0
2023,15,Marina Bay,NOR,McLaren,9.666666666666666,11.2,6.0,105.0,5.0,441.0,0.2878787878787879,0.6785714285714286,7.333333333333333,5.2,76.0,8.0,266.0,0.18421052631578946,0.7857142857142857,0.21428571428571427,6.0,4.6,8.071428571428571,0.6,-1.0714285714285712,-1.3571428571428577,0.7857142857142857,4.0,4.0,0.0,6.0,0.0,1.0,-1.2000000000000002,4.5,0.0,0.0,11.5,0.0,-6.699999999999999,0,18,0.45,57.0,15,7,0,-3,0
2023,15,Marina Bay,OCO,Alpine,13.333333333333334,10.6,8.0,73.0,6.0,473.0,0.27941176470588236,0.6896551724137931,12.333333333333334,15.2,34.0,10.0,308.0,0.34210526315789475,0.5714285714285714,0.07142857142857142,16.666666666666668,15.0,10.785714285714286,0.2,-0.5357142857142865,0.5,0.42857142857142855,16.0,16.0,0.0,18.0,1.0,1.0,0.8000000000000007,13.333333333333334,0.0,0.0,11.666666666666666,0.6666666666666666,2.7333333333333343,0,18,0.45,57.0,15,7,0,-3,0
2023,15,Marina Bay,PER,Red Bull Racing,1.3333333333333333,1.8,68.0,546.0,1.0,0.0,0.045454545454545456,0.9642857142857143,2.6666666666666665,3.4,204.0,2.0,138.0,0.07894736842105263,0.9285714285714286,0.7857142857142857,5.0,7.8,8.857142857142858,-4.4,3.0357142857142865,1.4642857142857144,0.14285714285714285,1.0,1.0,1.0,2.0,0.0,1.0,-2.4,4.0,1.0,0.5,5.0,0.0,2.2,0,18,0.45,57.0,15,7,0,-3,0
2023,15,Marina Bay,PIA,McLaren,7.333333333333333,7.6,22.0,123.0,5.0,423.0,0.27941176470588236,0.6896551724137931,13.666666666666666,10.0,29.0,12.0,313.0,0.34210526315789475,0.5714285714285714,0.14285714285714285,7.0,5.6,10.214285714285714,4.4,1.0714285714285712,1.3571428571428577,0.21428571428571427,9.771241830065359,8.254901960784315,0.0,9.493464052287582,0.3169934640522876,0.0,-0.2287581699346415,3.6666666666666665,0.0,0.3333333333333333,9.0,0.0,-3.933333333333333,0,18,0.45,57.0,15,7,0,-3,0
2023,15,Marina Bay,RUS,Mercedes,4.666666666666667,7.4,34.0,278.0,2.0,268.0,0.07352941176470588,0.9310344827586207,9.333333333333334,7.8,102.0,5.0,240.0,0.13157894736842105,0.8571428571428571,0.42857142857142855,5.0,7.8,7.428571428571429,0.0,0.5357142857142865,1.7857142857142856,0.2857142857142857,14.0,14.0,0.0,11.0,0.0,1.0,6.2,8.666666666666666,0.0,0.3333333333333333,6.333333333333333,0.0,1.2666666666666657,0,18,0.45,57.0,15,7,0,-3,0
2023,15,Marina Bay,SAI,Ferrari,3.6666666666666665,7.0,39.0,214.0,4.0,332.0,0.1323529411764706,0.8620689655172413,9.0,9.0,102.0,5.0,240.0,0.07894736842105263,0.9285714285714286,0.5,4.0,5.6,4.785714285714286,3.4,-0.4285714285714288,-0.7142857142857144,0.5,3.0,3.0,1.0,4.0,0.0,1.0,-6.0,3.0,0.0,0.6666666666666666,2.6666666666666665,0.0,-4.0,0,18,0.45,57.0,15,7,0,-3,1
2023,15,Marina Bay,SAR,Williams,10.333333333333334,11.8,6.0,21.0,7.0,525.0,0.4264705882352941,0.5172413793103449,16.666666666666668,15.8,0.0,19.0,342.0,0.5,0.35714285714285715,0.0,14.333333333333334,15.4,17.071428571428573,0.4,2.6428571428571423,2.1428571428571423,0.14285714285714285,9.771241830065359,8.254901960784315,0.0,9.493464052287582,0.3169934640522876,0.0,-6.028758169934642,15.666666666666666,0.0,0.0,17.666666666666668,0.6666666666666666,3.8666666666666654,0,18,0.45,57.0,15,7,0,-3,0
2023,15,Marina Bay,STR,Aston Martin,13.333333333333334,10.6,2.0,204.0,3.0,342.0,0.10294117647058823,0.896551724137931,12.0,12.0,41.0,9.0,301.0,0.18421052631578946,0.7857142857142857,0.07142857142857142,13.666666666666666,13.4,10.928571428571429,-1.4,2.5357142857142865,3.178571428571429,0.5,6.0,6.0,0.0,12.0,0.0,1.0,-6.0,9.666666666666666,0.0,0.0,11.0,0.0,-0.9333333333333336,0,18,0.45,57.0,15,7,0,-3,0
2023,15,Marina Bay,TSU,AlphaTauri,13.333333333333334,13.6,2.0,5.0,10.0,541.0,0.36764705882352944,0.5862068965517241,15.0,15.2,3.0,17.0,339.0,0.23684210526315788,0.7142857142857143,0.0,12.0,13.8,13.714285714285714,1.4,-1.1428571428571441,0.75,0.6428571428571429,15.0,15.0,0.0,10.0,1.0,1.0,-0.1999999999999993,11.333333333333334,0.0,0.0,9.0,0.3333333333333333,-2.2666666666666657,0,18,0.45,57.0,15,7,0,-3,0
2023,15,Marina Bay,VER,Red Bull Racing,3.6666666666666665,3.2,47.0,550.0,1.0,-4.0,0.04411764705882353,0.9655172413793104,1.0,1.0,342.0,1.0,0.0,0.02631578947368421,1.0,1.0,1.3333333333333333,1.4,2.7857142857142856,-0.4,-3.0357142857142856,-1.464285714285714,0.8571428571428571,7.0,7.0,0.0,8.0,0.0,1.0,6.0,5.333333333333333,1.0,0.3333333333333333,7.666666666666667,0.0,2.133333333333333,0,18,0.45,57.0,15,7,0,-3,0
2023,15,Marina Bay,ZHO,Alfa Romeo,13.666666666666666,14.6,1.0,10.0,8.0,536.0,0.4264705882352941,0.5172413793103449,15.0,15.2,4.0,16.0,338.0,0.39473684210526316,0.5,0.0,16.333333333333332,14.2,15.142857142857142,1.0,0.5,0.5714285714285712,0.2857142857142857,20.0,20.0,0.0,15.0,1.0,1.0,4.800000000000001,16.0,0.0,0.0,15.666666666666666,0.6666666666666666,1.4000000000000004,0,18,0.45,57.0,15,7,0,-3,0
2023,16,Suzuka,ALB,Williams,12.666666666666666,13.0,0.0,21.0,7.0,539.0,0.4142857142857143,0.5333333333333333,8.666666666666666,10.2,21.0,13.0,331.0,0.275,0.6666666666666666,0.0,8.0,11.2,11.933333333333334,-1.0,-2.5999999999999996,-2.0999999999999996,0.8666666666666667,20.0,20.0,0.0,16.0,1.0,1.0,9.8,14.5,0.0,0.0,18.0,0.5,1.5,0,18,0.45,57.0,16,6,0,-3,0
2023,16,Suzuka,ALO,Aston Martin,15.5,12.75,0.0,204.0,4.0,356.0,0.12857142857142856,0.8666666666666667,8.666666666666666,8.0,163.0,4.0,189.0,0.025,1.0,0.6666666666666666,7.333333333333333,7.8,5.933333333333334,0.2,-2.8000000000000007,-2.8309523809523816,0.9285714285714286,7.0,7.0,0.0,7.0,0.0,1.0,-1.0,9.0,0.0,0.0,14.0,0.0,-3.75,0,18,0.45,57.0,16,6,0,-3,0
2023,16,Suzuka,BOT,Alfa Romeo,14.333333333333334,14.2,0.0,10.0,8.0,550.0,0.4142857142857143,0.5333333333333333,13.666666666666666,13.0,6.0,14.0,346.0,0.375,0.5333333333333333,0.0,16.333333333333332,14.0,14.266666666666667,-1.0,-0.5666666666666664,-0.36666666666666536,0.6666666666666666,15.0,15.0,0.0,12.0,0.0,1.0,2.0,15.5,0.0,0.0,13.0,0.0,1.3000000000000007,0,18,0.45,57.0,16,6,0,-3,0
2023,16,Suzuka,GAS,Alpine,14.333333333333334,13.6,8.0,73.0,6.0,487.0,0.3,0.6666666666666666,8.0,11.0,39.0,10.0,313.0,0.175,0.8,0.06666666666666667,13.666666666666666,13.6,11.866666666666667,-2.6,0.6333333333333329,-0.8666666666666671,0.6,18.0,18.0,0.0,17.0,0.0,1.0,7.0,5.5,0.0,0.0,6.0,0.0,-8.1,0,18,0.45,57.0,16,6,0,-3,0
2023,16,Suzuka,HAM,Mercedes,8.0,9.4,26.0,278.0,2.0,282.0,0.1,0.9,5.0,4.6,176.0,3.0,176.0,0.025,1.0,0.6666666666666666,8.666666666666666,6.2,6.266666666666667,-1.6,-0.39999999999999947,-2.0999999999999996,0.7333333333333333,5.0,5.0,0.0,6.0,0.0,1.0,0.40000000000000036,6.5,0.0,0.0,7.0,0.0,-2.9000000000000004,0,18,0.45,57.0,16,6,0,-3,0
2023,16,Suzuka,HUL,Haas F1 Team,13.666666666666666,14.8,1.0,9.0,9.0,551.0,0.5,0.43333333333333335,14.0,14.8,6.0,14.0,346.0,0.425,0.4666666666666667,0.0,12.333333333333334,13.4,11.6,1.4,-1.7666666666666675,-0.3333333333333339,0.5333333333333333,10.11111111111111,8.72549019607843,0.0,9.797385620915033,0.2712418300653595,0.0,-4.68888888888889,15.5,0.0,0.0,16.5,0.0,0.6999999999999993,0,18,0.45,57.0,16,6,0,-3,0
2023,16,Suzuka,LAW,AlphaTauri,16.0,14.8,2.0,5.0,10.0,555.0,0.38571428571428573,0.5666666666666667,11.0,11.0,2.0,19.0,350.0,0.0625,1.0,0.0,14.0,14.0,14.0,-3.0,0.09999999999999964,-1.4333333333333336,1.0,10.11111111111111,8.72549019607843,0.0,9.797385620915033,0.2712418300653595,0.0,-0.8888888888888893,15.5,0.0,0.0,15.0,0.0,0.6999999999999993,0,18,0.45,57.0,16,6,0,-3,0
2023,16,Suzuka,LEC,Ferrari,2.6666666666666665,3.4,52.0,239.0,3.0,321.0,0.12857142857142856,0.8666666666666667,9.0,7.4,112.0,6.0,240.0,0.175,0.8,0.4,5.0,4.6,5.466666666666667,2.8,0.4666666666666668,0.7666666666666675,0.4666666666666667,3.0,3.0,1.0,2.0,0.0,1.0,-4.4,11.0,0.0,0.5,2.5,0.5,7.6,0,18,0.45,57.0,16,6,0,-3,0
2023,16,Suzuka,MAG,Haas F1 Team,12.333333333333334,14.4,1.0,9.0,9.0,551.0,0.5138888888888888,0.41935483870967744,14.666666666666666,15.2,3.0,17.0,349.0,0.475,0.4,0.0,14.333333333333334,15.0,15.133333333333333,0.2,1.7666666666666657,0.3333333333333339,0.4666666666666667,14.0,14.0,0.0,18.0,0.0,1.0,-1.1999999999999993,15.0,0.0,0.0,17.0,0.3333333333333333,0.5999999999999996,0,18,0.45,57.0,16,6,0,-3,0
2023,16,Suzuka,NOR,McLaren,7.0,7.6,24.0,129.0,5.0,431.0,0.2714285714285714,0.7,5.666666666666667,5.2,94.0,8.0,258.0,0.175,0.8,0.26666666666666666,5.0,5.0,7.8,0.2,-1.4333333333333327,-1.4333333333333336,0.8,10.0,10.0,0.0,10.0,0.0,1.0,4.8,10.5,0.0,0.0,10.5,0.0,2.9000000000000004,0,18,0.45,57.0,16,6,0,-3,0
2023,16,Suzuka,OCO,Alpine,11.333333333333334,13.6,9.0,74.0,6.0,486.0,0.2916666666666667,0.6774193548387096,15.666666666666666,14.8,34.0,12.0,318.0,0.375,0.5333333333333333,0.06666666666666667,14.333333333333334,14.0,10.6,0.8,-0.6333333333333346,0.8666666666666654,0.4,4.0,4.0,0.0,5.0,0.0,1.0,-10.8,7.0,0.0,0.0,8.0,0.0,-6.6,0,18,0.45,57.0,16,6,0,-3,0
2023,16,Suzuka,PER,Red Bull Racing,4.666666666666667,3.4,39.0,560.0,1.0,0.0,0.04285714285714286,0.9666666666666667,4.666666666666667,3.8,208.0,2.0,144.0,0.075,0.9333333333333333,0.7333333333333333,8.333333333333334,7.4,9.133333333333333,-3.6,2.8999999999999995,1.4666666666666668,0.13333333333333333,2.0,2.0,1.0,4.0,0.0,1.0,-1.7999999999999998,1.5,1.0,1.0,2.5,0.0,-1.9,0,18,0.45,57.0,16,6,0,-3,0
2023,16,Suzuka,PIA,McLaren,3.6666666666666665,6.2,42.0,147.0,5.0,413.0,0.2638888888888889,0.7096774193548387,9.333333333333334,10.6,35.0,11.0,317.0,0.325,0.6,0.13333333333333333,10.666666666666666,8.4,10.666666666666666,2.2,1.4333333333333336,1.4333333333333336,0.2,10.11111111111111,8.72549019607843,0.0,9.797385620915033,0.2712418300653595,0.0,-0.48888888888888893,7.666666666666667,0.0,0.3333333333333333,8.0,0.0,1.4666666666666668,0,18,0.45,57.0,16,6,0,-3,0
2023,16,Suzuka,RUS,Mercedes,8.0,7.0,26.0,288.0,2.0,272.0,0.09722222222222222,0.9032258064516129,12.666666666666666,10.0,102.0,7.0,250.0,0.175,0.8,0.4,3.0,7.0,7.066666666666666,3.0,0.40000000000000036,2.0999999999999996,0.26666666666666666,8.0,8.0,0.0,8.0,0.0,1.0,-2.0,6.0,0.0,0.0,7.0,0.0,-1.0,0,18,0.45,57.0,16,6,0,-3,0
2023,16,Suzuka,SAI,Ferrari,3.0,3.2,49.0,251.0,3.0,309.0,0.125,0.8709677419354839,3.0,7.2,127.0,5.0,225.0,0.075,0.9333333333333333,0.5333333333333333,2.6666666666666665,4.8,4.533333333333333,2.4,-0.4666666666666668,-0.7666666666666666,0.5333333333333333,19.0,19.0,0.0,3.0,1.0,1.0,11.8,8.666666666666666,0.0,0.3333333333333333,3.0,0.3333333333333333,5.466666666666666,0,18,0.45,57.0,16,6,0,-3,0
2023,16,Suzuka,SAR,Williams,13.666666666666666,12.2,0.0,21.0,7.0,539.0,0.4305555555555556,0.5161290322580645,15.666666666666666,16.4,0.0,20.0,352.0,0.475,0.4,0.0,14.333333333333334,16.2,17.133333333333333,0.2,2.5999999999999996,2.0999999999999996,0.13333333333333333,10.11111111111111,8.72549019607843,0.0,9.797385620915033,0.2712418300653595,0.0,-6.288888888888888,15.0,0.0,0.0,16.333333333333332,0.6666666666666666,2.8000000000000007,0,18,0.45,57.0,16,6,0,-3,0
2023,16,Suzuka,STR,Aston Martin,11.5,12.0,4.0,208.0,4.0,352.0,0.125,0.8709677419354839,13.5,11.5,41.0,9.0,311.0,0.225,0.7333333333333333,0.06666666666666667,17.0,15.0,11.533333333333333,-2.25,2.799999999999999,2.8309523809523807,0.07142857142857142,12.0,12.0,0.0,19.0,0.0,1.0,0.5,8.666666666666666,0.0,0.0,12.666666666666666,0.0,-3.333333333333334,0,18,0.45,57.0,16,6,0,-3,0
2023,16,Suzuka,TSU,AlphaTauri,13.0,14.0,2.0,5.0,10.0,555.0,0.4027777777777778,0.5483870967741935,18.0,15.8,3.0,17.0,349.0,0.275,0.6666666666666666,0.0,13.333333333333334,13.6,13.8,2.2,-0.09999999999999964,1.4333333333333336,0.6,13.0,13.0,0.0,13.0,0.0,1.0,-2.8000000000000007,14.0,0.0,0.0,13.666666666666666,0.3333333333333333,0.0,0,18,0.45,57.0,16,6,0,-3,0
2023,16,Suzuka,VER,Red Bull Racing,10.666666666666666,7.0,14.0,560.0,1.0,0.0,0.06944444444444445,0.9354838709677419,2.3333333333333335,1.8,352.0,1.0,0.0,0.025,1.0,1.0,4.666666666666667,3.4,3.3333333333333335,-1.6,-2.9,-1.4666666666666663,0.8666666666666667,1.0,1.0,1.0,1.0,0.0,1.0,-0.8,7.333333333333333,1.0,0.6666666666666666,3.3333333333333335,0.3333333333333333,0.33333333333333304,0,18,0.45,57.0,16,6,0,-3,1
2023,16,Suzuka,ZHO,Alfa Romeo,16.333333333333332,14.6,0.0,10.0,8.0,550.0,0.4305555555555556,0.5161290322580645,14.666666666666666,14.6,4.0,16.0,348.0,0.375,0.5333333333333333,0.0,17.0,14.6,15.4,0.0,0.5666666666666664,0.36666666666666714,0.3333333333333333,16.0,16.0,0.0,14.0,0.0,1.0,1.4000000000000004,17.0,0.0,0.0,14.0,0.3333333333333333,2.4000000000000004,0,18,0.45,57.0,16,6,0,-3,0
2023,17,Lusail,ALB,Williams,15.666666666666666,14.2,0.0,21.0,7.0,565.0,0.44594594594594594,0.5,11.333333333333334,11.2,21.0,13.0,357.0,0.30952380952380953,0.625,0.0,11.0,10.6,12.0,0.6,-2.65625,-2.0,0.875,10.271428571428572,9.314285714285715,0.0,10.085714285714285,0.32857142857142857,0.0,-0.928571428571427,10.574113475177306,0.0,0.13900709219858157,9.970212765957447,0.30886524822695033,-3.6258865248226932,0,18,0.45,57.0,17,5,0,-3,0
2023,17,Lusail,ALO,Aston Martin,13.0,14.25,4.0,208.0,4.0,378.0,0.14864864864864866,0.84375,10.666666666666666,7.8,167.0,4.0,211.0,0.023809523809523808,1.0,0.625,9.0,8.2,6.1875,-0.4,-2.84375,-2.9812499999999993,0.9333333333333333,10.271428571428572,9.314285714285715,0.0,10.085714285714285,0.32857142857142857,0.0,2.4714285714285724,10.574113475177306,0.0,0.13900709219858157,9.970212765957447,0.30886524822695033,-3.675886524822694,0,18,0.45,57.0,17,5,0,-3,0
2023,17,Lusail,BOT,Alfa Romeo,15.0,15.2,0.0,10.0,8.0,576.0,0.44594594594594594,0.5,15.666666666666666,14.6,6.0,14.0,372.0,0.40476190476190477,0.5,0.0,15.333333333333334,15.8,14.375,-1.2,-0.625,-0.125,0.625,10.271428571428572,9.314285714285715,0.0,10.085714285714285,0.32857142857142857,0.0,-4.328571428571427,10.574113475177306,0.0,0.13900709219858157,9.970212765957447,0.30886524822695033,-4.625886524822693,0,18,0.45,57.0,17,5,0,-3,0
2023,17,Lusail,GAS,Alpine,12.333333333333334,12.4,3.0,76.0,6.0,510.0,0.28378378378378377,0.6875,10.333333333333334,9.0,40.0,11.0,338.0,0.16666666666666666,0.8125,0.0625,13.666666666666666,13.0,11.875,-4.0,0.53125,-0.78125,0.5625,10.271428571428572,9.314285714285715,0.0,10.085714285714285,0.32857142857142857,0.0,1.2714285714285722,10.574113475177306,0.0,0.13900709219858157,9.970212765957447,0.30886524822695033,-1.8258865248226943,0,18,0.45,57.0,17,5,0,-3,0
2023,17,Lusail,HAM,Mercedes,9.333333333333334,7.2,16.0,294.0,2.0,292.0,0.0945945945945946,0.90625,4.666666666666667,4.8,186.0,3.0,192.0,0.023809523809523808,1.0,0.6875,6.666666666666667,7.4,6.3125,-2.6,-0.40625,-2.03125,0.75,10.271428571428572,9.314285714285715,0.0,10.085714285714285,0.32857142857142857,0.0,5.471428571428572,10.574113475177306,0.0,0.13900709219858157,9.970212765957447,0.30886524822695033,3.374113475177306,0,18,0.45,57.0,17,5,0,-3,0
2023,17,Lusail,HUL,Haas F1 Team,13.0,14.0,1.0,9.0,9.0,577.0,0.527027027027027,0.40625,14.666666666666666,14.8,6.0,14.0,372.0,0.4523809523809524,0.4375,0.0,13.333333333333334,15.0,12.0,-0.2,-1.5625,-0.34375,0.5625,10.271428571428572,9.314285714285715,0.0,10.085714285714285,0.32857142857142857,0.0,-4.5285714285714285,10.574113475177306,0.0,0.13900709219858157,9.970212765957447,0.30886524822695033,-3.425886524822694,0,18,0.45,57.0,17,5,0,-3,0
2023,17,Lusail,LAW,AlphaTauri,14.0,14.2,0.0,5.0,10.0,581.0,0.4189189189189189,0.53125,10.333333333333334,11.0,2.0,19.0,376.0,0.16666666666666666,0.75,0.0,11.0,13.25,13.25,-2.25,-0.125,-1.375,1.0,10.271428571428572,9.314285714285715,0.0,10.085714285714285,0.32857142857142857,0.0,-0.7285714285714278,10.574113475177306,0.0,0.13900709219858157,9.970212765957447,0.30886524822695033,-3.6258865248226932,0,18,0.45,57.0,17,5,0,-3,0
2023,17,Lusail,LEC,Ferrari,3.6666666666666665,3.6,45.0,259.0,3.0,327.0,0.12162162162162163,0.875,4.0,6.8,124.0,6.0,254.0,0.16666666666666666,0.8125,0.4375,3.3333333333333335,4.2,5.375,2.6,0.375,0.65625,0.5,10.271428571428572,9.314285714285715,0.0,10.085714285714285,0.32857142857142857,0.0,3.4714285714285724,10.574113475177306,0.0,0.13900709219858157,9.970212765957447,0.30886524822695033,6.974113475177306,0,18,0.45,57.0,17,5,0,-3,0
2023,17,Lusail,MAG,Haas F1 Team,15.0,13.6,0.0,9.0,9.0,577.0,0.5394736842105263,0.3939393939393939,14.333333333333334,14.8,3.0,17.0,375.0,0.5,0.375,0.0,13.333333333333334,14.2,15.125,0.6,1.5625,0.34375,0.4375,10.271428571428572,9.314285714285715,0.0,10.085714285714285,0.32857142857142857,0.0,-4.5285714285714285,16.0,0.0,0.0,15.0,1.0,2.4000000000000004,0,18,0.45,57.0,17,5,0,-3,0
2023,17,Lusail,NOR,McLaren,4.0,5.2,39.0,162.0,5.0,424.0,0.25675675675675674,0.71875,4.0,5.2,112.0,7.0,266.0,0.16666666666666666,0.8125,0.3125,5.333333333333333,5.0,7.5,0.2,-1.3125,-1.375,0.8125,10.271428571428572,9.314285714285715,0.0,10.085714285714285,0.32857142857142857,0.0,5.071428571428572,10.574113475177306,0.0,0.13900709219858157,9.970212765957447,0.30886524822695033,5.374113475177306,0,18,0.45,57.0,17,5,0,-3,0
2023,17,Lusail,OCO,Alpine,10.333333333333334,11.0,3.0,76.0,6.0,510.0,0.27631578947368424,0.696969696969697,15.333333333333334,12.8,36.0,12.0,342.0,0.35714285714285715,0.5625,0.0625,13.333333333333334,14.4,10.8125,-1.6,-0.53125,0.78125,0.4375,10.271428571428572,9.314285714285715,0.0,10.085714285714285,0.32857142857142857,0.0,-2.5285714285714285,12.0,0.0,0.0,7.0,0.0,1.0,0,18,0.45,57.0,17,5,0,-3,0
2023,17,Lusail,PER,Red Bull Racing,8.333333333333334,6.8,36.0,586.0,1.0,0.0,0.06756756756756757,0.9375,9.666666666666666,7.0,208.0,2.0,170.0,0.11904761904761904,0.875,0.6875,7.666666666666667,6.6,8.875,0.4,2.84375,1.9375,0.125,10.271428571428572,9.314285714285715,0.0,10.085714285714285,0.32857142857142857,0.0,3.2714285714285722,10.574113475177306,0.0,0.13900709219858157,9.970212765957447,0.30886524822695033,3.774113475177306,0,18,0.45,57.0,17,5,0,-3,0
2023,17,Lusail,PIA,McLaren,2.6666666666666665,3.4,48.0,177.0,5.0,409.0,0.25,0.7272727272727273,7.333333333333333,10.2,50.0,9.0,328.0,0.30952380952380953,0.625,0.1875,8.666666666666666,8.0,10.125,2.2,1.3125,1.375,0.1875,10.271428571428572,9.314285714285715,0.0,10.085714285714285,0.32857142857142857,0.0,0.07142857142857295,3.0,0.0,1.0,10.0,0.0,-0.3999999999999999,0,18,0.45,57.0,17,5,0,-3,0
2023,17,Lusail,RUS,Mercedes,10.333333333333334,10.0,16.0,294.0,2.0,292.0,0.11842105263157894,0.8787878787878788,9.333333333333334,10.2,108.0,8.0,270.0,0.16666666666666666,0.8125,0.375,4.666666666666667,5.0,7.125,5.2,0.40625,2.03125,0.25,10.271428571428572,9.314285714285715,0.0,10.085714285714285,0.32857142857142857,0.0,0.07142857142857295,19.0,0.0,0.0,3.0,1.0,9.0,0,18,0.45,57.0,17,5,0,-3,0
2023,17,Lusail,SAI,Ferrari,5.0,4.0,30.0,269.0,3.0,317.0,0.11842105263157894,0.8787878787878788,3.3333333333333335,6.8,135.0,5.0,243.0,0.07142857142857142,0.9375,0.5,2.6666666666666665,3.8,4.625,3.0,-0.375,-0.65625,0.5,10.271428571428572,9.314285714285715,0.0,10.085714285714285,0.32857142857142857,0.0,3.4714285714285724,5.0,0.0,0.0,5.0,0.0,1.0,0,18,0.45,57.0,17,5,0,-3,0
2023,17,Lusail,SAR,Williams,15.333333333333334,14.2,0.0,21.0,7.0,565.0,0.4342105263157895,0.5151515151515151,14.666666666666666,16.2,0.0,20.0,378.0,0.5,0.375,0.0,17.666666666666668,16.2,17.3125,0.0,2.65625,2.0,0.125,10.271428571428572,9.314285714285715,0.0,10.085714285714285,0.32857142857142857,0.0,-5.928571428571427,13.0,0.0,0.0,14.0,0.0,-1.1999999999999993,0,18,0.45,57.0,17,5,0,-3,0
2023,17,Lusail,STR,Aston Martin,10.666666666666666,11.75,12.0,216.0,4.0,370.0,0.14473684210526316,0.8484848484848485,17.0,13.5,41.0,10.0,337.0,0.2619047619047619,0.6875,0.0625,19.0,15.6,11.875,-1.0,2.84375,2.981250000000001,0.06666666666666667,10.271428571428572,9.314285714285715,0.0,10.085714285714285,0.32857142857142857,0.0,-3.2285714285714278,6.0,0.0,0.0,4.0,0.0,-5.75,0,18,0.45,57.0,17,5,0,-3,0
2023,17,Lusail,TSU,AlphaTauri,13.333333333333334,13.6,0.0,5.0,10.0,581.0,0.4342105263157895,0.5151515151515151,17.0,15.2,3.0,17.0,375.0,0.30952380952380953,0.625,0.0,11.666666666666666,12.0,13.5,3.2,0.125,1.375,0.5625,10.271428571428572,9.314285714285715,0.0,10.085714285714285,0.32857142857142857,0.0,-4.928571428571427,17.0,0.0,0.0,18.0,1.0,3.4000000000000004,0,18,0.45,57.0,17,5,0,-3,0
2023,17,Lusail,VER,Red Bull Racing,10.0,8.6,27.0,587.0,1.0,-1.0,0.06578947368421052,0.9393939393939394,2.3333333333333335,1.8,378.0,1.0,0.0,0.023809523809523808,1.0,1.0,4.666666666666667,3.2,3.1875,-1.4,-2.84375,-1.9375,0.875,10.271428571428572,9.314285714285715,0.0,10.085714285714285,0.32857142857142857,0.0,8.471428571428572,10.0,0.0,0.0,13.0,0.0,1.4000000000000004,0,18,0.45,57.0,17,5,0,-3,1
2023,17,Lusail,ZHO,Alfa Romeo,13.666666666666666,14.0,4.0,14.0,8.0,572.0,0.4342105263157895,0.5151515151515151,13.0,14.0,4.0,16.0,374.0,0.40476190476190477,0.5,0.0,18.0,17.4,15.625,-3.4,0.625,0.125,0.375,10.271428571428572,9.314285714285715,0.0,10.085714285714285,0.32857142857142857,0.0,-3.7285714285714278,8.0,0.0,0.0,9.0,0.0,-6.0,0,18,0.45,57.0,17,5,0,-3,0
2023,18,Austin,ALB,Williams,16.0,15.6,0.0,21.0,7.0,592.0,0.44871794871794873,0.5,13.333333333333334,11.0,21.0,13.0,383.0,0.29545454545454547,0.6470588235294118,0.0,13.666666666666666,10.2,12.117647058823529,0.8,-2.5588235294117645,-2.0294117647058822,0.8823529411764706,13.0,13.0,0.0,11.0,0.0,1.0,2.0,15.0,0.0,0.0,15.5,0.0,-0.5999999999999996,0,18,0.45,57.0,18,4,0,-3,0
2023,18,Austin,ALO,Aston Martin,11.666666666666666,10.75,8.0,216.0,4.0,397.0,0.14102564102564102,0.8529411764705882,9.666666666666666,8.0,175.0,4.0,229.0,0.022727272727272728,1.0,0.5882352941176471,7.0,7.2,6.0588235294117645,0.8,-3.0588235294117645,-2.9522058823529402,0.9375,7.0,7.0,0.0,9.0,0.0,1.0,-1.0,13.0,0.0,0.0,9.5,0.5,2.25,0,18,0.45,57.0,18,4,0,-3,0
2023,18,Austin,BOT,Alfa Romeo,10.0,12.4,6.0,16.0,8.0,597.0,0.4230769230769231,0.5294117647058824,15.0,13.8,10.0,14.0,394.0,0.38636363636363635,0.5294117647058824,0.0,13.666666666666666,14.8,14.058823529411764,-1.0,-0.9117647058823533,-0.14705882352941124,0.6470588235294118,19.0,19.0,0.0,10.0,1.0,1.0,5.199999999999999,15.5,0.0,0.0,12.0,0.5,3.0999999999999996,0,18,0.45,57.0,18,4,0,-3,0
2023,18,Austin,GAS,Alpine,9.333333333333334,11.2,8.0,82.0,6.0,531.0,0.2692307692307692,0.7058823529411765,9.333333333333334,9.2,40.0,12.0,364.0,0.1590909090909091,0.8235294117647058,0.058823529411764705,10.333333333333334,12.0,11.588235294117647,-2.8,0.47058823529411775,-0.5882352941176467,0.5294117647058824,14.0,14.0,0.0,13.0,0.0,1.0,4.800000000000001,9.0,0.0,0.0,13.5,0.0,-2.1999999999999993,0,18,0.45,57.0,18,4,0,-3,0
2023,18,Austin,HAM,Mercedes,10.0,10.2,18.0,306.0,2.0,307.0,0.11538461538461539,0.8823529411764706,9.0,7.8,186.0,3.0,218.0,0.06818181818181818,0.9411764705882353,0.6470588235294118,5.0,7.2,6.117647058823529,0.6,-0.35294117647058876,-1.4705882352941186,0.7058823529411765,2.0,2.0,1.0,5.0,0.0,1.0,-5.8,3.5,0.0,0.5,5.5,0.0,-6.699999999999999,0,18,0.45,57.0,18,4,0,-3,0
2023,18,Austin,HUL,Haas F1 Team,15.0,13.8,0.0,9.0,9.0,604.0,0.5512820512820513,0.38235294117647056,14.333333333333334,14.4,6.0,15.0,398.0,0.4772727272727273,0.4117647058823529,0.0,14.0,14.0,12.176470588235293,0.4,-1.5882352941176485,-0.26470588235294024,0.5294117647058824,9.980392156862745,7.686274509803922,0.0,9.509803921568627,0.2549019607843137,0.0,-4.419607843137255,12.0,0.0,0.0,17.5,0.0,-1.8000000000000007,0,18,0.45,57.0,18,4,0,-3,0
2023,18,Austin,LEC,Ferrari,10.333333333333334,7.2,18.0,269.0,3.0,344.0,0.14102564102564102,0.8529411764705882,4.333333333333333,7.2,134.0,6.0,270.0,0.1590909090909091,0.8235294117647058,0.47058823529411764,4.0,4.8,5.352941176470588,2.4,0.14705882352941213,0.17647058823529438,0.5294117647058824,3.0,3.0,1.0,2.0,0.0,1.0,-4.2,11.5,0.0,0.5,1.5,0.5,4.3,0,18,0.45,57.0,18,4,0,-3,0
2023,18,Austin,MAG,Haas F1 Team,13.666666666666666,14.0,0.0,9.0,9.0,604.0,0.5375,0.4,13.0,14.6,3.0,17.0,401.0,0.5227272727272727,0.35294117647058826,0.0,13.333333333333334,15.4,15.352941176470589,-0.8,1.5882352941176467,0.264705882352942,0.47058823529411764,9.0,9.0,0.0,16.0,0.0,1.0,-5.6,11.666666666666666,0.0,0.0,17.0,0.0,-2.333333333333334,0,18,0.45,57.0,18,4,0,-3,0
2023,18,Austin,NOR,McLaren,2.6666666666666665,3.4,48.0,195.0,5.0,418.0,0.24358974358974358,0.7352941176470589,2.3333333333333335,4.4,127.0,7.0,277.0,0.1590909090909091,0.8235294117647058,0.35294117647058826,5.666666666666667,5.6,7.647058823529412,-1.2,-1.1176470588235299,-1.2647058823529402,0.7647058823529411,6.0,6.0,0.0,8.0,0.0,1.0,1.5999999999999996,11.0,0.0,0.0,12.5,0.0,7.6,0,18,0.45,57.0,18,4,0,-3,0
2023,18,Austin,OCO,Alpine,8.333333333333334,8.8,14.0,90.0,6.0,523.0,0.2625,0.7142857142857143,11.333333333333334,12.6,42.0,10.0,362.0,0.3409090909090909,0.5882352941176471,0.058823529411764705,10.0,13.0,10.647058823529411,-0.4,-0.47058823529411775,0.5882352941176467,0.47058823529411764,11.0,11.0,0.0,18.0,0.0,1.0,-1.5999999999999996,8.0,0.0,0.0,11.333333333333334,0.0,-0.8000000000000007,0,18,0.45,57.0,18,4,0,-3,0
2023,18,Austin,PER,Red Bull Racing,4.0,7.2,53.0,613.0,1.0,0.0,0.0641025641025641,0.9411764705882353,12.333333333333334,8.6,209.0,2.0,195.0,0.11363636363636363,0.8823529411764706,0.6470588235294118,10.333333333333334,8.6,9.117647058823529,0.0,3.0294117647058822,2.0882352941176467,0.11764705882352941,4.0,4.0,0.0,4.0,0.0,1.0,-4.6,2.5,1.0,0.5,3.5,0.0,-4.7,0,18,0.45,57.0,18,4,0,-3,0
2023,18,Austin,PIA,McLaren,2.3333333333333335,2.4,51.0,213.0,5.0,400.0,0.2375,0.7428571428571429,4.0,6.6,68.0,9.0,336.0,0.29545454545454547,0.6470588235294118,0.23529411764705882,8.333333333333334,8.0,9.882352941176471,-1.4,1.117647058823529,1.264705882352942,0.23529411764705882,9.980392156862745,7.686274509803922,0.0,9.509803921568627,0.2549019607843137,0.0,3.3803921568627455,8.0,0.0,0.3333333333333333,9.0,0.0,5.6,0,18,0.45,57.0,18,4,0,-3,0
2023,18,Austin,RIC,AlphaTauri,14.666666666666666,14.8,0.0,5.0,10.0,608.0,0.44871794871794873,0.5,12.666666666666666,13.0,0.0,19.0,404.0,0.21428571428571427,0.5,0.0,14.0,13.4,16.0,-0.4,1.3235294117647065,0.33823529411764675,0.5,16.0,16.0,0.0,17.0,0.0,1.0,3.0,12.0,0.0,0.0,14.0,0.0,-2.8000000000000007,0,18,0.45,57.0,18,4,0,-3,0
2023,18,Austin,RUS,Mercedes,14.0,10.8,12.0,306.0,2.0,307.0,0.1375,0.8571428571428571,9.0,9.8,120.0,8.0,284.0,0.1590909090909091,0.8235294117647058,0.4117647058823529,4.0,3.8,6.823529411764706,6.0,0.35294117647058787,1.4705882352941178,0.29411764705882354,5.0,5.0,0.0,6.0,0.0,1.0,-4.800000000000001,8.666666666666666,0.0,0.3333333333333333,4.666666666666667,0.3333333333333333,-2.1333333333333346,0,18,0.45,57.0,18,4,0,-3,0
2023,18,Austin,SAI,Ferrari,15.0,11.0,10.0,269.0,3.0,344.0,0.1625,0.8285714285714286,9.0,7.0,135.0,5.0,269.0,0.11363636363636363,0.8823529411764706,0.47058823529411764,6.333333333333333,5.2,5.0588235294117645,1.8,-0.14705882352941124,-0.17647058823529438,0.47058823529411764,20.0,20.0,0.0,1.0,1.0,1.0,13.0,14.333333333333334,0.0,0.3333333333333333,1.3333333333333333,0.6666666666666666,3.333333333333334,0,18,0.45,57.0,18,4,0,-3,0
2023,18,Austin,SAR,Williams,13.333333333333334,14.6,2.0,23.0,7.0,590.0,0.4375,0.5142857142857142,16.333333333333332,16.4,0.0,19.0,404.0,0.5227272727272727,0.35294117647058826,0.0,18.0,15.8,17.235294117647058,0.6,2.5588235294117645,2.0294117647058805,0.11764705882352941,9.980392156862745,7.686274509803922,0.0,9.509803921568627,0.2549019607843137,0.0,-6.419607843137253,13.0,0.0,0.0,16.333333333333332,0.0,-1.5999999999999996,0,18,0.45,57.0,18,4,0,-3,0
2023,18,Austin,STR,Aston Martin,11.0,11.8,8.0,216.0,4.0,397.0,0.1625,0.8285714285714286,14.5,14.0,41.0,11.0,363.0,0.25,0.7058823529411765,0.058823529411764705,18.0,17.0,12.176470588235293,-2.25,3.0588235294117645,2.952205882352942,0.0625,18.0,18.0,0.0,7.0,1.0,1.0,4.0,14.0,0.0,0.0,12.0,0.6666666666666666,2.1999999999999993,0,18,0.45,57.0,18,4,0,-3,0
2023,18,Austin,TSU,AlphaTauri,15.666666666666666,14.0,0.0,5.0,10.0,608.0,0.4625,0.4857142857142857,15.333333333333334,16.2,3.0,17.0,401.0,0.3409090909090909,0.5882352941176471,0.0,11.666666666666666,12.0,13.352941176470589,4.2,-1.3235294117647047,-0.33823529411764675,0.5882352941176471,10.0,10.0,0.0,15.0,0.0,1.0,-6.199999999999999,13.0,0.0,0.0,14.333333333333334,0.3333333333333333,-1.0,0,18,0.45,57.0,18,4,0,-3,0
2023,18,Austin,VER,Red Bull Racing,5.0,7.0,39.0,625.0,1.0,-12.0,0.0625,0.9428571428571428,2.3333333333333335,1.8,404.0,1.0,0.0,0.022727272727272728,1.0,1.0,4.333333333333333,3.2,3.0588235294117645,-1.4,-3.0294117647058822,-2.088235294117647,0.8823529411764706,1.0,1.0,1.0,3.0,0.0,1.0,-0.8,3.0,1.0,0.3333333333333333,5.333333333333333,0.0,-4.0,0,18,0.45,57.0,18,4,0,-3,1
2023,18,Austin,ZHO,Alfa Romeo,9.666666666666666,12.4,6.0,16.0,8.0,597.0,0.4125,0.5428571428571428,11.333333333333334,13.2,6.0,15.0,398.0,0.38636363636363635,0.5294117647058824,0.0,19.333333333333332,18.0,15.882352941176471,-4.8,0.9117647058823533,0.14705882352941124,0.35294117647058826,12.0,12.0,0.0,14.0,0.0,1.0,-1.1999999999999993,14.333333333333334,0.0,0.0,12.333333333333334,0.3333333333333333,1.9333333333333336,0,18,0.45,57.0,18,4,0,-3,0
2023,19,Mexico City,ALB,Williams,12.333333333333334,13.4,3.0,24.0,7.0,626.0,0.4268292682926829,0.5277777777777778,12.666666666666666,11.2,23.0,13.0,406.0,0.2826086956521739,0.6666666666666666,0.0,15.0,13.0,12.444444444444445,-1.8,-2.472222222222223,-1.9444444444444446,0.8888888888888888,12.0,12.0,0.0,19.0,0.0,1.0,0.8000000000000007,15.0,0.0,0.0,19.5,0.0,1.5999999999999996,0,18,0.45,57.0,19,3,0,-3,0
2023,19,Mexico City,ALO,Aston Martin,11.333333333333334,11.6,6.0,222.0,4.0,428.0,0.15853658536585366,0.8333333333333334,10.0,10.8,175.0,4.0,254.0,0.06521739130434782,0.9444444444444444,0.5555555555555556,10.333333333333334,9.6,6.666666666666667,1.2,-2.9444444444444438,-2.5310457516339877,0.8823529411764706,19.0,19.0,0.0,9.0,1.0,1.0,8.2,14.5,0.0,0.0,17.5,0.0,2.9000000000000004,0,18,0.45,57.0,19,3,0,-3,0
2023,19,Mexico City,BOT,Alfa Romeo,11.333333333333334,11.0,2.0,16.0,8.0,634.0,0.4268292682926829,0.5277777777777778,13.333333333333334,13.4,10.0,14.0,419.0,0.3695652173913043,0.5555555555555556,0.0,12.666666666666666,13.6,14.0,-0.2,-0.8333333333333321,-0.16666666666666607,0.6666666666666666,10.0,10.0,0.0,6.0,0.0,1.0,-3.4000000000000004,11.5,0.0,0.0,9.0,0.0,0.5,0,18,0.45,57.0,19,3,0,-3,0
2023,19,Mexico City,GAS,Alpine,10.333333333333334,10.4,14.0,90.0,6.0,560.0,0.2804878048780488,0.6944444444444444,9.333333333333334,9.8,48.0,10.0,381.0,0.15217391304347827,0.8333333333333334,0.05555555555555555,8.666666666666666,11.0,11.333333333333334,-1.2,0.4166666666666661,-0.8888888888888893,0.5555555555555556,11.0,11.0,0.0,14.0,0.0,1.0,1.1999999999999993,13.5,0.0,0.0,9.5,0.5,3.0999999999999996,0,18,0.45,57.0,19,3,0,-3,0
2023,19,Mexico City,HAM,Mercedes,9.333333333333334,10.8,22.0,316.0,2.0,334.0,0.13414634146341464,0.8611111111111112,14.333333333333334,10.4,186.0,3.0,243.0,0.10869565217391304,0.8888888888888888,0.6111111111111112,4.333333333333333,5.2,5.944444444444445,5.2,-0.3888888888888893,-1.0,0.6666666666666666,2.0,2.0,1.0,3.0,0.0,1.0,-8.4,3.0,0.0,0.5,2.5,0.0,-7.800000000000001,0,18,0.45,57.0,19,3,0,-3,0
2023,19,Mexico City,HUL,Haas F1 Team,13.0,14.0,0.0,9.0,10.0,641.0,0.5487804878048781,0.3888888888888889,13.666666666666666,14.2,6.0,16.0,423.0,0.45652173913043476,0.4444444444444444,0.0,16.333333333333332,14.2,12.38888888888889,0.0,-1.4444444444444446,-0.33333333333333215,0.5555555555555556,9.761437908496731,8.705882352941176,0.0,9.676470588235293,0.2124183006535948,0.0,-4.438562091503268,16.5,0.0,0.0,15.5,0.0,2.5,0,18,0.45,57.0,19,3,0,-3,0
2023,19,Mexico City,LEC,Ferrari,14.333333333333334,10.8,15.0,284.0,3.0,366.0,0.15853658536585366,0.8333333333333334,9.666666666666666,7.4,134.0,7.0,295.0,0.1956521739130435,0.7777777777777778,0.4444444444444444,3.3333333333333335,3.2,5.111111111111111,4.2,0.05555555555555536,0.6388888888888893,0.5,6.0,6.0,0.0,7.0,0.0,1.0,-1.4000000000000004,5.5,0.0,0.0,6.0,0.0,-5.300000000000001,0,18,0.45,57.0,19,3,0,-3,0
2023,19,Mexico City,MAG,Haas F1 Team,12.666666666666666,13.6,0.0,9.0,10.0,641.0,0.5357142857142857,0.40540540540540543,14.333333333333334,14.2,3.0,18.0,426.0,0.5434782608695652,0.3333333333333333,0.0,16.0,14.6,15.277777777777779,-0.4,1.4444444444444446,0.3333333333333339,0.4444444444444444,17.0,17.0,0.0,15.0,0.0,1.0,2.8000000000000007,15.333333333333334,0.0,0.0,14.333333333333334,0.0,1.7333333333333343,0,18,0.45,57.0,19,3,0,-3,0
2023,19,Mexico City,NOR,McLaren,7.0,5.4,36.0,213.0,5.0,437.0,0.25609756097560976,0.7222222222222222,2.3333333333333335,3.4,145.0,6.0,284.0,0.15217391304347827,0.8333333333333334,0.3888888888888889,5.0,5.6,7.333333333333333,-2.2,-1.2777777777777777,-1.6111111111111107,0.7777777777777778,9.0,9.0,0.0,8.0,0.0,1.0,5.6,8.0,0.0,0.0,9.5,0.0,2.5999999999999996,0,18,0.45,57.0,19,3,0,-3,0
2023,19,Mexico City,OCO,Alpine,11.666666666666666,10.8,8.0,90.0,6.0,560.0,0.27380952380952384,0.7027027027027027,11.333333333333334,14.2,42.0,12.0,387.0,0.3695652173913043,0.5555555555555556,0.05555555555555555,10.0,11.2,10.5,3.0,-0.41666666666666785,0.8888888888888893,0.4444444444444444,8.0,8.0,0.0,10.0,0.0,1.0,-6.199999999999999,12.666666666666666,0.0,0.0,10.0,0.3333333333333333,1.8666666666666654,0,18,0.45,57.0,19,3,0,-3,0
2023,19,Mexico City,PER,Red Bull Racing,2.0,3.4,63.0,650.0,1.0,0.0,0.06097560975609756,0.9444444444444444,11.0,8.6,221.0,2.0,208.0,0.10869565217391304,0.8888888888888888,0.6666666666666666,9.0,9.0,9.11111111111111,-0.4,2.9444444444444446,2.055555555555556,0.1111111111111111,3.0,3.0,1.0,4.0,0.0,1.0,-5.6,2.0,1.0,1.0,2.5,0.0,-1.4,0,18,0.45,57.0,19,3,0,-3,0
2023,19,Mexico City,PIA,McLaren,8.0,5.8,28.0,223.0,5.0,427.0,0.25,0.7297297297297297,7.333333333333333,8.2,68.0,9.0,361.0,0.32608695652173914,0.6111111111111112,0.2222222222222222,6.0,8.4,9.88888888888889,-0.2,1.2777777777777786,1.6111111111111107,0.2222222222222222,9.761437908496731,8.705882352941176,0.0,9.676470588235293,0.2124183006535948,0.0,1.5614379084967318,7.0,0.0,0.0,12.666666666666666,0.0,1.2000000000000002,0,18,0.45,57.0,19,3,0,-3,0
2023,19,Mexico City,RIC,AlphaTauri,12.666666666666666,13.4,5.0,10.0,9.0,640.0,0.45121951219512196,0.5,14.666666666666666,14.6,0.0,20.0,429.0,0.3125,0.3333333333333333,0.0,15.666666666666666,14.2,15.666666666666666,0.4,1.2222222222222232,0.5833333333333339,0.3333333333333333,7.0,7.0,0.0,11.0,0.0,1.0,-7.6,15.5,0.0,0.0,13.5,0.5,2.0999999999999996,0,18,0.45,57.0,19,3,0,-3,0
2023,19,Mexico City,RUS,Mercedes,8.666666666666666,9.8,29.0,335.0,2.0,315.0,0.13095238095238096,0.8648648648648649,5.333333333333333,7.4,130.0,8.0,299.0,0.15217391304347827,0.8333333333333334,0.4444444444444444,5.0,4.2,6.722222222222222,3.2,0.3888888888888884,1.0,0.3333333333333333,4.0,4.0,0.0,2.0,0.0,1.0,-3.4000000000000004,2.6666666666666665,0.0,0.6666666666666666,3.6666666666666665,0.0,-7.133333333333335,0,18,0.45,57.0,19,3,0,-3,0
2023,19,Mexico City,SAI,Ferrari,8.666666666666666,10.2,30.0,299.0,3.0,351.0,0.15476190476190477,0.8378378378378378,9.666666666666666,6.6,150.0,5.0,279.0,0.10869565217391304,0.8888888888888888,0.5,7.333333333333333,4.8,5.0,1.8,-0.05555555555555536,-0.6388888888888884,0.5,5.0,5.0,0.0,5.0,0.0,1.0,-1.5999999999999996,4.666666666666667,0.0,0.3333333333333333,4.333333333333333,0.0,-5.533333333333332,0,18,0.45,57.0,19,3,0,-3,0
2023,19,Mexico City,SAR,Williams,9.333333333333334,11.8,5.0,26.0,7.0,624.0,0.4166666666666667,0.5405405405405406,15.0,14.4,1.0,19.0,428.0,0.5,0.3888888888888889,0.0,18.666666666666668,17.8,17.38888888888889,-3.4,2.4722222222222214,1.9444444444444464,0.1111111111111111,9.761437908496731,8.705882352941176,0.0,9.676470588235293,0.2124183006535948,0.0,-4.638562091503269,13.0,0.0,0.0,17.666666666666668,0.0,1.1999999999999993,0,18,0.45,57.0,19,3,0,-3,0
2023,19,Mexico City,STR,Aston Martin,13.666666666666666,11.6,6.0,222.0,4.0,428.0,0.17857142857142858,0.8108108108108109,12.0,13.0,47.0,11.0,382.0,0.2391304347826087,0.7222222222222222,0.05555555555555555,17.666666666666668,18.6,12.555555555555555,-5.25,2.9444444444444446,2.531045751633986,0.11764705882352941,15.0,15.0,0.0,18.0,0.0,1.0,2.0,15.666666666666666,0.0,0.0,16.0,0.3333333333333333,4.066666666666666,0,18,0.45,57.0,19,3,0,-3,0
2023,19,Mexico City,TSU,AlphaTauri,10.0,12.4,11.0,16.0,9.0,634.0,0.44047619047619047,0.5135135135135135,11.666666666666666,14.8,8.0,15.0,421.0,0.32608695652173914,0.6111111111111112,0.0,10.333333333333334,11.4,13.222222222222221,3.4,-1.2222222222222214,-0.5833333333333321,0.6111111111111112,20.0,20.0,0.0,13.0,1.0,1.0,5.199999999999999,12.666666666666666,0.0,0.0,10.333333333333334,0.3333333333333333,0.2666666666666657,0,18,0.45,57.0,19,3,0,-3,0
2023,19,Mexico City,VER,Red Bull Racing,8.333333333333334,7.2,37.0,650.0,1.0,0.0,0.08333333333333333,0.918918918918919,1.0,1.8,429.0,1.0,0.0,0.021739130434782608,1.0,1.0,2.6666666666666665,4.2,3.2222222222222223,-2.4,-2.9444444444444438,-2.0555555555555554,0.8888888888888888,1.0,1.0,1.0,1.0,0.0,1.0,-0.8,8.0,1.0,0.6666666666666666,3.3333333333333335,0.3333333333333333,0.7999999999999998,0,18,0.45,57.0,19,3,0,-3,1
2023,19,Mexico City,ZHO,Alfa Romeo,13.333333333333334,11.4,0.0,16.0,8.0,634.0,0.4166666666666667,0.5405405405405406,11.666666666666666,12.2,6.0,16.0,423.0,0.41304347826086957,0.5,0.0,17.0,17.2,15.666666666666666,-5.0,0.8333333333333339,0.16666666666666607,0.3333333333333333,13.0,13.0,0.0,12.0,0.0,1.0,0.8000000000000007,12.666666666666666,0.0,0.0,9.0,0.0,1.2666666666666657,0,18,0.45,57.0,19,3,0,-3,0
2023,20,São Paulo,ALB,Williams,11.666666666666666,12.4,3.0,26.0,7.0,649.0,0.43023255813953487,0.5263157894736842,10.333333333333334,11.6,25.0,13.0,429.0,0.2708333333333333,0.6842105263157895,0.0,15.333333333333334,14.6,12.526315789473685,-3.0,-2.5,-2.026315789473685,0.8947368421052632,15.0,15.0,0.0,11.0,0.0,1.0,3.4000000000000004,15.5,0.0,0.0,13.5,0.0,3.0999999999999996,0,18,0.45,57.0,20,2,0,-3,0
2023,20,São Paulo,ALO,Aston Martin,14.0,13.8,6.0,222.0,5.0,453.0,0.19767441860465115,0.7894736842105263,13.333333333333334,12.6,175.0,4.0,279.0,0.10416666666666667,0.8947368421052632,0.5263157894736842,11.333333333333334,10.2,7.0,2.4,-2.9210526315789487,-2.3801169590643276,0.8333333333333334,5.0,5.0,0.0,7.0,0.0,1.0,-7.6,10.5,0.0,0.0,14.0,0.0,-3.3000000000000007,0,18,0.45,57.0,20,2,0,-3,0
2023,20,São Paulo,BOT,Alfa Romeo,14.0,12.6,0.0,16.0,8.0,659.0,0.4069767441860465,0.5526315789473685,11.666666666666666,14.4,10.0,14.0,444.0,0.3541666666666667,0.5789473684210527,0.0,10.333333333333334,12.6,13.736842105263158,1.8,-0.8157894736842106,-0.13157894736842124,0.631578947368421,9.0,9.0,0.0,18.0,0.0,1.0,-5.4,10.5,0.0,0.0,17.5,0.0,-2.0999999999999996,0,18,0.45,57.0,20,2,0,-3,0
2023,20,São Paulo,GAS,Alpine,13.0,10.4,1.0,91.0,6.0,584.0,0.26744186046511625,0.7105263157894737,9.666666666666666,9.0,48.0,10.0,406.0,0.14583333333333334,0.8421052631578947,0.05263157894736842,8.333333333333334,9.8,11.31578947368421,-0.8,0.2631578947368425,-0.8157894736842106,0.5263157894736842,14.0,14.0,0.0,12.0,0.0,1.0,5.0,6.5,0.0,0.0,6.5,0.0,-3.9000000000000004,0,18,0.45,57.0,20,2,0,-3,0
2023,20,São Paulo,HAM,Mercedes,4.333333333333333,7.2,37.0,343.0,2.0,332.0,0.12790697674418605,0.868421052631579,13.333333333333334,9.6,205.0,3.0,249.0,0.10416666666666667,0.8947368421052632,0.631578947368421,4.0,4.8,5.947368421052632,4.8,-0.4210526315789469,-1.052631578947369,0.6842105263157895,2.0,2.0,1.0,8.0,0.0,1.0,-7.6,1.5,1.0,1.0,5.5,0.0,-5.7,0,18,0.45,57.0,20,2,0,-3,0
2023,20,São Paulo,HUL,Haas F1 Team,15.333333333333334,14.2,0.0,9.0,10.0,666.0,0.5465116279069767,0.39473684210526316,13.333333333333334,13.4,6.0,16.0,448.0,0.4375,0.47368421052631576,0.0,14.333333333333334,14.0,12.368421052631579,-0.6,-1.5,-0.4736842105263168,0.5789473684210527,9.83986928104575,7.588235294117647,0.0,9.532679738562091,0.2679738562091503,0.0,-3.56013071895425,16.0,0.0,0.0,10.5,0.5,1.8000000000000007,0,18,0.45,57.0,20,2,0,-3,0
2023,20,São Paulo,LEC,Ferrari,3.3333333333333335,10.0,42.0,311.0,3.0,364.0,0.1511627906976744,0.8421052631578947,9.333333333333334,7.2,149.0,7.0,305.0,0.1875,0.7894736842105263,0.47368421052631576,2.3333333333333335,2.8,4.894736842105263,4.4,0.02631578947368407,0.5789473684210531,0.5263157894736842,4.0,4.0,0.0,10.0,0.0,1.0,-3.2,3.5,0.0,0.5,7.5,0.0,-6.5,0,18,0.45,57.0,20,2,0,-3,0
2023,20,São Paulo,MAG,Haas F1 Team,14.666666666666666,13.8,0.0,9.0,10.0,666.0,0.5568181818181818,0.38461538461538464,15.666666666666666,14.4,3.0,19.0,451.0,0.5625,0.3157894736842105,0.0,16.666666666666668,14.2,15.368421052631579,0.2,1.5,0.47368421052631504,0.42105263157894735,19.0,19.0,0.0,1.0,1.0,1.0,4.6,14.666666666666666,0.0,0.0,10.666666666666666,0.6666666666666666,0.8666666666666654,0,18,0.45,57.0,20,2,0,-3,0
2023,20,São Paulo,NOR,McLaren,10.0,6.8,14.0,227.0,4.0,448.0,0.2441860465116279,0.7368421052631579,3.3333333333333335,2.8,155.0,6.0,299.0,0.14583333333333334,0.8421052631578947,0.42105263157894735,10.333333333333334,7.6,7.947368421052632,-4.8,-0.8947368421052619,-1.6052631578947372,0.7894736842105263,18.0,18.0,0.0,4.0,1.0,1.0,15.2,19.0,0.0,0.0,9.0,1.0,12.2,0,18,0.45,57.0,20,2,0,-3,0
2023,20,São Paulo,OCO,Alpine,9.333333333333334,10.4,7.0,97.0,6.0,578.0,0.26136363636363635,0.717948717948718,11.666666666666666,12.4,43.0,12.0,411.0,0.3541666666666667,0.5789473684210527,0.05263157894736842,10.666666666666666,10.8,10.789473684210526,1.6,-0.2631578947368425,0.8157894736842106,0.47368421052631576,8.0,8.0,0.0,6.0,0.0,1.0,-4.4,6.666666666666667,0.0,0.0,8.666666666666666,0.0,-3.7333333333333334,0,18,0.45,57.0,20,2,0,-3,0
2023,20,São Paulo,PER,Red Bull Racing,7.333333333333333,5.4,50.0,675.0,1.0,0.0,0.08139534883720931,0.9210526315789473,11.333333333333334,12.2,221.0,2.0,233.0,0.14583333333333334,0.8421052631578947,0.631578947368421,9.0,9.0,8.894736842105264,3.2,2.8421052631578947,2.4473684210526314,0.10526315789473684,7.0,7.0,0.0,9.0,0.0,1.0,-5.199999999999999,6.5,0.0,0.0,5.5,0.0,1.0999999999999996,0,18,0.45,57.0,20,2,0,-3,0
2023,20,São Paulo,PIA,McLaren,5.0,6.8,33.0,246.0,4.0,429.0,0.23863636363636365,0.7435897435897436,9.0,7.4,72.0,9.0,382.0,0.3125,0.631578947368421,0.21052631578947367,7.666666666666667,8.4,9.736842105263158,-1.0,0.8947368421052637,1.6052631578947363,0.21052631578947367,9.83986928104575,7.588235294117647,0.0,9.532679738562091,0.2679738562091503,0.0,2.43986928104575,13.333333333333334,0.0,0.3333333333333333,8.333333333333334,0.6666666666666666,6.533333333333334,0,18,0.45,57.0,20,2,0,-3,0
2023,20,São Paulo,RIC,AlphaTauri,9.0,11.4,11.0,16.0,8.0,659.0,0.43023255813953487,0.5263157894736842,12.666666666666666,12.0,6.0,16.0,448.0,0.2777777777777778,0.5,0.0,12.666666666666666,12.2,12.75,-0.2,-0.2828947368421062,-0.33552631578947256,0.5,20.0,20.0,0.0,14.0,1.0,1.0,8.0,15.5,0.0,0.0,15.5,0.0,4.1,0,18,0.45,57.0,20,2,0,-3,0
2023,20,São Paulo,RUS,Mercedes,5.333333333333333,8.0,31.0,347.0,2.0,328.0,0.125,0.8717948717948718,5.0,7.6,138.0,8.0,316.0,0.14583333333333334,0.8421052631578947,0.42105263157894735,5.0,5.0,6.7894736842105265,2.6,0.4210526315789478,1.0526315789473681,0.3157894736842105,1.0,1.0,1.0,3.0,0.0,1.0,-6.6,3.6666666666666665,1.0,0.6666666666666666,5.333333333333333,0.0,-4.333333333333334,0,18,0.45,57.0,20,2,0,-3,0
2023,20,São Paulo,SAI,Ferrari,9.0,10.0,27.0,311.0,3.0,364.0,0.17045454545454544,0.8205128205128205,9.0,6.8,162.0,5.0,292.0,0.10416666666666667,0.8947368421052632,0.5263157894736842,6.0,5.0,4.842105263157895,1.8,-0.02631578947368407,-0.5789473684210522,0.47368421052631576,3.0,3.0,1.0,5.0,0.0,1.0,-3.8,9.0,0.0,0.3333333333333333,5.666666666666667,0.3333333333333333,-1.0,0,18,0.45,57.0,20,2,0,-3,0
2023,20,São Paulo,SAR,Williams,14.666666666666666,12.6,2.0,26.0,7.0,649.0,0.4431818181818182,0.5128205128205128,14.666666666666666,15.0,1.0,20.0,453.0,0.5208333333333334,0.3684210526315789,0.0,18.666666666666668,18.8,17.526315789473685,-3.8,2.5,2.026315789473685,0.10526315789473684,9.83986928104575,7.588235294117647,0.0,9.532679738562091,0.2679738562091503,0.0,-5.16013071895425,16.666666666666668,0.0,0.0,14.0,0.3333333333333333,4.066666666666668,0,18,0.45,57.0,20,2,0,-3,0
2023,20,São Paulo,STR,Aston Martin,12.666666666666666,12.2,15.0,237.0,5.0,438.0,0.19318181818181818,0.7948717948717948,11.666666666666666,13.25,47.0,11.0,407.0,0.2708333333333333,0.6842105263157895,0.05263157894736842,18.0,18.2,12.842105263157896,-4.5,2.921052631578947,2.3801169590643276,0.16666666666666666,10.0,10.0,0.0,15.0,0.0,1.0,-3.25,8.0,0.0,0.3333333333333333,10.666666666666666,0.0,-4.199999999999999,0,18,0.45,57.0,20,2,0,-3,0
2023,20,São Paulo,TSU,AlphaTauri,10.666666666666666,11.0,6.0,16.0,8.0,659.0,0.4431818181818182,0.5128205128205128,11.666666666666666,13.2,8.0,15.0,446.0,0.3125,0.631578947368421,0.0,12.333333333333334,12.2,13.31578947368421,1.0,0.2828947368421044,0.33552631578947434,0.5789473684210527,17.0,17.0,0.0,19.0,0.0,1.0,3.8000000000000007,14.666666666666666,0.0,0.0,16.0,0.3333333333333333,3.666666666666666,0,18,0.45,57.0,20,2,0,-3,0
2023,20,São Paulo,VER,Red Bull Racing,8.333333333333334,6.0,37.0,687.0,1.0,-12.0,0.07954545454545454,0.9230769230769231,1.0,1.8,454.0,1.0,0.0,0.020833333333333332,1.0,1.0,3.3333333333333335,4.4,3.210526315789474,-2.6,-2.842105263157895,-2.4473684210526314,0.8947368421052632,6.0,6.0,0.0,2.0,0.0,1.0,4.2,5.666666666666667,0.0,0.0,6.666666666666667,0.0,-0.33333333333333304,0,18,0.45,57.0,20,2,0,-3,1
2023,20,São Paulo,ZHO,Alfa Romeo,15.0,14.0,0.0,16.0,8.0,659.0,0.42045454545454547,0.5384615384615384,12.0,12.2,6.0,16.0,448.0,0.3958333333333333,0.5263157894736842,0.0,14.0,16.0,15.368421052631579,-3.8,0.8157894736842106,0.13157894736842124,0.3684210526315789,12.0,12.0,0.0,17.0,0.0,1.0,-0.1999999999999993,12.333333333333334,0.0,0.0,17.666666666666668,0.3333333333333333,-1.666666666666666,0,18,0.45,57.0,20,2,0,-3,0
2023,21,Las Vegas,ALB,Williams,15.333333333333334,13.0,0.0,26.0,7.0,686.0,0.45555555555555555,0.5,12.333333333333334,13.2,25.0,13.0,454.0,0.3,0.65,0.0,15.666666666666666,14.8,12.65,-1.6,-2.4749999999999996,-1.7249999999999996,0.85,9.985294117647058,8.529411764705882,0.0,10.235294117647058,0.17647058823529413,0.0,-3.2147058823529413,10.37517730496454,0.0,0.16453900709219857,10.267021276595745,0.19893617021276594,-2.6248226950354603,1,18,0.55,57.0,21,1,0,-3,0
2023,21,Las Vegas,ALO,Aston Martin,8.333333333333334,10.0,25.0,247.0,4.0,465.0,0.18888888888888888,0.8,12.333333333333334,10.2,190.0,4.0,289.0,0.1,0.9,0.55,11.333333333333334,9.6,6.85,0.6,-2.75,-2.302631578947368,0.8421052631578947,9.985294117647058,8.529411764705882,0.0,10.235294117647058,0.17647058823529413,0.0,-0.2147058823529413,10.37517730496454,0.0,0.16453900709219857,10.267021276595745,0.19893617021276594,0.3751773049645397,1,18,0.55,57.0,21,1,0,-3,0
2023,21,Las Vegas,BOT,Alfa Romeo,15.666666666666666,15.0,0.0,16.0,9.0,696.0,0.43333333333333335,0.525,14.333333333333334,14.2,10.0,14.0,469.0,0.38,0.55,0.0,13.333333333333334,13.0,13.95,1.2,-0.8249999999999993,-0.14999999999999858,0.65,9.985294117647058,8.529411764705882,0.0,10.235294117647058,0.17647058823529413,0.0,-4.214705882352941,10.37517730496454,0.0,0.16453900709219857,10.267021276595745,0.19893617021276594,-4.62482269503546,1,18,0.55,57.0,21,1,0,-3,0
2023,21,Las Vegas,GAS,Alpine,9.0,11.2,8.0,98.0,6.0,614.0,0.2777777777777778,0.7,8.0,9.2,54.0,11.0,425.0,0.14,0.85,0.05,10.333333333333334,10.0,11.4,-0.8,0.27500000000000036,-0.8499999999999996,0.55,9.985294117647058,8.529411764705882,0.0,10.235294117647058,0.17647058823529413,0.0,0.7852941176470587,10.37517730496454,0.0,0.16453900709219857,10.267021276595745,0.19893617021276594,-0.8248226950354596,1,18,0.55,57.0,21,1,0,-3,0
2023,21,Las Vegas,HAM,Mercedes,9.666666666666666,7.2,12.0,347.0,2.0,365.0,0.14444444444444443,0.85,9.666666666666666,10.6,209.0,3.0,270.0,0.1,0.9,0.6,4.666666666666667,4.8,5.9,5.8,-0.4249999999999998,-1.1749999999999998,0.7,9.985294117647058,8.529411764705882,0.0,10.235294117647058,0.17647058823529413,0.0,-0.6147058823529417,10.37517730496454,0.0,0.16453900709219857,10.267021276595745,0.19893617021276594,3.1751773049645395,1,18,0.55,57.0,21,1,0,-3,0
2023,21,Las Vegas,HUL,Haas F1 Team,16.333333333333332,15.2,0.0,9.0,10.0,703.0,0.5666666666666667,0.375,12.0,13.2,6.0,16.0,473.0,0.46,0.45,0.0,13.0,14.4,12.3,-1.2,-1.5,-0.5999999999999996,0.6,9.985294117647058,8.529411764705882,0.0,10.235294117647058,0.17647058823529413,0.0,-3.2147058823529413,10.37517730496454,0.0,0.16453900709219857,10.267021276595745,0.19893617021276594,-4.82482269503546,1,18,0.55,57.0,21,1,0,-3,0
2023,21,Las Vegas,LEC,Ferrari,10.0,7.2,20.0,319.0,3.0,393.0,0.16666666666666666,0.825,14.333333333333334,10.4,149.0,7.0,330.0,0.22,0.75,0.45,1.3333333333333333,2.6,4.75,7.8,-0.125,0.9000000000000004,0.5,9.985294117647058,8.529411764705882,0.0,10.235294117647058,0.17647058823529413,0.0,-0.41470588235294237,10.37517730496454,0.0,0.16453900709219857,10.267021276595745,0.19893617021276594,3.1751773049645395,1,18,0.55,57.0,21,1,0,-3,0
2023,21,Las Vegas,MAG,Haas F1 Team,16.333333333333332,16.2,0.0,9.0,10.0,703.0,0.5760869565217391,0.36585365853658536,17.0,16.0,3.0,19.0,476.0,0.58,0.3,0.0,15.0,15.8,15.3,0.2,1.5,0.5999999999999996,0.4,9.985294117647058,8.529411764705882,0.0,10.235294117647058,0.17647058823529413,0.0,-6.014705882352942,19.0,0.0,0.0,13.0,1.0,2.8000000000000007,1,18,0.55,57.0,21,1,0,-3,0
2023,21,Las Vegas,NOR,McLaren,8.0,9.2,23.0,246.0,5.0,466.0,0.25555555555555554,0.725,3.0,2.8,174.0,5.0,305.0,0.14,0.85,0.45,9.333333333333334,8.2,7.9,-5.4,-0.9249999999999989,-1.8250000000000002,0.8,9.985294117647058,8.529411764705882,0.0,10.235294117647058,0.17647058823529413,0.0,7.185294117647058,10.37517730496454,0.0,0.16453900709219857,10.267021276595745,0.19893617021276594,1.1751773049645404,1,18,0.55,57.0,21,1,0,-3,0
2023,21,Las Vegas,OCO,Alpine,9.333333333333334,9.8,7.0,98.0,6.0,614.0,0.2717391304347826,0.7073170731707317,12.666666666666666,10.8,44.0,12.0,435.0,0.38,0.55,0.05,12.0,11.6,10.85,-0.8,-0.27500000000000036,0.8499999999999996,0.45,9.985294117647058,8.529411764705882,0.0,10.235294117647058,0.17647058823529413,0.0,-0.8147058823529427,11.0,0.0,0.0,5.0,0.0,1.1999999999999993,1,18,0.55,57.0,21,1,0,-3,0
2023,21,Las Vegas,PER,Red Bull Racing,2.0,5.4,62.0,712.0,1.0,0.0,0.07777777777777778,0.925,9.333333333333334,11.4,233.0,2.0,246.0,0.14,0.85,0.65,7.666666666666667,8.2,8.9,3.2,2.9000000000000004,2.4,0.1,9.985294117647058,8.529411764705882,0.0,10.235294117647058,0.17647058823529413,0.0,-1.4147058823529424,10.37517730496454,0.0,0.16453900709219857,10.267021276595745,0.19893617021276594,4.975177304964539,1,18,0.55,57.0,21,1,0,-3,0
2023,21,Las Vegas,PIA,McLaren,12.0,9.8,19.0,246.0,5.0,466.0,0.2717391304347826,0.7073170731707317,13.0,8.8,72.0,9.0,407.0,0.34,0.6,0.2,9.0,7.0,9.75,1.8,0.9250000000000007,1.8249999999999993,0.2,9.985294117647058,8.529411764705882,0.0,10.235294117647058,0.17647058823529413,0.0,1.1852941176470573,20.0,0.0,0.0,16.0,1.0,10.2,1,18,0.55,57.0,21,1,0,-3,0
2023,21,Las Vegas,RIC,AlphaTauri,11.333333333333334,9.8,2.0,18.0,8.0,694.0,0.43333333333333335,0.525,11.666666666666666,12.8,6.0,16.0,473.0,0.35,0.4,0.0,12.0,13.6,13.6,-0.8,0.07500000000000107,-0.1999999999999993,0.4,9.985294117647058,8.529411764705882,0.0,10.235294117647058,0.17647058823529413,0.0,-2.8147058823529427,10.37517730496454,0.0,0.16453900709219857,10.267021276595745,0.19893617021276594,0.575177304964539,1,18,0.55,57.0,21,1,0,-3,0
2023,21,Las Vegas,RUS,Mercedes,10.0,7.6,10.0,353.0,2.0,359.0,0.14130434782608695,0.8536585365853658,8.666666666666666,7.4,138.0,8.0,341.0,0.18,0.8,0.4,6.333333333333333,5.8,6.75,1.6,0.4249999999999998,1.1749999999999998,0.3,9.985294117647058,8.529411764705882,0.0,10.235294117647058,0.17647058823529413,0.0,2.5852941176470576,7.0,0.0,0.0,11.0,0.0,-0.5999999999999996,1,18,0.55,57.0,21,1,0,-3,0
2023,21,Las Vegas,SAI,Ferrari,9.333333333333334,7.0,26.0,337.0,3.0,375.0,0.16304347826086957,0.8292682926829268,4.333333333333333,7.8,170.0,6.0,309.0,0.1,0.9,0.5,4.666666666666667,6.4,5.0,1.4,0.125,-0.8999999999999995,0.5,9.985294117647058,8.529411764705882,0.0,10.235294117647058,0.17647058823529413,0.0,2.185294117647058,2.0,0.0,1.0,1.0,0.0,-5.0,1,18,0.55,57.0,21,1,0,-3,0
2023,21,Las Vegas,SAR,Williams,14.0,13.4,0.0,26.0,7.0,686.0,0.44565217391304346,0.5121951219512195,12.333333333333334,14.4,1.0,20.0,478.0,0.54,0.35,0.0,19.666666666666668,19.0,17.6,-4.6,2.4750000000000014,1.7250000000000014,0.15,9.985294117647058,8.529411764705882,0.0,10.235294117647058,0.17647058823529413,0.0,-4.414705882352942,12.0,0.0,0.0,6.0,0.0,-1.4000000000000004,1,18,0.55,57.0,21,1,0,-3,0
2023,21,Las Vegas,STR,Aston Martin,5.666666666666667,10.4,27.0,249.0,4.0,463.0,0.18478260869565216,0.8048780487804879,9.666666666666666,11.6,57.0,10.0,422.0,0.26,0.7,0.1,13.333333333333334,14.8,12.35,-3.2,2.75,2.302631578947368,0.15789473684210525,9.985294117647058,8.529411764705882,0.0,10.235294117647058,0.17647058823529413,0.0,-1.6147058823529417,9.0,0.0,0.0,10.0,0.0,-1.4000000000000004,1,18,0.55,57.0,21,1,0,-3,0
2023,21,Las Vegas,TSU,AlphaTauri,12.0,11.0,2.0,18.0,8.0,694.0,0.42391304347826086,0.5365853658536586,9.666666666666666,11.2,10.0,14.0,469.0,0.3,0.65,0.0,14.0,12.4,13.45,-1.2,-0.07499999999999929,0.1999999999999993,0.6,9.985294117647058,8.529411764705882,0.0,10.235294117647058,0.17647058823529413,0.0,-1.2147058823529413,14.0,0.0,0.0,15.0,0.0,3.0,1,18,0.55,57.0,21,1,0,-3,0
2023,21,Las Vegas,VER,Red Bull Racing,2.6666666666666665,5.8,52.0,727.0,1.0,-15.0,0.07608695652173914,0.926829268292683,1.0,1.0,479.0,1.0,0.0,0.02,1.0,1.0,3.3333333333333335,2.4,3.1,-1.4,-2.9,-2.3999999999999995,0.9,9.985294117647058,8.529411764705882,0.0,10.235294117647058,0.17647058823529413,0.0,8.985294117647058,3.0,0.0,1.0,12.0,0.0,-2.8,1,18,0.55,57.0,21,1,0,-3,1
2023,21,Las Vegas,ZHO,Alfa Romeo,16.666666666666668,15.8,0.0,16.0,9.0,696.0,0.42391304347826086,0.5365853658536586,14.666666666666666,13.2,6.0,16.0,473.0,0.42,0.5,0.0,14.0,16.2,15.6,-3.0,0.8250000000000011,0.15000000000000036,0.35,9.985294117647058,8.529411764705882,0.0,10.235294117647058,0.17647058823529413,0.0,-3.2147058823529413,17.0,0.0,0.0,8.0,0.0,1.1999999999999993,1,18,0.55,57.0,21,1,0,-3,0
2023,22,Yas Island,ALB,Williams,13.0,14.8,0.0,26.0,7.0,726.0,0.43617021276595747,0.5238095238095238,13.333333333333334,12.4,25.0,13.0,479.0,0.28846153846153844,0.6666666666666666,0.0,11.666666666666666,13.4,12.333333333333334,-1.0,-2.3809523809523814,-1.738095238095239,0.8571428571428571,13.0,13.0,0.0,19.0,0.0,1.0,0.5999999999999996,16.0,0.0,0.0,19.5,0.5,1.1999999999999993,0,18,0.45,57.0,22,0,0,-3,0
2023,22,Yas Island,ALO,Aston Martin,6.333333333333333,7.8,22.0,259.0,4.0,493.0,0.18085106382978725,0.8095238095238095,10.0,10.4,192.0,4.0,312.0,0.09615384615384616,0.9047619047619048,0.5238095238095238,9.0,9.6,7.0,0.8,-2.7142857142857153,-2.09047619047619,0.8,20.0,20.0,0.0,11.0,1.0,1.0,9.6,9.0,0.0,0.0,11.5,0.0,1.2000000000000002,0,18,0.45,57.0,22,0,0,-3,0
2023,22,Yas Island,BOT,Alfa Romeo,16.333333333333332,15.8,0.0,16.0,9.0,736.0,0.4148936170212766,0.5476190476190477,16.0,13.6,10.0,14.0,494.0,0.36538461538461536,0.5714285714285714,0.0,11.666666666666666,11.4,13.666666666666666,2.2,-1.0238095238095237,-0.09523809523809668,0.6190476190476191,15.0,15.0,0.0,18.0,0.0,1.0,1.4000000000000004,13.5,0.0,0.0,16.5,0.0,-2.3000000000000007,0,18,0.45,57.0,22,0,0,-3,0
2023,22,Yas Island,GAS,Alpine,8.333333333333334,8.4,13.0,110.0,6.0,642.0,0.26595744680851063,0.7142857142857143,9.666666666666666,9.4,54.0,12.0,450.0,0.1346153846153846,0.8571428571428571,0.047619047619047616,9.666666666666666,8.6,11.095238095238095,0.8,-0.023809523809523725,-0.6428571428571441,0.5238095238095238,14.0,14.0,0.0,17.0,0.0,1.0,4.6,13.5,0.0,0.0,9.5,0.5,5.1,0,18,0.45,57.0,22,0,0,-3,0
2023,22,Yas Island,HAM,Mercedes,10.0,8.8,10.0,357.0,2.0,395.0,0.13829787234042554,0.8571428571428571,5.666666666666667,11.0,215.0,3.0,289.0,0.09615384615384616,0.9047619047619048,0.5714285714285714,7.333333333333333,5.6,6.142857142857143,5.4,-0.23809523809523814,-1.1428571428571432,0.7142857142857143,18.0,18.0,0.0,5.0,1.0,1.0,7.0,11.5,0.0,0.0,5.5,0.5,2.6999999999999993,0,18,0.45,57.0,22,0,0,-3,0
2023,22,Yas Island,HUL,Haas F1 Team,16.666666666666668,16.2,0.0,9.0,10.0,743.0,0.5638297872340425,0.38095238095238093,14.666666666666666,14.2,6.0,16.0,498.0,0.4807692307692308,0.42857142857142855,0.0,12.0,13.4,12.333333333333334,0.8,-1.333333333333334,-0.4285714285714288,0.5714285714285714,9.783333333333333,8.34,0.0,9.523333333333333,0.17,0.0,-4.416666666666666,16.5,0.0,0.0,14.5,0.0,0.3000000000000007,0,18,0.45,57.0,22,0,0,-3,0
2023,22,Yas Island,LEC,Ferrari,4.666666666666667,7.6,34.0,345.0,3.0,407.0,0.1595744680851064,0.8333333333333334,8.333333333333334,10.0,167.0,7.0,337.0,0.21153846153846154,0.7619047619047619,0.47619047619047616,1.3333333333333333,2.0,4.571428571428571,8.0,-0.14285714285714235,0.7619047619047619,0.5238095238095238,2.0,2.0,1.0,3.0,0.0,1.0,-8.0,3.0,0.0,0.5,3.5,0.0,-4.6,0,18,0.45,57.0,22,0,0,-3,0
2023,22,Yas Island,MAG,Haas F1 Team,15.666666666666666,15.4,0.0,9.0,10.0,743.0,0.5520833333333334,0.3953488372093023,16.666666666666668,15.6,3.0,19.0,501.0,0.5576923076923077,0.3333333333333333,0.0,13.333333333333334,14.6,15.0,1.0,1.3333333333333321,0.4285714285714288,0.42857142857142855,17.0,17.0,0.0,16.0,0.0,1.0,1.4000000000000004,16.0,0.0,0.0,12.333333333333334,0.0,0.5999999999999996,0,18,0.45,57.0,22,0,0,-3,0
2023,22,Yas Island,NOR,McLaren,14.666666666666666,10.8,2.0,248.0,5.0,504.0,0.26595744680851063,0.7142857142857143,9.0,6.4,174.0,6.0,330.0,0.17307692307692307,0.8095238095238095,0.42857142857142855,14.0,10.8,8.285714285714286,-4.4,-0.9523809523809508,-1.5,0.7619047619047619,6.0,6.0,0.0,7.0,0.0,1.0,-0.40000000000000036,7.5,0.0,0.0,8.5,0.0,-3.3000000000000007,0,18,0.45,57.0,22,0,0,-3,0
2023,22,Yas Island,OCO,Alpine,9.333333333333334,9.0,12.0,110.0,6.0,642.0,0.2604166666666667,0.7209302325581395,8.0,9.8,56.0,11.0,448.0,0.36538461538461536,0.5714285714285714,0.09523809523809523,15.0,12.2,11.142857142857142,-2.4,0.023809523809523725,0.6428571428571423,0.47619047619047616,7.0,7.0,0.0,8.0,0.0,1.0,-2.8000000000000007,13.333333333333334,0.0,0.0,9.666666666666666,0.3333333333333333,4.333333333333334,0,18,0.45,57.0,22,0,0,-3,0
2023,22,Yas Island,PER,Red Bull Racing,1.6666666666666667,2.0,65.0,752.0,1.0,0.0,0.07446808510638298,0.9285714285714286,9.0,8.2,248.0,2.0,256.0,0.1346153846153846,0.8571428571428571,0.6666666666666666,8.666666666666666,9.6,9.047619047619047,-1.4,2.9761904761904763,2.3333333333333335,0.09523809523809523,3.0,3.0,1.0,2.0,0.0,1.0,-5.199999999999999,2.0,1.0,1.0,1.5,0.0,0.0,0,18,0.45,57.0,22,0,0,-3,0
2023,22,Yas Island,PIA,McLaren,11.666666666666666,10.2,12.0,258.0,5.0,494.0,0.2604166666666667,0.7209302325581395,10.666666666666666,10.2,74.0,9.0,430.0,0.3269230769230769,0.6190476190476191,0.19047619047619047,12.0,10.4,10.19047619047619,-0.2,0.9523809523809526,1.5,0.23809523809523808,9.783333333333333,8.34,0.0,9.523333333333333,0.17,0.0,-0.4166666666666661,6.666666666666667,0.0,0.0,7.333333333333333,0.0,-3.5333333333333323,0,18,0.45,57.0,22,0,0,-3,0
2023,22,Yas Island,RIC,AlphaTauri,13.666666666666666,13.2,2.0,18.0,8.0,734.0,0.43617021276595747,0.5238095238095238,11.333333333333334,13.0,6.0,16.0,498.0,0.3181818181818182,0.5,0.0,12.0,14.0,13.833333333333334,-1.0,0.035714285714286476,-0.2142857142857153,0.5,9.0,9.0,0.0,10.0,0.0,1.0,-4.0,12.5,0.0,0.0,14.5,0.0,-0.6999999999999993,0,18,0.45,57.0,22,0,0,-3,0
2023,22,Yas Island,RUS,Mercedes,8.0,9.4,12.0,359.0,2.0,393.0,0.13541666666666666,0.8604651162790697,9.666666666666666,7.6,142.0,8.0,362.0,0.17307692307692307,0.8095238095238095,0.38095238095238093,6.0,5.0,6.619047619047619,2.6,0.23809523809523725,1.1428571428571432,0.2857142857142857,5.0,5.0,0.0,6.0,0.0,1.0,-2.5999999999999996,10.666666666666666,0.0,0.0,7.333333333333333,0.3333333333333333,1.2666666666666657,0,18,0.45,57.0,22,0,0,-3,0
2023,22,Yas Island,SAI,Ferrari,3.3333333333333335,7.2,44.0,363.0,3.0,389.0,0.15625,0.8372093023255814,5.333333333333333,7.8,178.0,5.0,326.0,0.09615384615384616,0.9047619047619048,0.47619047619047616,4.0,5.6,4.857142857142857,2.2,0.14285714285714324,-0.7619047619047619,0.47619047619047616,4.0,4.0,0.0,4.0,0.0,1.0,-3.8,2.6666666666666665,0.0,0.6666666666666666,3.0,0.0,-4.533333333333333,0,18,0.45,57.0,22,0,0,-3,0
2023,22,Yas Island,SAR,Williams,14.0,14.4,0.0,26.0,7.0,726.0,0.4270833333333333,0.5348837209302325,14.333333333333334,14.2,1.0,20.0,503.0,0.5192307692307693,0.38095238095238093,0.0,15.333333333333334,16.4,17.095238095238095,-2.2,2.3809523809523796,1.7380952380952372,0.14285714285714285,9.783333333333333,8.34,0.0,9.523333333333333,0.17,0.0,-4.416666666666666,15.333333333333334,0.0,0.0,17.666666666666668,0.3333333333333333,0.9333333333333336,0,18,0.45,57.0,22,0,0,-3,0
2023,22,Yas Island,STR,Aston Martin,7.0,5.8,18.0,265.0,4.0,487.0,0.17708333333333334,0.813953488372093,9.0,9.0,67.0,10.0,437.0,0.25,0.7142857142857143,0.14285714285714285,11.666666666666666,14.2,12.428571428571429,-5.2,2.7142857142857135,2.090476190476192,0.2,8.0,8.0,0.0,14.0,0.0,1.0,-1.0,8.333333333333334,0.0,0.0,10.0,0.0,2.533333333333334,0,18,0.45,57.0,22,0,0,-3,0
2023,22,Yas Island,TSU,AlphaTauri,14.333333333333334,13.0,0.0,18.0,8.0,734.0,0.4270833333333333,0.5348837209302325,13.0,12.4,10.0,14.0,494.0,0.3269230769230769,0.6190476190476191,0.0,17.0,14.6,13.761904761904763,-2.2,-0.0357142857142847,0.21428571428571352,0.5714285714285714,11.0,11.0,0.0,12.0,0.0,1.0,-1.4000000000000004,12.0,0.0,0.0,14.666666666666666,0.0,-1.0,0,18,0.45,57.0,22,0,0,-3,0
2023,22,Yas Island,VER,Red Bull Racing,2.6666666666666665,2.6,52.0,764.0,1.0,-12.0,0.07291666666666667,0.9302325581395349,1.0,1.0,504.0,1.0,0.0,0.019230769230769232,1.0,1.0,2.3333333333333335,2.8,3.0952380952380953,-1.8,-2.976190476190476,-2.333333333333333,0.9047619047619048,1.0,1.0,1.0,1.0,0.0,1.0,0.0,2.6666666666666665,1.0,0.6666666666666666,4.0,0.0,0.06666666666666643,0,18,0.45,57.0,22,0,0,-3,1
2023,22,Yas Island,ZHO,Alfa Romeo,17.0,16.8,0.0,16.0,9.0,736.0,0.4270833333333333,0.5348837209302325,15.333333333333334,13.6,6.0,16.0,498.0,0.40384615384615385,0.5238095238095238,0.0,16.0,16.0,15.714285714285714,-2.4,1.0238095238095237,0.0952380952380949,0.38095238095238093,12.0,12.0,0.0,15.0,0.0,1.0,-1.5999999999999996,15.333333333333334,0.0,0.0,17.0,0.3333333333333333,-1.4666666666666668,0,18,0.45,57.0,22,0,0,-3,0
2024,1,Sakhir,ALB,Williams,15.333333333333334,13.8,0.0,0.0,1.0,0.0,0.1,0.9,15.0,12.6,0.0,1.0,0.0,0.1,0.9,0.0,11.666666666666666,13.4,10.0,-0.8,0.0,0.0,0.5,11.5,10.0,0.0,14.5,0.0,2.0,-1.0999999999999996,12.75,0.0,0.0,16.25,0.25,-1.0500000000000007,0,18,0.45,57.0,1,23,1,-2,0
2024,1,Sakhir,ALO,Aston Martin,7.333333333333333,7.2,17.0,0.0,1.0,0.0,0.1,0.9,6.333333333333333,10.6,0.0,1.0,0.0,0.1,0.9,0.0,7.0,10.2,10.0,0.4,0.0,0.0,0.5,6.0,3.0,1.0,6.5,0.0,2.0,-4.6,9.5,0.0,0.25,12.25,0.0,2.3,0,18,0.45,57.0,1,23,1,-2,0
2024,1,Sakhir,BOT,Kick Sauber,10.11111111111111,10.211111111111112,0.0,0.0,1.0,0.0,0.1,0.9,17.333333333333332,15.8,0.0,1.0,0.0,0.1,0.9,0.0,14.666666666666666,13.2,10.0,2.6,0.0,0.0,0.5,7.0,6.0,0.0,9.0,0.0,2.0,-8.8,10.641044776119404,0.0,0.16410803127221038,10.213681592039801,0.2804904051172708,0.4299336650082921,0,18,0.45,57.0,1,23,1,-2,0
2024,1,Sakhir,GAS,Alpine,9.666666666666666,10.0,12.0,0.0,1.0,0.0,0.1,0.9,10.333333333333334,9.6,0.0,1.0,0.0,0.1,0.9,0.0,9.333333333333334,9.2,10.0,0.4,0.0,0.0,0.5,14.5,9.0,0.0,15.0,0.5,2.0,4.9,10.75,0.0,0.0,12.0,0.25,0.75,0,18,0.45,57.0,1,23,1,-2,0
2024,1,Sakhir,HAM,Mercedes,6.666666666666667,8.4,21.0,0.0,1.0,0.0,0.1,0.9,8.0,9.0,0.0,1.0,0.0,0.1,0.9,0.0,9.0,7.2,10.0,1.8,0.0,0.0,0.5,4.0,3.0,1.0,6.0,0.0,2.0,-5.0,4.75,0.0,0.25,6.75,0.0,-3.6500000000000004,0,18,0.45,57.0,1,23,1,-2,0
2024,1,Sakhir,HUL,Haas F1 Team,16.0,17.0,0.0,0.0,1.0,0.0,0.1,0.9,15.333333333333334,14.0,0.0,1.0,0.0,0.1,0.9,0.0,10.666666666666666,12.0,10.0,2.0,0.0,0.0,0.5,16.0,15.0,0.0,13.5,0.5,2.0,2.0,11.0,0.0,0.0,11.5,0.5,-6.0,0,18,0.45,57.0,1,23,1,-2,0
2024,1,Sakhir,LEC,Ferrari,8.666666666666666,6.8,26.0,0.0,1.0,0.0,0.1,0.9,8.0,9.4,0.0,1.0,0.0,0.1,0.9,0.0,1.6666666666666667,1.4,10.0,8.0,0.0,0.0,0.5,10.0,1.0,1.0,2.0,0.5,2.0,0.5999999999999996,6.5,1.0,0.5,2.75,0.25,-0.2999999999999998,0,18,0.45,57.0,1,23,1,-2,0
2024,1,Sakhir,MAG,Haas F1 Team,17.0,16.6,0.0,0.0,1.0,0.0,0.25,0.0,17.0,16.8,0.0,1.0,0.0,0.1,0.9,0.0,13.333333333333334,14.2,10.0,2.6,0.0,0.0,0.5,9.0,5.0,0.0,12.0,0.5,2.0,-7.800000000000001,12.0,0.0,0.0,11.2,0.6,-4.600000000000001,0,18,0.45,57.0,1,23,1,-2,0
2024,1,Sakhir,NOR,McLaren,7.0,11.0,20.0,0.0,1.0,0.0,0.1,0.9,9.0,6.8,0.0,1.0,0.0,0.1,0.9,0.0,9.333333333333334,9.8,10.0,-3.0,0.0,0.0,0.5,16.0,15.0,0.0,12.0,0.5,2.0,9.2,16.5,0.0,0.0,15.0,0.5,5.5,0,18,0.45,57.0,1,23,1,-2,0
2024,1,Sakhir,OCO,Alpine,14.333333333333334,11.6,0.0,0.0,1.0,0.0,0.25,0.0,8.666666666666666,10.8,0.0,1.0,0.0,0.1,0.9,0.0,13.666666666666666,13.0,10.0,-2.2,0.0,0.0,0.5,12.5,7.0,0.0,10.0,0.5,2.0,1.6999999999999993,12.2,0.0,0.0,13.6,0.4,0.5999999999999996,0,18,0.45,57.0,1,23,1,-2,0
2024,1,Sakhir,PER,Red Bull Racing,2.0,2.0,63.0,0.0,1.0,0.0,0.1,0.9,3.6666666666666665,7.0,0.0,1.0,0.0,0.1,0.9,0.0,10.0,8.8,10.0,-1.8,0.0,0.0,0.5,10.0,2.0,1.0,3.0,0.5,2.0,3.0,10.0,1.0,0.5,2.25,0.5,8.0,0,18,0.45,57.0,1,23,1,-2,0
2024,1,Sakhir,PIA,McLaren,5.666666666666667,9.4,26.0,8.0,1.0,-8.0,0.08333333333333333,1.0,10.0,11.0,0.0,1.0,0.0,0.1,0.9,0.0,10.666666666666666,9.8,10.0,1.2,0.0,0.0,0.5,20.0,20.0,0.0,18.0,1.0,1.0,9.0,14.4,0.0,0.0,13.4,0.4,5.0,0,18,0.45,57.0,1,23,1,-2,0
2024,1,Sakhir,RIC,RB,10.11111111111111,10.211111111111112,0.0,0.0,1.0,0.0,0.1,0.9,12.666666666666666,12.0,0.0,1.0,0.0,0.1,0.9,0.0,15.666666666666666,13.2,10.0,-1.2,0.0,0.0,0.5,14.0,14.0,0.0,18.0,0.0,1.0,2.0,10.641044776119404,0.0,0.16410803127221038,10.213681592039801,0.2804904051172708,0.4299336650082921,0,18,0.45,57.0,1,23,1,-2,0
2024,1,Sakhir,RUS,Mercedes,6.333333333333333,6.8,23.0,6.0,1.0,-6.0,0.08333333333333333,1.0,8.666666666666666,7.4,0.0,1.0,0.0,0.1,0.9,0.0,4.666666666666667,5.4,10.0,2.0,0.0,0.0,0.5,5.5,4.0,0.0,7.5,0.0,2.0,-1.9000000000000004,5.2,0.0,0.2,7.2,0.0,-1.5999999999999996,0,18,0.45,57.0,1,23,1,-2,0
2024,1,Sakhir,SAI,Ferrari,8.0,6.4,30.0,12.0,1.0,-12.0,0.08333333333333333,1.0,10.0,7.4,0.0,1.0,0.0,0.1,0.9,0.0,8.666666666666666,6.4,10.0,1.0,0.0,0.0,0.5,3.0,2.0,1.0,3.5,0.0,2.0,-4.4,6.0,1.0,0.4,2.6,0.2,-0.40000000000000036,0,18,0.45,57.0,1,23,1,-2,0
2024,1,Sakhir,SAR,Williams,15.0,14.6,0.0,0.0,1.0,0.0,0.25,0.0,14.333333333333334,13.8,0.0,1.0,0.0,0.1,0.9,0.0,15.333333333333334,17.2,10.0,-3.4,0.0,0.0,0.5,12.0,12.0,0.0,16.0,1.0,1.0,-1.8000000000000007,13.2,0.0,0.0,15.6,0.4,-1.4000000000000004,0,18,0.45,57.0,1,23,1,-2,0
2024,1,Sakhir,STR,Aston Martin,8.666666666666666,8.0,9.0,2.0,1.0,-2.0,0.08333333333333333,1.0,6.666666666666667,8.8,0.0,1.0,0.0,0.1,0.9,0.0,10.0,13.4,10.0,-4.6,0.0,0.0,0.5,9.0,6.0,0.0,13.5,0.0,2.0,0.1999999999999993,9.4,0.0,0.2,11.0,0.0,1.4000000000000004,0,18,0.45,57.0,1,23,1,-2,0
2024,1,Sakhir,TSU,RB,13.0,13.0,0.0,0.0,1.0,0.0,0.25,0.0,11.666666666666666,11.0,0.0,1.0,0.0,0.1,0.9,0.0,14.0,13.6,10.0,-2.6,0.0,0.0,0.5,9.5,8.0,0.0,15.0,0.0,2.0,-1.5,13.0,0.0,0.0,14.0,1.0,0.0,0,18,0.45,57.0,1,23,1,-2,0
2024,1,Sakhir,VER,Red Bull Racing,2.3333333333333335,2.2,56.0,18.0,1.0,-18.0,0.08333333333333333,1.0,1.0,1.0,0.0,1.0,0.0,0.1,0.9,0.0,1.6666666666666667,2.8,10.0,-1.8,0.0,0.0,0.5,10.0,1.0,1.0,1.5,0.5,2.0,9.0,8.4,1.0,0.6,2.8,0.4,6.2,0,18,0.45,57.0,1,23,1,-2,1
2024,1,Sakhir,ZHO,Kick Sauber,19.0,19.0,0.0,0.0,1.0,0.0,0.25,0.0,16.333333333333332,15.2,0.0,1.0,0.0,0.1,0.9,0.0,19.0,15.8,10.0,-0.6,0.0,0.0,0.5,13.0,10.0,0.0,14.0,0.5,2.0,-2.1999999999999993,19.0,0.0,0.0,16.0,1.0,0.0,0,18,0.45,57.0,1,23,1,-2,0
2024,2,Jeddah,ALB,Williams,17.0,16.2,0.0,0.0,6.0,44.0,0.35714285714285715,0.0,13.666666666666666,13.8,0.0,10.0,26.0,0.25,0.0,0.0,11.0,12.4,13.0,1.4,-2.5,-2.5,1.0,16.5,14.0,0.0,17.0,1.0,2.0,2.6999999999999993,16.75,0.0,0.0,18.25,0.75,0.5500000000000007,1,18,0.45,57.0,2,22,0,-2,0
2024,2,Jeddah,ALO,Aston Martin,9.666666666666666,8.2,4.0,3.0,5.0,41.0,0.07142857142857142,1.0,8.333333333333334,9.2,2.0,8.0,24.0,0.08333333333333333,1.0,0.0,7.666666666666667,8.0,6.0,1.2,-3.0,-0.5,1.0,9.5,3.0,1.0,5.0,0.5,2.0,0.3000000000000007,12.0,0.0,0.25,10.5,0.25,3.8000000000000007,1,18,0.45,57.0,2,22,0,-2,0
2024,2,Jeddah,BEA,Ferrari,8.333333333333334,6.6,27.0,27.0,2.0,17.0,0.07142857142857142,1.0,10.578947368421053,10.663157894736841,0.0,10.0,26.0,0.1,0.9,0.0,10.666666666666666,10.715789473684211,10.842105263157896,0.0,0.0,0.0,0.5,9.728758169934641,8.235294117647058,0.0,9.941176470588236,0.22549019607843138,0.0,-0.9343997248021996,4.5,0.0,0.5,3.0,0.0,-2.0999999999999996,1,18,0.45,57.0,2,22,0,-2,0
2024,2,Jeddah,BOT,Kick Sauber,15.0,15.0,0.0,0.0,6.0,44.0,0.35714285714285715,0.0,18.333333333333332,17.2,0.0,10.0,26.0,0.25,0.0,0.0,14.0,13.8,16.0,3.4,-0.5,4.0,0.0,16.5,15.0,0.0,11.0,1.0,2.0,-0.6999999999999993,10.114676616915423,0.0,0.14705046197583513,10.4044776119403,0.30657427149964467,-4.885323383084577,1,18,0.45,57.0,2,22,0,-2,0
2024,2,Jeddah,GAS,Alpine,15.666666666666666,12.8,0.0,0.0,6.0,44.0,0.35714285714285715,0.0,14.0,12.0,0.0,10.0,26.0,0.25,0.0,0.0,11.666666666666666,11.8,20.0,0.2,0.5,0.5,0.0,8.5,8.0,0.0,9.5,0.0,2.0,-3.5,9.75,0.0,0.0,7.25,0.25,-3.0500000000000007,1,18,0.45,57.0,2,22,0,-2,0
2024,2,Jeddah,HAM,Mercedes,5.0,6.4,31.0,16.0,3.0,28.0,0.07142857142857142,1.0,7.666666666666667,6.6,6.0,6.0,20.0,0.08333333333333333,1.0,0.0,10.333333333333334,8.4,9.0,-1.8,3.0,1.0,0.0,7.5,5.0,0.0,12.0,0.0,2.0,0.9000000000000004,6.0,0.0,0.0,8.5,0.0,-0.40000000000000036,1,18,0.45,57.0,2,22,0,-2,0
2024,2,Jeddah,HUL,Haas F1 Team,16.0,15.2,0.0,0.0,6.0,44.0,0.35714285714285715,0.0,16.666666666666668,15.0,0.0,10.0,26.0,0.25,0.0,0.0,10.333333333333334,10.8,10.0,4.2,-2.5,2.0,0.0,12.0,12.0,0.0,14.5,0.0,2.0,-3.0,10.333333333333334,0.0,0.0,12.0,0.25,-4.866666666666665,1,18,0.45,57.0,2,22,0,-2,0
2024,2,Jeddah,LEC,Ferrari,4.666666666666667,6.8,33.0,33.0,2.0,11.0,0.0625,1.0,2.6666666666666665,6.2,12.0,3.0,14.0,0.08333333333333333,1.0,1.0,1.6666666666666667,1.6,2.0,4.6,0.0,0.0,0.0,4.5,2.0,1.0,2.0,0.0,2.0,-1.7000000000000002,5.0,0.0,0.4,4.6,0.0,-1.7999999999999998,1,18,0.45,57.0,2,22,0,-2,0
2024,2,Jeddah,MAG,Haas F1 Team,12.666666666666666,14.6,1.0,1.0,6.0,43.0,0.3125,0.3333333333333333,15.0,16.4,0.0,10.0,26.0,0.25,0.0,0.0,13.666666666666666,14.4,15.0,2.0,2.5,-2.0,1.0,9.5,9.0,0.0,11.5,0.0,2.0,-6.899999999999999,10.25,0.0,0.0,12.6,0.2,-4.35,1,18,0.45,57.0,2,22,0,-2,0
2024,2,Jeddah,NOR,McLaren,6.666666666666667,7.0,20.0,12.0,4.0,32.0,0.07142857142857142,1.0,10.333333333333334,7.6,8.0,5.0,18.0,0.08333333333333333,1.0,0.0,9.333333333333334,10.8,7.0,-3.2,-0.5,-1.0,1.0,12.0,7.0,0.0,15.0,0.0,2.0,4.4,14.0,0.0,0.0,12.75,0.25,7.0,1,18,0.45,57.0,2,22,0,-2,0
2024,2,Jeddah,OCO,Alpine,18.333333333333332,16.0,0.0,0.0,6.0,44.0,0.4375,0.0,11.0,10.6,0.0,10.0,26.0,0.25,0.0,0.0,16.0,15.2,19.0,-4.6,-0.5,-0.5,1.0,7.0,6.0,0.0,6.0,0.0,2.0,-3.5999999999999996,11.8,0.0,0.0,9.4,0.4,-4.199999999999999,1,18,0.45,57.0,2,22,0,-2,0
2024,2,Jeddah,PER,Red Bull Racing,1.3333333333333333,1.8,70.0,44.0,1.0,0.0,0.07142857142857142,1.0,3.0,6.6,18.0,2.0,8.0,0.08333333333333333,1.0,1.0,8.666666666666666,8.0,5.0,-1.4,2.0,0.5,0.0,2.5,1.0,1.0,1.0,0.0,2.0,-4.1,2.0,2.0,0.75,5.25,0.0,0.19999999999999996,1,18,0.45,57.0,2,22,0,-2,0
2024,2,Jeddah,PIA,McLaren,7.333333333333333,6.6,16.0,16.0,4.0,28.0,0.0625,1.0,8.0,9.2,4.0,7.0,22.0,0.08333333333333333,1.0,0.0,10.0,9.4,8.0,-0.2,0.5,1.0,0.0,15.0,15.0,0.0,9.0,0.0,1.0,5.800000000000001,12.8,0.0,0.0,11.4,0.2,6.200000000000001,1,18,0.45,57.0,2,22,0,-2,0
2024,2,Jeddah,RIC,RB,13.5,13.5,0.0,0.0,6.0,44.0,0.35714285714285715,0.0,12.666666666666666,11.6,0.0,10.0,26.0,0.25,0.0,0.0,14.666666666666666,13.0,14.0,-1.4,1.5,-0.5,1.0,17.0,17.0,0.0,12.0,1.0,1.0,5.4,10.114676616915423,0.0,0.14705046197583513,10.4044776119403,0.30657427149964467,-3.385323383084577,1,18,0.45,57.0,2,22,0,-2,0
2024,2,Jeddah,RUS,Mercedes,7.0,6.6,18.0,18.0,3.0,26.0,0.0625,1.0,5.333333333333333,7.4,10.0,4.0,16.0,0.08333333333333333,1.0,1.0,3.6666666666666665,5.0,3.0,2.4,-3.0,-1.0,1.0,4.5,4.0,0.0,5.0,0.0,2.0,-2.9000000000000004,6.6,0.0,0.0,8.4,0.0,0.0,1,18,0.45,57.0,2,22,0,-2,0
2024,2,Jeddah,SAR,Williams,15.333333333333334,15.2,0.0,0.0,6.0,44.0,0.3125,0.3333333333333333,17.333333333333332,15.8,0.0,10.0,26.0,0.25,0.0,0.0,15.0,16.8,18.0,-1.0,2.5,2.5,0.0,16.0,16.0,0.0,20.0,0.0,1.0,0.1999999999999993,15.6,0.0,0.0,17.0,0.6,0.40000000000000036,1,18,0.45,57.0,2,22,0,-2,0
2024,2,Jeddah,STR,Aston Martin,8.0,8.2,13.0,13.0,5.0,31.0,0.0625,1.0,8.333333333333334,9.4,1.0,9.0,25.0,0.08333333333333333,1.0,0.0,13.0,12.0,12.0,-2.6,3.0,0.5,0.0,16.5,13.0,0.0,10.5,0.5,2.0,7.1,10.6,0.0,0.2,9.2,0.2,2.4000000000000004,1,18,0.45,57.0,2,22,0,-2,0
2024,2,Jeddah,TSU,RB,14.333333333333334,14.333333333333334,0.0,0.0,6.0,44.0,0.4375,0.0,13.333333333333334,12.2,0.0,10.0,26.0,0.25,0.0,0.0,12.333333333333334,13.6,11.0,-1.4,-1.5,0.5,0.0,15.0,11.0,0.0,18.0,0.5,2.0,2.8000000000000007,16.0,0.0,0.0,14.0,1.0,1.666666666666666,1,18,0.45,57.0,2,22,0,-2,0
2024,2,Jeddah,VER,Red Bull Racing,1.6666666666666667,2.0,62.0,62.0,1.0,-18.0,0.0625,1.0,1.0,1.0,26.0,1.0,0.0,0.08333333333333333,1.0,1.0,1.6666666666666667,1.8,1.0,-0.8,-2.0,-0.5,1.0,1.5,1.0,2.0,9.5,0.0,2.0,0.5,2.0,2.0,0.8,4.8,0.0,0.0,1,18,0.45,57.0,2,22,0,-2,1
2024,2,Jeddah,ZHO,Kick Sauber,15.666666666666666,15.666666666666666,0.0,0.0,6.0,44.0,0.4375,0.0,14.333333333333334,14.8,0.0,10.0,26.0,0.25,0.0,0.0,18.0,16.8,17.0,-2.0,0.5,-4.0,1.0,12.0,11.0,0.0,12.5,0.0,2.0,-2.8000000000000007,17.0,0.0,0.0,16.0,1.0,1.333333333333334,1,18,0.45,57.0,2,22,0,-2,0
2024,3,Melbourne,ALB,Williams,15.0,15.2,0.0,0.0,7.0,87.0,0.3888888888888889,0.25,13.333333333333334,14.2,0.0,12.0,51.0,0.21428571428571427,0.5,0.0,13.0,12.0,12.5,2.2,0.0,0.0,0.5,14.5,10.0,0.0,12.0,0.5,2.0,0.3000000000000007,15.25,0.0,0.0,15.25,0.5,0.05000000000000071,1,18,0.45,57.0,3,21,0,-2,0
2024,3,Melbourne,ALO,Aston Martin,11.333333333333334,10.6,11.0,13.0,5.0,74.0,0.16666666666666666,0.75,7.0,6.6,12.0,7.0,39.0,0.07142857142857142,1.0,0.5,5.666666666666667,6.2,5.0,0.4,-3.0,-3.75,1.0,10.0,3.0,1.0,7.0,0.0,2.0,3.4000000000000004,9.5,0.0,0.25,12.0,0.25,-1.0999999999999996,1,18,0.45,57.0,3,21,0,-2,0
2024,3,Melbourne,BOT,Kick Sauber,15.333333333333334,16.25,0.0,0.0,7.0,87.0,0.5,0.0,18.333333333333332,17.6,0.0,12.0,51.0,0.35714285714285715,0.0,0.0,16.666666666666668,15.2,16.0,2.4,-1.25,1.75,0.5,9.5,8.0,0.0,15.5,0.0,2.0,-8.100000000000001,10.30858585858586,0.0,0.16962481962481962,10.260858585858585,0.29083694083694084,-5.941414141414141,1,18,0.45,57.0,3,21,0,-2,0
2024,3,Melbourne,GAS,Alpine,16.666666666666668,16.0,0.0,0.0,7.0,87.0,0.5,0.0,17.0,13.8,0.0,12.0,51.0,0.35714285714285715,0.0,0.0,16.0,13.2,19.0,0.6,0.5,2.0,0.0,11.0,9.0,0.0,10.0,0.5,2.0,-2.8000000000000007,12.75,0.0,0.0,9.5,0.5,-3.25,1,18,0.45,57.0,3,21,0,-2,0
2024,3,Melbourne,HAM,Mercedes,6.666666666666667,6.0,20.0,26.0,4.0,61.0,0.05555555555555555,1.0,8.333333333333334,8.0,8.0,9.0,43.0,0.07142857142857142,1.0,0.0,9.333333333333334,8.8,8.5,-0.8,1.75,1.25,0.0,3.0,2.0,1.0,4.0,0.0,2.0,-5.0,6.75,0.0,0.5,4.0,0.25,0.75,1,18,0.45,57.0,3,21,0,-2,0
2024,3,Melbourne,HUL,Haas F1 Team,11.333333333333334,14.0,1.0,1.0,6.0,86.0,0.2777777777777778,0.5,13.666666666666666,14.4,1.0,10.0,50.0,0.21428571428571427,0.5,0.0,11.0,11.4,12.5,3.0,-0.75,0.5,0.5,7.0,7.0,0.0,10.0,0.0,1.0,-7.4,12.75,0.0,0.0,14.0,0.25,-1.25,1,18,0.45,57.0,3,21,0,-2,0
2024,3,Melbourne,LEC,Ferrari,4.333333333333333,7.0,37.0,49.0,2.0,38.0,0.05555555555555555,1.0,3.0,6.2,28.0,3.0,23.0,0.07142857142857142,1.0,1.0,2.0,1.8,2.0,4.4,-1.0,0.25,0.5,10.5,1.0,1.0,4.0,0.5,2.0,4.3,13.25,1.0,0.25,5.5,0.5,6.25,1,18,0.45,57.0,3,21,0,-2,0
2024,3,Melbourne,MAG,Haas F1 Team,10.333333333333334,11.8,3.0,3.0,6.0,84.0,0.25,0.6,14.666666666666666,15.0,0.0,12.0,51.0,0.21428571428571427,0.5,0.0,15.0,13.6,14.0,1.4,0.75,-0.5,0.5,15.5,14.0,0.0,15.5,0.5,2.0,0.5,12.0,0.0,0.0,14.4,0.2,0.1999999999999993,1,18,0.45,57.0,3,21,0,-2,0
2024,3,Melbourne,NOR,McLaren,6.666666666666667,6.4,20.0,28.0,3.0,59.0,0.05555555555555555,1.0,6.333333333333333,8.2,12.0,7.0,39.0,0.07142857142857142,1.0,0.0,6.0,8.2,6.5,0.0,0.0,0.5,0.5,5.5,5.0,0.0,8.5,0.0,2.0,-2.6999999999999993,6.25,0.0,0.0,10.0,0.0,-0.15000000000000036,1,18,0.45,57.0,3,21,0,-2,0
2024,3,Melbourne,OCO,Alpine,15.333333333333334,16.2,0.0,0.0,7.0,87.0,0.55,0.0,14.0,11.2,0.0,12.0,51.0,0.35714285714285715,0.0,0.0,16.0,15.4,18.0,-4.2,-0.5,-2.0,1.0,10.5,7.0,0.0,9.5,0.5,2.0,-0.6999999999999993,12.8,0.0,0.0,11.0,0.6,-3.3999999999999986,1,18,0.45,57.0,3,21,0,-2,0
2024,3,Melbourne,PER,Red Bull Racing,1.3333333333333333,1.4,69.0,87.0,1.0,0.0,0.05555555555555555,1.0,2.6666666666666665,3.0,36.0,2.0,15.0,0.07142857142857142,1.0,1.0,5.666666666666667,7.6,4.0,-4.6,1.5,0.5,0.0,3.5,2.0,1.0,11.5,0.0,2.0,0.5,6.5,1.0,0.5,6.5,0.25,5.1,1,18,0.45,57.0,3,21,0,-2,0
2024,3,Melbourne,PIA,McLaren,5.0,5.8,31.0,43.0,3.0,44.0,0.05,1.0,6.0,8.4,16.0,5.0,35.0,0.07142857142857142,1.0,0.5,5.333333333333333,9.0,6.5,-0.6,0.0,-0.5,0.5,8.0,8.0,0.0,16.0,0.0,1.0,-0.40000000000000036,5.6,0.0,0.2,8.8,0.0,-0.20000000000000018,1,18,0.45,57.0,3,21,0,-2,0
2024,3,Melbourne,RIC,RB,15.0,14.5,0.0,0.0,7.0,87.0,0.5,0.0,13.333333333333334,13.4,0.0,12.0,51.0,0.35714285714285715,0.0,0.0,14.333333333333334,15.0,14.0,-1.6,2.0,0.0,0.5,6.0,6.0,0.0,7.0,0.0,1.0,-7.4,10.30858585858586,0.0,0.16962481962481962,10.260858585858585,0.29083694083694084,-4.191414141414141,1,18,0.45,57.0,3,21,0,-2,0
2024,3,Melbourne,RUS,Mercedes,11.0,9.0,10.0,26.0,4.0,61.0,0.15,0.8,4.666666666666667,7.4,18.0,4.0,33.0,0.07142857142857142,1.0,0.5,4.666666666666667,4.8,5.0,2.6,-1.75,-1.25,1.0,10.5,3.0,1.0,4.0,0.5,2.0,3.0999999999999996,9.0,0.0,0.4,5.4,0.4,0.0,1,18,0.45,57.0,3,21,0,-2,0
2024,3,Melbourne,SAI,Ferrari,4.0,3.8,41.0,68.0,2.0,19.0,0.05,1.0,9.0,7.4,15.0,6.0,36.0,0.08333333333333333,1.0,1.0,7.333333333333333,6.4,4.0,1.0,1.0,-0.25,1.0,16.0,12.0,0.0,7.0,0.5,2.0,8.6,11.0,1.0,0.4,5.4,0.4,7.2,1,18,0.45,57.0,3,21,0,-2,1
2024,3,Melbourne,STR,Aston Martin,10.666666666666666,10.2,14.0,17.0,5.0,70.0,0.15,0.8,13.0,9.8,1.0,10.0,50.0,0.21428571428571427,0.5,0.0,11.666666666666666,10.4,11.0,-0.6,3.0,3.75,0.0,8.0,4.0,0.0,13.0,0.0,2.0,-1.8000000000000007,9.2,0.0,0.2,11.6,0.2,-1.0,1,18,0.45,57.0,3,21,0,-2,0
2024,3,Melbourne,TSU,RB,14.333333333333334,14.0,0.0,0.0,7.0,87.0,0.55,0.0,12.333333333333334,12.8,0.0,12.0,51.0,0.35714285714285715,0.0,0.0,8.666666666666666,12.4,10.0,0.4,-2.0,0.0,0.5,12.5,10.0,0.0,12.5,0.0,2.0,-0.3000000000000007,12.0,0.0,0.0,18.0,1.0,-2.0,1,18,0.45,57.0,3,21,0,-2,0
2024,3,Melbourne,VER,Red Bull Racing,2.6666666666666665,2.2,53.0,97.0,1.0,-10.0,0.05,1.0,1.0,1.0,51.0,1.0,0.0,0.07142857142857142,1.0,1.0,1.0,1.4,1.0,-0.4,-1.5,-0.5,1.0,9.5,1.0,1.0,1.5,0.5,2.0,8.5,6.2,1.0,0.4,5.8,0.2,4.0,1,18,0.45,57.0,3,21,0,-2,0
2024,3,Melbourne,ZHO,Kick Sauber,16.333333333333332,15.8,0.0,0.0,7.0,87.0,0.55,0.0,15.333333333333334,15.6,0.0,12.0,51.0,0.35714285714285715,0.0,0.0,18.666666666666668,18.8,18.5,-3.2,1.25,-1.75,0.5,10.0,9.0,0.0,15.5,0.0,2.0,-5.6,14.0,0.0,0.0,13.0,1.0,-1.8000000000000007,1,18,0.45,57.0,3,21,0,-2,0
2024,4,Suzuka,ALB,Williams,12.0,14.2,0.0,0.0,8.0,97.0,0.45,0.2,12.333333333333334,12.6,0.0,14.0,51.0,0.3125,0.3333333333333333,0.0,12.333333333333334,11.4,12.333333333333334,1.2,-3.083333333333334,-2.333333333333334,1.0,18.0,16.0,0.0,14.5,1.0,2.0,5.4,15.5,0.0,0.0,17.25,0.75,1.3000000000000007,0,18,0.45,57.0,4,20,0,-2,0
2024,4,Suzuka,ALO,Aston Martin,11.0,9.6,12.0,25.0,5.0,72.0,0.13636363636363635,0.8333333333333334,7.333333333333333,7.6,16.0,8.0,35.0,0.0625,1.0,0.3333333333333333,6.666666666666667,7.4,6.666666666666667,0.2,-1.833333333333333,-2.166666666666667,0.6666666666666666,7.5,7.0,0.0,8.5,0.0,2.0,-0.09999999999999964,11.0,0.0,0.0,13.75,0.25,1.4000000000000004,0,18,0.45,57.0,4,20,0,-2,0
2024,4,Suzuka,BOT,Kick Sauber,15.666666666666666,15.0,0.0,0.0,8.0,97.0,0.5909090909090909,0.0,16.666666666666668,17.2,0.0,14.0,51.0,0.4375,0.0,0.0,15.0,14.2,15.0,3.0,-1.8333333333333357,1.0,0.6666666666666666,17.5,15.0,0.0,14.0,0.5,2.0,0.3000000000000007,10.334825870646766,0.0,0.15913290689410092,10.313681592039801,0.25138592750533045,-4.665174129353234,0,18,0.45,57.0,4,20,0,-2,0
2024,4,Suzuka,GAS,Alpine,14.0,15.8,0.0,0.0,8.0,97.0,0.5909090909090909,0.0,17.0,15.0,0.0,14.0,51.0,0.4375,0.0,0.0,18.333333333333332,14.0,18.333333333333332,1.0,0.6666666666666679,0.8333333333333321,0.3333333333333333,14.0,10.0,0.0,14.5,0.0,2.0,-1.0,7.5,0.0,0.0,9.5,0.0,-8.3,0,18,0.45,57.0,4,20,0,-2,0
2024,4,Suzuka,HAM,Mercedes,13.666666666666666,11.0,8.0,26.0,4.0,71.0,0.22727272727272727,0.6666666666666666,11.333333333333334,10.0,8.0,10.0,43.0,0.1875,0.6666666666666666,0.0,9.333333333333334,10.0,9.333333333333334,0.0,1.833333333333334,1.0,0.0,5.0,5.0,0.0,6.5,0.0,2.0,-5.0,6.25,0.0,0.0,7.25,0.0,-4.75,0,18,0.45,57.0,4,20,0,-2,0
2024,4,Suzuka,HUL,Haas F1 Team,10.333333333333334,10.6,3.0,4.0,7.0,93.0,0.3181818181818182,0.5,11.666666666666666,13.8,3.0,12.0,48.0,0.1875,0.6666666666666666,0.0,13.666666666666666,12.4,13.666666666666666,1.4,-0.16666666666666607,0.16666666666666607,0.6666666666666666,14.0,14.0,0.0,18.0,1.0,1.0,0.1999999999999993,15.0,0.0,0.0,16.5,0.5,4.4,0,18,0.45,57.0,4,20,0,-2,0
2024,4,Suzuka,LEC,Ferrari,2.0,3.2,60.0,93.0,2.0,4.0,0.045454545454545456,1.0,3.0,2.6,47.0,2.0,4.0,0.0625,1.0,1.0,3.0,2.4,3.0,0.2,0.0,0.5,0.3333333333333333,3.5,3.0,1.0,3.0,0.0,2.0,0.8999999999999999,8.0,0.0,0.25,3.75,0.25,4.8,0,18,0.45,57.0,4,20,0,-2,0
2024,4,Suzuka,MAG,Haas F1 Team,10.0,10.4,3.0,4.0,7.0,93.0,0.375,0.42857142857142855,11.333333333333334,13.4,1.0,13.0,50.0,0.3125,0.3333333333333333,0.0,14.0,13.6,14.0,-0.2,0.16666666666666785,-0.16666666666666607,0.3333333333333333,14.5,14.0,0.0,16.5,0.5,2.0,1.0999999999999996,14.2,0.0,0.0,15.6,0.6,3.799999999999999,0,18,0.45,57.0,4,20,0,-2,0
2024,4,Suzuka,NOR,McLaren,3.6666666666666665,5.4,39.0,55.0,3.0,42.0,0.045454545454545456,1.0,5.666666666666667,8.4,27.0,6.0,24.0,0.0625,1.0,0.3333333333333333,5.666666666666667,7.6,5.666666666666667,0.8,-0.33333333333333304,0.16666666666666696,0.6666666666666666,6.0,2.0,1.0,6.5,0.0,2.0,-2.4000000000000004,6.5,0.0,0.5,6.5,0.0,1.0999999999999996,0,18,0.45,57.0,4,20,0,-2,0
2024,4,Suzuka,OCO,Alpine,15.0,15.6,0.0,0.0,8.0,97.0,0.625,0.0,15.333333333333334,12.4,0.0,14.0,51.0,0.4375,0.0,0.0,17.0,16.0,17.0,-3.6,-0.6666666666666643,-0.8333333333333339,0.6666666666666666,6.5,4.0,0.0,9.5,0.0,2.0,-5.9,9.2,0.0,0.0,11.0,0.2,-6.4,0,18,0.45,57.0,4,20,0,-2,0
2024,4,Suzuka,PER,Red Bull Racing,8.333333333333334,5.6,35.0,97.0,1.0,0.0,0.13636363636363635,0.8333333333333334,3.0,3.2,46.0,3.0,5.0,0.0625,1.0,1.0,3.6666666666666665,6.4,3.6666666666666665,-3.2,1.3333333333333335,-2.0,0.3333333333333333,10.5,2.0,1.0,4.5,0.5,2.0,7.3,5.75,2.0,0.75,2.75,0.25,0.15000000000000036,0,18,0.45,57.0,4,20,0,-2,0
2024,4,Suzuka,PIA,McLaren,4.0,4.8,37.0,65.0,3.0,32.0,0.041666666666666664,1.0,5.333333333333333,6.4,28.0,5.0,23.0,0.0625,1.0,0.6666666666666666,6.333333333333333,8.2,6.333333333333333,-1.8,0.33333333333333304,-0.16666666666666696,0.3333333333333333,3.0,3.0,1.0,2.0,0.0,1.0,-3.4000000000000004,6.2,0.0,0.4,5.8,0.0,1.4000000000000004,0,18,0.45,57.0,4,20,0,-2,0
2024,4,Suzuka,RIC,RB,11.333333333333334,12.8,6.0,6.0,6.0,91.0,0.5,0.16666666666666666,13.666666666666666,13.2,0.0,14.0,51.0,0.4375,0.0,0.0,15.333333333333334,15.2,15.333333333333334,-2.0,3.0,0.8333333333333339,0.3333333333333333,11.0,11.0,0.0,11.0,0.0,1.0,-2.1999999999999993,10.334825870646766,0.0,0.15913290689410092,10.313681592039801,0.25138592750533045,-2.465174129353235,0,18,0.45,57.0,4,20,0,-2,0
2024,4,Suzuka,RUS,Mercedes,14.666666666666666,11.8,2.0,28.0,4.0,69.0,0.20833333333333334,0.7142857142857143,9.333333333333334,7.8,18.0,7.0,33.0,0.1875,0.6666666666666666,0.3333333333333333,5.666666666666667,5.0,5.666666666666667,2.8,-1.833333333333333,-1.0,1.0,7.5,7.0,0.0,8.0,0.0,2.0,-0.2999999999999998,6.8,0.0,0.0,7.2,0.0,-5.000000000000001,0,18,0.45,57.0,4,20,0,-2,0
2024,4,Suzuka,SAI,Ferrari,2.3333333333333335,3.4,56.0,105.0,2.0,-8.0,0.041666666666666664,1.0,7.333333333333333,6.8,40.0,4.0,11.0,0.07142857142857142,1.0,1.0,7.333333333333333,6.4,3.0,0.4,0.0,-0.5,1.0,12.5,6.0,0.0,4.5,0.5,2.0,5.7,7.2,0.0,0.2,4.6,0.2,3.8000000000000003,0,18,0.45,57.0,4,20,0,-2,0
2024,4,Suzuka,SAR,Williams,15.0,15.2,0.0,0.0,8.0,97.0,0.5,0.16666666666666666,16.666666666666668,15.4,0.0,14.0,51.0,0.35714285714285715,0.0,0.0,19.0,16.6,18.5,-1.2,3.083333333333332,2.333333333333332,0.0,17.0,17.0,0.0,20.0,1.0,1.0,1.5999999999999996,16.4,0.0,0.0,16.6,0.8,1.1999999999999993,0,18,0.45,57.0,4,20,0,-2,0
2024,4,Suzuka,STR,Aston Martin,6.666666666666667,8.8,20.0,33.0,5.0,64.0,0.125,0.8571428571428571,11.666666666666666,10.0,9.0,9.0,42.0,0.1875,0.6666666666666666,0.0,10.333333333333334,11.6,10.333333333333334,-1.6,1.833333333333334,2.166666666666666,0.3333333333333333,15.0,12.0,0.0,18.0,0.5,2.0,5.0,10.0,0.0,0.0,12.0,0.2,1.1999999999999993,0,18,0.45,57.0,4,20,0,-2,0
2024,4,Suzuka,TSU,RB,12.666666666666666,13.8,6.0,6.0,6.0,91.0,0.5416666666666666,0.14285714285714285,12.0,12.4,6.0,11.0,45.0,0.3125,0.3333333333333333,0.0,9.333333333333334,10.8,9.333333333333334,1.6,-3.0,-0.8333333333333321,0.6666666666666666,12.5,12.0,0.0,11.0,0.5,2.0,0.09999999999999964,19.0,0.0,0.0,11.0,1.0,5.199999999999999,0,18,0.45,57.0,4,20,0,-2,0
2024,4,Suzuka,VER,Red Bull Racing,8.666666666666666,5.8,28.0,115.0,1.0,-18.0,0.125,0.8571428571428571,7.0,4.6,51.0,1.0,0.0,0.1875,0.6666666666666666,0.6666666666666666,1.0,1.4,1.0,3.2,-1.333333333333333,2.0,0.6666666666666666,1.0,1.0,2.0,1.0,0.0,2.0,-3.5999999999999996,5.0,2.0,0.8,2.6,0.2,-0.7999999999999998,0,18,0.45,57.0,4,20,0,-2,1
2024,4,Suzuka,ZHO,Kick Sauber,14.333333333333334,15.6,0.0,0.0,8.0,97.0,0.625,0.0,14.666666666666666,15.2,0.0,14.0,51.0,0.4375,0.0,0.0,18.666666666666668,18.6,18.666666666666668,-3.4,1.8333333333333321,-1.0000000000000018,0.3333333333333333,14.5,13.0,0.0,16.5,0.5,2.0,-0.6999999999999993,14.0,0.0,0.0,13.0,1.0,-1.5999999999999996,0,18,0.45,57.0,4,20,0,-2,0
2024,5,Shanghai,ALB,Williams,16.0,14.6,0.0,0.0,8.0,141.0,0.5416666666666666,0.14285714285714285,14.0,14.2,0.0,14.0,77.0,0.3888888888888889,0.25,0.0,12.666666666666666,13.0,12.75,1.2,-2.958333333333334,-1.375,0.6666666666666666,8.714285714285714,8.714285714285714,0.0,9.5,0.07142857142857142,0.0,-5.485714285714286,9.85632183908046,0.0,0.16666666666666666,9.890804597701148,0.132183908045977,-4.74367816091954,0,18,0.45,57.0,5,19,0,-2,0
2024,5,Shanghai,ALO,Aston Martin,8.0,10.2,16.0,33.0,5.0,108.0,0.19230769230769232,0.75,6.333333333333333,7.0,24.0,7.0,53.0,0.05555555555555555,1.0,0.25,6.333333333333333,6.4,6.25,0.6,-2.75,-2.375,0.75,8.714285714285714,8.714285714285714,0.0,9.5,0.07142857142857142,0.0,1.7142857142857135,9.85632183908046,0.0,0.16666666666666666,9.890804597701148,0.132183908045977,-0.3436781609195396,0,18,0.45,57.0,5,19,0,-2,0
2024,5,Shanghai,BOT,Kick Sauber,15.666666666666666,15.8,0.0,0.0,8.0,141.0,0.6538461538461539,0.0,15.0,16.6,0.0,14.0,77.0,0.5,0.0,0.0,14.0,15.2,14.5,1.4,-2.25,0.25,0.75,8.714285714285714,8.714285714285714,0.0,9.5,0.07142857142857142,0.0,-7.885714285714288,9.85632183908046,0.0,0.16666666666666666,9.890804597701148,0.132183908045977,-5.943678160919541,0,18,0.45,57.0,5,19,0,-2,0
2024,5,Shanghai,GAS,Alpine,15.666666666666666,14.6,0.0,0.0,8.0,141.0,0.6538461538461539,0.0,16.333333333333332,16.0,0.0,14.0,77.0,0.5,0.0,0.0,17.333333333333332,16.4,18.0,-0.4,0.75,0.75,0.25,8.714285714285714,8.714285714285714,0.0,9.5,0.07142857142857142,0.0,-7.2857142857142865,9.85632183908046,0.0,0.16666666666666666,9.890804597701148,0.132183908045977,-4.74367816091954,0,18,0.45,57.0,5,19,0,-2,0
2024,5,Shanghai,HAM,Mercedes,11.0,11.4,8.0,34.0,4.0,107.0,0.19230769230769232,0.75,12.0,10.4,10.0,9.0,67.0,0.16666666666666666,0.75,0.0,8.666666666666666,9.2,8.75,1.2,1.125,1.0,0.0,8.714285714285714,8.714285714285714,0.0,9.5,0.07142857142857142,0.0,-1.6857142857142868,9.85632183908046,0.0,0.16666666666666666,9.890804597701148,0.132183908045977,-1.5436781609195407,0,18,0.45,57.0,5,19,0,-2,0
2024,5,Shanghai,HUL,Haas F1 Team,11.333333333333334,11.0,1.0,4.0,7.0,137.0,0.4230769230769231,0.375,10.0,12.2,3.0,12.0,74.0,0.2777777777777778,0.5,0.0,14.333333333333334,12.2,13.25,0.0,-0.875,-0.125,0.75,8.714285714285714,8.714285714285714,0.0,9.5,0.07142857142857142,0.0,-3.4857142857142858,9.85632183908046,0.0,0.16666666666666666,9.890804597701148,0.132183908045977,-1.1436781609195403,0,18,0.45,57.0,5,19,0,-2,0
2024,5,Shanghai,LEC,Ferrari,2.6666666666666665,2.6,52.0,120.0,2.0,21.0,0.038461538461538464,1.0,3.0,3.0,59.0,3.0,18.0,0.05555555555555555,1.0,1.0,5.0,3.8,4.25,-0.8,0.45833333333333304,0.45833333333333304,0.25,8.714285714285714,8.714285714285714,0.0,9.5,0.07142857142857142,0.0,5.7142857142857135,9.85632183908046,0.0,0.16666666666666666,9.890804597701148,0.132183908045977,7.25632183908046,0,18,0.45,57.0,5,19,0,-2,0
2024,5,Shanghai,MAG,Haas F1 Team,11.333333333333334,10.6,1.0,5.0,7.0,136.0,0.39285714285714285,0.4444444444444444,11.666666666666666,13.4,1.0,13.0,76.0,0.3888888888888889,0.25,0.0,15.0,15.4,15.0,-2.0,0.875,0.125,0.25,8.714285714285714,8.714285714285714,0.0,9.5,0.07142857142857142,0.0,-4.685714285714287,10.0,0.0,0.0,9.0,0.0,-0.5999999999999996,0,18,0.45,57.0,5,19,0,-2,0
2024,5,Shanghai,NOR,McLaren,5.666666666666667,4.8,26.0,69.0,3.0,72.0,0.038461538461538464,1.0,5.333333333333333,5.4,37.0,5.0,40.0,0.05555555555555555,1.0,0.5,4.333333333333333,5.0,5.0,0.4,-0.625,-0.25,0.75,8.714285714285714,8.714285714285714,0.0,9.5,0.07142857142857142,0.0,3.314285714285713,9.85632183908046,0.0,0.16666666666666666,9.890804597701148,0.132183908045977,5.05632183908046,0,18,0.45,57.0,5,19,0,-2,0
2024,5,Shanghai,OCO,Alpine,14.666666666666666,14.6,0.0,0.0,8.0,141.0,0.6071428571428571,0.1111111111111111,14.666666666666666,14.6,0.0,14.0,77.0,0.5,0.0,0.0,15.666666666666666,15.6,16.5,-1.0,-0.75,-0.75,0.75,8.714285714285714,8.714285714285714,0.0,9.5,0.07142857142857142,0.0,-5.885714285714286,13.0,0.0,0.0,15.0,0.0,-1.5999999999999996,0,18,0.45,57.0,5,19,0,-2,0
2024,5,Shanghai,PER,Red Bull Racing,7.333333333333333,5.6,44.0,141.0,1.0,0.0,0.11538461538461539,0.875,3.0,3.0,64.0,2.0,13.0,0.05555555555555555,1.0,1.0,2.6666666666666665,4.4,3.25,-1.4,1.125,-1.375,0.25,8.714285714285714,8.714285714285714,0.0,9.5,0.07142857142857142,0.0,5.7142857142857135,9.85632183908046,0.0,0.16666666666666666,9.890804597701148,0.132183908045977,4.25632183908046,0,18,0.45,57.0,5,19,0,-2,0
2024,5,Shanghai,PIA,McLaren,5.0,4.4,32.0,87.0,3.0,54.0,0.03571428571428571,1.0,5.333333333333333,6.0,32.0,6.0,45.0,0.05555555555555555,1.0,0.5,5.666666666666667,5.6,6.25,0.4,0.625,0.25,0.25,8.714285714285714,8.714285714285714,0.0,9.5,0.07142857142857142,0.0,2.7142857142857135,2.0,0.0,1.0,4.0,0.0,-2.4000000000000004,0,18,0.45,57.0,5,19,0,-2,0
2024,5,Shanghai,RIC,RB,12.0,12.6,7.0,7.0,6.0,134.0,0.5769230769230769,0.125,15.666666666666666,14.2,0.0,14.0,77.0,0.5,0.0,0.0,14.333333333333334,14.4,14.25,-0.2,2.375,1.75,0.25,8.714285714285714,8.714285714285714,0.0,9.5,0.07142857142857142,0.0,-5.485714285714286,9.85632183908046,0.0,0.16666666666666666,9.890804597701148,0.132183908045977,-2.74367816091954,0,18,0.45,57.0,5,19,0,-2,0
2024,5,Shanghai,RUS,Mercedes,8.333333333333334,12.0,10.0,36.0,4.0,105.0,0.17857142857142858,0.7777777777777778,10.0,7.6,24.0,7.0,53.0,0.16666666666666666,0.75,0.25,7.666666666666667,6.0,6.5,1.6,-1.125,-1.0,1.0,8.714285714285714,8.714285714285714,0.0,9.5,0.07142857142857142,0.0,1.1142857142857139,9.0,0.0,0.0,18.0,0.0,-3.0,0,18,0.45,57.0,5,19,0,-2,0
2024,5,Shanghai,SAI,Ferrari,3.6666666666666665,2.8,39.0,132.0,2.0,9.0,0.03571428571428571,1.0,2.3333333333333335,6.2,55.0,4.0,22.0,0.0625,1.0,1.0,3.3333333333333335,5.6,3.3333333333333335,0.6,-0.4583333333333335,-0.4583333333333335,1.0,8.714285714285714,8.714285714285714,0.0,9.5,0.07142857142857142,0.0,2.5142857142857133,4.0,0.0,0.0,6.0,0.0,1.2000000000000002,0,18,0.45,57.0,5,19,0,-2,0
2024,5,Shanghai,SAR,Williams,16.333333333333332,14.8,0.0,0.0,8.0,141.0,0.5,0.25,17.0,16.6,0.0,14.0,77.0,0.4375,0.0,0.0,18.666666666666668,16.6,18.666666666666668,0.0,2.958333333333334,1.375,0.3333333333333333,8.714285714285714,8.714285714285714,0.0,9.5,0.07142857142857142,0.0,-7.885714285714288,12.0,0.0,0.0,14.0,0.0,-2.8000000000000007,0,18,0.45,57.0,5,19,0,-2,0
2024,5,Shanghai,STR,Aston Martin,8.333333333333334,7.8,15.0,40.0,5.0,101.0,0.17857142857142858,0.7777777777777778,12.333333333333334,11.4,9.0,10.0,68.0,0.2777777777777778,0.5,0.0,11.666666666666666,12.0,11.75,-0.6,2.75,2.375,0.25,8.714285714285714,8.714285714285714,0.0,9.5,0.07142857142857142,0.0,-2.685714285714287,7.0,0.0,0.0,3.0,0.0,-0.7999999999999998,0,18,0.45,57.0,5,19,0,-2,0
2024,5,Shanghai,TSU,RB,15.666666666666666,13.2,1.0,7.0,6.0,134.0,0.6071428571428571,0.1111111111111111,10.666666666666666,10.8,7.0,11.0,70.0,0.3888888888888889,0.25,0.0,9.0,8.8,9.5,2.0,-2.375,-1.75,0.75,8.714285714285714,8.714285714285714,0.0,9.5,0.07142857142857142,0.0,-2.085714285714287,18.0,0.0,0.0,12.0,1.0,4.800000000000001,0,18,0.45,57.0,5,19,0,-2,0
2024,5,Shanghai,VER,Red Bull Racing,2.0,6.0,59.0,156.0,1.0,-15.0,0.10714285714285714,0.8888888888888888,7.0,4.6,77.0,1.0,0.0,0.16666666666666666,0.75,0.75,1.0,1.0,1.0,3.6,-1.125,1.375,0.75,8.714285714285714,8.714285714285714,0.0,9.5,0.07142857142857142,0.0,4.114285714285714,3.0,0.0,1.0,2.0,0.0,-3.0,0,18,0.45,57.0,5,19,0,-2,1
2024,5,Shanghai,ZHO,Kick Sauber,17.333333333333332,16.2,0.0,0.0,8.0,141.0,0.6785714285714286,0.0,17.0,15.8,0.0,14.0,77.0,0.5,0.0,0.0,19.666666666666668,19.0,19.0,-3.2,2.25,-0.25,0.25,8.714285714285714,8.714285714285714,0.0,9.5,0.07142857142857142,0.0,-7.085714285714287,20.0,0.0,0.0,10.0,1.0,3.8000000000000007,0,18,0.45,57.0,5,19,0,-2,0
2024,6,Miami,ALB,Williams,15.333333333333334,15.4,0.0,0.0,8.0,181.0,0.4642857142857143,0.3333333333333333,14.333333333333334,13.8,0.0,14.0,102.0,0.35,0.4,0.0,13.333333333333334,13.0,13.0,0.8,-3.0,-1.5999999999999996,0.75,11.5,9.0,0.0,14.5,0.0,2.0,-2.3000000000000007,14.25,0.0,0.0,17.0,0.25,-1.1500000000000004,1,20,0.6,57.0,6,18,0,-2,0
2024,6,Miami,ALO,Aston Martin,11.333333333333334,9.2,7.0,40.0,5.0,141.0,0.16666666666666666,0.8,7.0,7.0,31.0,8.0,71.0,0.05,1.0,0.2,6.0,5.6,5.6,1.4,-3.0,-2.6999999999999993,0.8,7.0,3.0,1.0,6.5,0.0,2.0,0.0,10.5,0.0,0.25,10.75,0.25,1.3000000000000007,1,20,0.6,57.0,6,18,0,-2,0
2024,6,Miami,BOT,Kick Sauber,17.333333333333332,16.2,0.0,0.0,8.0,181.0,0.6333333333333333,0.1,16.0,16.8,0.0,14.0,102.0,0.55,0.0,0.0,12.0,13.6,13.6,3.2,-2.4000000000000004,0.8000000000000007,0.6,10.0,7.0,0.0,7.5,0.0,2.0,-6.800000000000001,10.25798611111111,0.0,0.15138888888888888,10.128472222222223,0.19618055555555555,-5.942013888888889,1,20,0.6,57.0,6,18,0,-2,0
2024,6,Miami,GAS,Alpine,13.0,14.2,0.0,0.0,8.0,181.0,0.5666666666666667,0.2,14.0,16.0,0.0,14.0,102.0,0.45,0.2,0.0,16.333333333333332,17.4,17.4,-1.4,0.7999999999999972,0.8000000000000007,0.2,13.0,8.0,0.0,6.0,0.5,2.0,-3.0,9.0,0.0,0.0,11.0,0.0,-5.199999999999999,1,20,0.6,57.0,6,18,0,-2,0
2024,6,Miami,HAM,Mercedes,7.333333333333333,9.6,16.0,44.0,4.0,137.0,0.16666666666666666,0.8,12.0,10.4,12.0,9.0,90.0,0.15,0.8,0.0,12.0,10.6,10.6,-0.2,1.9000000000000004,1.0999999999999996,0.0,6.0,6.0,0.0,9.5,0.0,2.0,-4.4,5.25,0.0,0.0,9.25,0.0,-4.35,1,20,0.6,57.0,6,18,0,-2,0
2024,6,Miami,HUL,Haas F1 Team,13.0,12.0,1.0,5.0,7.0,176.0,0.36666666666666664,0.5,10.0,11.2,4.0,12.0,98.0,0.25,0.6,0.0,12.333333333333334,12.4,12.4,-1.2,-1.5,-0.6999999999999993,0.8,15.0,15.0,0.0,12.0,0.0,1.0,3.8000000000000007,14.0,0.0,0.0,11.75,0.25,2.0,1,20,0.6,57.0,6,18,0,-2,0
2024,6,Miami,LEC,Ferrari,4.0,3.4,37.0,142.0,2.0,39.0,0.03333333333333333,1.0,3.3333333333333335,3.4,71.0,3.0,31.0,0.05,1.0,1.0,6.333333333333333,4.6,4.6,-1.2,0.17499999999999982,0.19999999999999973,0.4,4.5,2.0,1.0,4.0,0.0,2.0,1.1,4.25,0.0,0.5,3.25,0.0,0.8500000000000001,1,20,0.6,57.0,6,18,0,-2,0
2024,6,Miami,MAG,Haas F1 Team,12.333333333333334,12.2,1.0,5.0,7.0,176.0,0.34375,0.5454545454545454,13.0,12.6,1.0,13.0,101.0,0.35,0.4,0.0,16.333333333333332,15.4,15.4,-2.8,1.5,0.7000000000000011,0.2,13.0,10.0,0.0,10.0,0.5,2.0,0.40000000000000036,13.4,0.0,0.0,11.2,0.2,1.200000000000001,1,20,0.6,57.0,6,18,0,-2,0
2024,6,Miami,NOR,McLaren,6.0,5.4,26.0,91.0,3.0,90.0,0.03333333333333333,1.0,3.3333333333333335,4.8,55.0,5.0,47.0,0.05,1.0,0.6,3.6666666666666665,4.8,4.8,0.0,-0.6000000000000005,-0.7999999999999998,0.8,18.0,17.0,0.0,12.0,0.5,2.0,13.2,17.0,0.0,0.0,14.25,0.5,11.6,1,20,0.6,57.0,6,18,0,-2,1
2024,6,Miami,OCO,Alpine,12.0,13.4,0.0,0.0,8.0,181.0,0.53125,0.2727272727272727,14.0,14.4,0.0,14.0,102.0,0.45,0.2,0.0,14.333333333333334,15.8,15.8,-1.4,-0.8000000000000007,-0.7999999999999989,0.8,8.5,8.0,0.0,14.0,0.0,2.0,-5.9,9.6,0.0,0.0,11.2,0.0,-3.8000000000000007,1,20,0.6,57.0,6,18,0,-2,0
2024,6,Miami,PER,Red Bull Racing,1.6666666666666667,5.2,66.0,181.0,1.0,0.0,0.1,0.9,3.3333333333333335,2.8,79.0,2.0,23.0,0.05,1.0,1.0,2.3333333333333335,3.0,3.0,-0.2,1.0,-0.8999999999999999,0.2,3.0,2.0,1.0,2.5,0.0,2.0,0.20000000000000018,2.0,2.0,0.75,4.25,0.0,-3.2,1,20,0.6,57.0,6,18,0,-2,0
2024,6,Miami,PIA,McLaren,3.6666666666666665,4.8,47.0,116.0,3.0,65.0,0.03125,1.0,6.666666666666667,6.4,36.0,6.0,66.0,0.05,1.0,0.4,5.666666666666667,6.0,6.0,0.4,0.5999999999999996,0.8000000000000007,0.2,19.0,19.0,0.0,19.0,1.0,1.0,12.6,13.8,1.0,0.2,12.4,0.4,9.0,1,20,0.6,57.0,6,18,0,-2,0
2024,6,Miami,RIC,RB,15.666666666666666,14.6,1.0,7.0,6.0,174.0,0.6333333333333333,0.1,16.333333333333332,15.6,0.0,14.0,102.0,0.55,0.0,0.0,13.666666666666666,13.8,13.8,1.8,1.1999999999999993,1.299999999999999,0.4,13.0,13.0,0.0,14.0,0.0,1.0,-2.5999999999999996,10.25798611111111,0.0,0.15138888888888888,10.128472222222223,0.19618055555555555,-4.342013888888889,1,20,0.6,57.0,6,18,0,-2,0
2024,6,Miami,RUS,Mercedes,7.0,7.4,18.0,52.0,4.0,129.0,0.15625,0.8181818181818182,10.0,8.2,32.0,7.0,70.0,0.15,0.8,0.2,8.0,6.8,6.8,1.4,-1.8999999999999995,-1.1000000000000014,1.0,4.5,4.0,0.0,9.0,0.0,2.0,-3.6999999999999993,5.4,0.0,0.0,9.0,0.0,-2.0,1,20,0.6,57.0,6,18,0,-2,0
2024,6,Miami,SAI,Ferrari,4.0,3.8,37.0,157.0,2.0,24.0,0.03125,1.0,3.0,6.0,65.0,4.0,37.0,0.05555555555555555,1.0,1.0,4.333333333333333,6.6,4.25,-0.6,-0.17499999999999982,-0.20000000000000018,0.75,4.0,3.0,1.0,2.5,0.0,2.0,-2.0,4.0,0.0,0.6,3.0,0.0,0.20000000000000018,1,20,0.6,57.0,6,18,0,-2,0
2024,6,Miami,SAR,Williams,15.666666666666666,16.8,0.0,0.0,8.0,181.0,0.43333333333333335,0.4,16.0,16.8,0.0,14.0,102.0,0.3888888888888889,0.25,0.0,19.333333333333332,19.2,19.0,-2.4,3.0,1.5999999999999996,0.25,20.0,20.0,0.0,20.0,1.0,1.0,3.1999999999999993,15.0,0.0,0.0,16.4,0.2,-1.8000000000000007,1,20,0.6,57.0,6,18,0,-2,0
2024,6,Miami,STR,Aston Martin,10.333333333333334,9.8,9.0,42.0,5.0,139.0,0.15625,0.8181818181818182,11.0,12.4,9.0,10.0,93.0,0.25,0.6,0.0,12.0,11.6,11.6,0.8,3.0,2.700000000000001,0.2,11.0,10.0,0.0,14.0,0.0,2.0,-1.4000000000000004,10.2,0.0,0.2,11.6,0.2,0.3999999999999986,1,20,0.6,57.0,6,18,0,-2,0
2024,6,Miami,TSU,RB,17.333333333333332,16.2,0.0,7.0,6.0,174.0,0.59375,0.18181818181818182,12.0,13.0,7.0,11.0,95.0,0.45,0.2,0.0,12.333333333333334,11.4,11.4,1.6,-1.200000000000001,-1.3000000000000007,0.6,11.5,11.0,0.0,13.0,0.0,2.0,-1.5,15.0,0.0,0.0,18.0,0.0,-1.1999999999999993,1,20,0.6,57.0,6,18,0,-2,0
2024,6,Miami,VER,Red Bull Racing,2.6666666666666665,2.2,52.0,193.0,1.0,-12.0,0.09375,0.9090909090909091,7.0,4.6,102.0,1.0,0.0,0.15,0.8,0.8,1.0,1.0,1.0,3.6,-1.0,0.8999999999999999,0.8,1.0,1.0,2.0,6.0,0.0,2.0,-3.5999999999999996,2.4,2.0,0.6,4.2,0.0,0.19999999999999973,1,20,0.6,57.0,6,18,0,-2,0
2024,6,Miami,ZHO,Kick Sauber,16.666666666666668,16.4,0.0,0.0,8.0,181.0,0.59375,0.18181818181818182,15.666666666666666,15.2,0.0,14.0,102.0,0.45,0.2,0.0,18.333333333333332,18.4,18.4,-3.2,2.3999999999999986,-0.8000000000000007,0.4,18.0,16.0,0.0,15.5,0.5,2.0,2.8000000000000007,16.0,0.0,0.0,16.0,0.0,-0.3999999999999986,1,20,0.6,57.0,6,18,0,-2,0
2024,7,Imola,ALB,Williams,18.333333333333332,16.8,0.0,0.0,9.0,211.0,0.46875,0.36363636363636365,16.666666666666668,14.4,0.0,15.0,120.0,0.3181818181818182,0.5,0.0,14.0,13.2,13.166666666666666,1.2,-2.716666666666667,-1.5500000000000007,0.8,11.0,11.0,0.0,20.0,0.0,1.0,-3.4000000000000004,13.5,0.0,0.0,19.0,0.0,-3.3000000000000007,0,10,0.45,57.0,7,17,0,-2,0
2024,7,Imola,ALO,Aston Martin,13.666666666666666,12.0,2.0,42.0,5.0,169.0,0.14705882352941177,0.8333333333333334,7.333333333333333,7.0,33.0,8.0,87.0,0.045454545454545456,1.0,0.16666666666666666,7.666666666666667,7.4,7.166666666666667,-0.4,-2.166666666666667,-2.916666666666667,0.8333333333333334,19.0,19.0,0.0,5.0,1.0,1.0,12.0,9.0,0.0,0.0,12.0,0.0,-3.0,0,10,0.45,57.0,7,17,0,-2,0
2024,7,Imola,BOT,Kick Sauber,14.666666666666666,16.4,0.0,0.0,9.0,211.0,0.5588235294117647,0.25,16.666666666666668,16.2,0.0,15.0,120.0,0.5,0.16666666666666666,0.0,13.0,13.6,14.0,2.6,-2.3333333333333357,0.8333333333333339,0.5,5.0,5.0,0.0,8.0,0.0,1.0,-11.2,10.582624113475177,0.0,0.17163120567375886,10.181560283687942,0.25354609929078015,-5.817375886524822,0,10,0.45,57.0,7,17,0,-2,0
2024,7,Imola,GAS,Alpine,11.0,12.2,1.0,1.0,8.0,210.0,0.5,0.3333333333333333,13.666666666666666,14.8,0.0,15.0,120.0,0.4090909090909091,0.3333333333333333,0.0,14.666666666666666,15.8,16.5,-1.0,0.5833333333333321,0.8333333333333339,0.16666666666666666,12.0,12.0,0.0,17.0,0.0,1.0,-2.8000000000000007,16.5,0.0,0.0,12.0,0.5,4.300000000000001,0,10,0.45,57.0,7,17,0,-2,0
2024,7,Imola,HAM,Mercedes,6.666666666666667,7.2,20.0,56.0,4.0,155.0,0.14705882352941177,0.8333333333333334,8.0,10.2,20.0,9.0,100.0,0.13636363636363635,0.8333333333333334,0.0,11.0,10.4,10.166666666666666,-0.2,1.666666666666666,0.75,0.16666666666666666,13.0,13.0,0.0,13.0,0.0,1.0,2.8000000000000007,8.5,0.0,0.0,12.0,0.0,1.2999999999999998,0,10,0.45,57.0,7,17,0,-2,0
2024,7,Imola,HUL,Haas F1 Team,15.333333333333334,13.8,0.0,5.0,7.0,206.0,0.3235294117647059,0.5833333333333334,10.666666666666666,10.2,4.0,12.0,116.0,0.22727272727272727,0.6666666666666666,0.0,10.0,12.2,11.833333333333334,-2.0,-2.083333333333334,-1.25,0.8333333333333334,9.67741935483871,8.935483870967742,0.0,9.758064516129032,0.20967741935483872,0.0,-0.5225806451612893,13.0,0.0,0.0,8.0,0.0,-0.8000000000000007,0,10,0.45,57.0,7,17,0,-2,0
2024,7,Imola,LEC,Ferrari,4.333333333333333,4.0,35.0,167.0,2.0,44.0,0.029411764705882353,1.0,3.6666666666666665,3.2,86.0,3.0,34.0,0.045454545454545456,1.0,1.0,5.333333333333333,4.6,4.166666666666667,-1.4,0.08333333333333304,-0.033333333333333215,0.5,6.0,6.0,0.0,2.0,0.0,1.0,2.8,13.0,0.0,0.0,6.0,0.5,9.0,0,10,0.45,57.0,7,17,0,-2,0
2024,7,Imola,MAG,Haas F1 Team,13.666666666666666,13.4,0.0,5.0,7.0,206.0,0.3611111111111111,0.5384615384615384,16.0,14.0,1.0,13.0,119.0,0.3181818181818182,0.5,0.0,18.0,16.2,16.0,-2.2,2.083333333333332,1.25,0.16666666666666666,9.0,9.0,0.0,4.0,0.0,1.0,-5.0,12.333333333333334,0.0,0.0,8.666666666666666,0.3333333333333333,-1.0666666666666664,0,10,0.45,57.0,7,17,0,-2,0
2024,7,Imola,NOR,McLaren,7.333333333333333,6.4,29.0,116.0,3.0,95.0,0.029411764705882353,1.0,2.6666666666666665,3.8,80.0,4.0,40.0,0.045454545454545456,1.0,0.6666666666666666,4.0,4.4,4.833333333333333,-0.6,-0.583333333333333,-1.666666666666667,0.8333333333333334,3.0,3.0,1.0,3.0,0.0,1.0,-0.7999999999999998,10.5,0.0,0.5,4.5,0.0,4.1,0,10,0.45,57.0,7,17,0,-2,0
2024,7,Imola,OCO,Alpine,12.666666666666666,12.4,1.0,1.0,8.0,210.0,0.5277777777777778,0.3076923076923077,12.0,13.0,1.0,13.0,119.0,0.4090909090909091,0.3333333333333333,0.0,13.666666666666666,14.6,15.333333333333334,-1.6,-0.5833333333333339,-0.8333333333333339,0.8333333333333334,14.0,14.0,0.0,19.0,0.0,1.0,1.0,16.333333333333332,0.0,0.0,13.0,0.6666666666666666,3.933333333333332,0,10,0.45,57.0,7,17,0,-2,0
2024,7,Imola,PER,Red Bull Racing,2.3333333333333335,2.2,55.0,211.0,1.0,0.0,0.08823529411764706,0.9166666666666666,3.0,3.2,91.0,2.0,29.0,0.045454545454545456,1.0,1.0,2.6666666666666665,2.8,3.1666666666666665,0.4,1.0833333333333335,-0.5833333333333335,0.16666666666666666,2.0,2.0,1.0,7.0,0.0,1.0,-1.2000000000000002,1.5,1.0,1.0,4.0,0.0,-0.7000000000000002,0,10,0.45,57.0,7,17,0,-2,0
2024,7,Imola,PIA,McLaren,5.333333333333333,5.2,43.0,134.0,3.0,77.0,0.027777777777777776,1.0,9.666666666666666,7.4,36.0,6.0,84.0,0.045454545454545456,1.0,0.3333333333333333,5.666666666666667,5.6,6.0,1.8,0.5833333333333339,1.666666666666666,0.16666666666666666,9.67741935483871,8.935483870967742,0.0,9.758064516129032,0.20967741935483872,0.0,2.2774193548387096,7.666666666666667,0.0,0.6666666666666666,4.0,0.0,2.466666666666667,0,10,0.45,57.0,7,17,0,-2,0
2024,7,Imola,RIC,RB,13.666666666666666,13.8,6.0,13.0,6.0,198.0,0.5588235294117647,0.25,17.333333333333332,16.0,0.0,15.0,120.0,0.5,0.16666666666666666,0.0,13.666666666666666,14.6,14.5,1.4,1.6666666666666679,1.75,0.3333333333333333,18.0,18.0,0.0,6.0,0.0,1.0,2.0,10.582624113475177,0.0,0.17163120567375886,10.181560283687942,0.25354609929078015,-3.217375886524824,0,10,0.45,57.0,7,17,0,-2,0
2024,7,Imola,RUS,Mercedes,6.666666666666667,7.0,20.0,64.0,4.0,147.0,0.1388888888888889,0.8461538461538461,7.0,8.8,36.0,6.0,84.0,0.13636363636363635,0.8333333333333334,0.16666666666666666,8.0,7.6,6.833333333333333,1.2,-1.666666666666667,-0.75,0.8333333333333334,4.0,4.0,0.0,11.0,0.0,1.0,-4.800000000000001,7.666666666666667,0.0,0.0,10.666666666666666,0.0,0.666666666666667,0,10,0.45,57.0,7,17,0,-2,0
2024,7,Imola,SAI,Ferrari,3.6666666666666665,4.0,40.0,182.0,2.0,29.0,0.027777777777777776,1.0,4.333333333333333,3.4,75.0,5.0,45.0,0.05,1.0,1.0,4.666666666666667,4.0,4.0,-0.6,-0.08333333333333393,0.033333333333333215,0.6,20.0,20.0,0.0,10.0,1.0,1.0,16.6,9.666666666666666,0.0,0.3333333333333333,5.333333333333333,0.3333333333333333,5.666666666666666,0,10,0.45,57.0,7,17,0,-2,0
2024,7,Imola,SAR,Williams,19.333333333333332,17.4,0.0,0.0,9.0,211.0,0.5,0.3333333333333333,18.0,17.6,0.0,15.0,120.0,0.45,0.2,0.0,18.666666666666668,18.6,18.6,-1.0,2.7166666666666686,1.5500000000000007,0.2,9.67741935483871,8.935483870967742,0.0,9.758064516129032,0.20967741935483872,0.0,-7.9225806451612915,15.666666666666666,0.0,0.0,17.333333333333332,0.3333333333333333,-1.7333333333333325,0,10,0.45,57.0,7,17,0,-2,0
2024,7,Imola,STR,Aston Martin,15.0,13.4,2.0,42.0,5.0,169.0,0.19444444444444445,0.7692307692307693,14.666666666666666,13.8,9.0,11.0,111.0,0.22727272727272727,0.6666666666666666,0.0,12.666666666666666,11.4,11.5,2.4,2.166666666666666,2.916666666666666,0.16666666666666666,10.0,10.0,0.0,15.0,0.0,1.0,-3.8000000000000007,12.333333333333334,0.0,0.0,14.333333333333334,0.3333333333333333,-1.0666666666666664,0,10,0.45,57.0,7,17,0,-2,0
2024,7,Imola,TSU,RB,11.666666666666666,14.4,6.0,13.0,6.0,198.0,0.5833333333333334,0.23076923076923078,12.0,11.6,13.0,10.0,107.0,0.4090909090909091,0.3333333333333333,0.0,13.0,11.2,11.166666666666666,0.4,-1.666666666666666,-1.75,0.6666666666666666,7.0,7.0,0.0,16.0,0.0,1.0,-4.6,13.0,0.0,0.0,9.0,1.0,-1.4000000000000004,0,10,0.45,57.0,7,17,0,-2,0
2024,7,Imola,VER,Red Bull Racing,4.666666666666667,3.6,34.0,215.0,1.0,-4.0,0.08333333333333333,0.9230769230769231,1.3333333333333333,4.8,120.0,1.0,0.0,0.13636363636363635,0.8333333333333334,0.8333333333333334,1.0,1.0,1.0,3.8,-1.083333333333333,0.5833333333333335,0.8333333333333334,1.0,1.0,1.0,1.0,0.0,1.0,-3.8,3.6666666666666665,1.0,0.6666666666666666,6.333333333333333,0.0,0.06666666666666643,0,10,0.45,57.0,7,17,0,-2,1
2024,7,Imola,ZHO,Kick Sauber,16.0,16.4,0.0,0.0,9.0,211.0,0.5833333333333334,0.23076923076923078,15.333333333333334,15.8,0.0,15.0,120.0,0.4090909090909091,0.3333333333333333,0.0,18.666666666666668,19.0,18.666666666666668,-3.2,2.333333333333332,-0.8333333333333339,0.5,15.0,15.0,0.0,14.0,0.0,1.0,-0.8000000000000007,18.0,0.0,0.0,16.0,1.0,1.6000000000000014,0,10,0.45,57.0,7,17,0,-2,0
2024,8,Monaco,ALB,Williams,19.0,18.4,0.0,0.0,9.0,240.0,0.5277777777777778,0.3076923076923077,16.666666666666668,16.2,0.0,15.0,145.0,0.375,0.42857142857142855,0.0,14.0,13.6,13.285714285714286,2.6,-2.7738095238095237,-1.1071428571428559,0.6666666666666666,16.0,14.0,0.0,14.5,1.0,2.0,-0.1999999999999993,16.25,0.0,0.0,16.0,0.75,-2.1499999999999986,1,3,0.75,57.0,8,16,0,-2,0
2024,8,Monaco,ALO,Aston Martin,15.0,13.8,2.0,44.0,5.0,196.0,0.18421052631578946,0.7857142857142857,11.666666666666666,9.8,33.0,8.0,112.0,0.125,0.8571428571428571,0.14285714285714285,12.333333333333334,10.4,8.857142857142858,-0.6,-1.428571428571427,-1.7857142857142847,0.7142857142857143,4.5,2.0,1.0,4.5,0.0,2.0,-5.300000000000001,11.5,0.0,0.25,10.75,0.25,-2.3000000000000007,1,3,0.75,57.0,8,16,0,-2,0
2024,8,Monaco,BOT,Kick Sauber,15.666666666666666,15.4,0.0,0.0,9.0,240.0,0.6052631578947368,0.21428571428571427,18.0,16.4,0.0,15.0,145.0,0.5416666666666666,0.14285714285714285,0.0,14.0,13.6,14.285714285714286,2.8,-2.071428571428571,0.9285714285714288,0.42857142857142855,10.0,9.0,0.0,13.5,0.5,2.0,-6.399999999999999,10.240298507462686,0.0,0.14420753375977255,10.225124378109454,0.365636105188344,-5.159701492537314,1,3,0.75,57.0,8,16,0,-2,0
2024,8,Monaco,GAS,Alpine,13.333333333333334,12.6,1.0,1.0,8.0,239.0,0.5526315789473685,0.2857142857142857,13.666666666666666,14.0,0.0,15.0,145.0,0.4583333333333333,0.2857142857142857,0.0,14.0,15.2,16.285714285714285,-1.2,0.7142857142857135,0.8571428571428577,0.14285714285714285,9.0,7.0,0.0,12.0,0.0,2.0,-5.0,7.25,0.0,0.25,7.0,0.0,-5.35,1,3,0.75,57.0,8,16,0,-2,0
2024,8,Monaco,HAM,Mercedes,7.0,6.6,19.0,71.0,4.0,169.0,0.13157894736842105,0.8571428571428571,7.0,9.6,28.0,9.0,117.0,0.125,0.8571428571428571,0.0,11.333333333333334,10.4,9.857142857142858,-0.8,1.5714285714285712,0.5714285714285712,0.2857142857142857,6.0,4.0,0.0,7.0,0.0,2.0,-3.5999999999999996,5.5,0.0,0.0,7.0,0.0,-1.0999999999999996,1,3,0.75,57.0,8,16,0,-2,0
2024,8,Monaco,HUL,Haas F1 Team,14.0,13.8,0.0,5.0,7.0,235.0,0.39473684210526316,0.5,10.666666666666666,10.4,4.0,12.0,141.0,0.2916666666666667,0.5714285714285714,0.0,9.333333333333334,11.2,11.571428571428571,-0.8,-2.357142857142856,-1.1428571428571423,0.8571428571428571,17.0,17.0,0.0,18.0,1.0,1.0,6.6,18.75,0.0,0.0,15.75,1.0,4.949999999999999,1,3,0.75,57.0,8,16,0,-2,0
2024,8,Monaco,LEC,Ferrari,4.333333333333333,4.2,35.0,192.0,2.0,48.0,0.02631578947368421,1.0,3.3333333333333335,3.2,101.0,2.0,44.0,0.041666666666666664,1.0,1.0,4.0,5.0,4.142857142857143,-1.8,-0.011904761904761862,-0.1904761904761907,0.5714285714285714,5.0,4.0,0.0,2.0,0.0,2.0,1.7999999999999998,5.0,0.0,0.25,2.75,0.0,0.7999999999999998,1,3,0.75,57.0,8,16,0,-2,1
2024,8,Monaco,MAG,Haas F1 Team,14.0,14.4,0.0,5.0,7.0,235.0,0.425,0.4666666666666667,15.666666666666666,14.0,1.0,13.0,144.0,0.375,0.42857142857142855,0.0,18.0,17.2,16.285714285714285,-3.2,2.3571428571428577,1.1428571428571441,0.14285714285714285,19.5,19.0,0.0,15.0,1.0,2.0,5.5,18.8,0.0,0.0,15.4,1.0,4.4,1,3,0.75,57.0,8,16,0,-2,0
2024,8,Monaco,NOR,McLaren,6.333333333333333,5.6,30.0,146.0,3.0,94.0,0.02631578947368421,1.0,1.6666666666666667,2.6,98.0,3.0,47.0,0.041666666666666664,1.0,0.7142857142857143,4.0,3.8,4.571428571428571,-1.2,-0.4285714285714288,-1.5714285714285716,0.8571428571428571,7.5,6.0,0.0,7.5,0.5,2.0,4.9,9.5,0.0,0.0,10.0,0.5,3.9000000000000004,1,3,0.75,57.0,8,16,0,-2,0
2024,8,Monaco,OCO,Alpine,13.333333333333334,12.4,1.0,2.0,8.0,238.0,0.575,0.26666666666666666,11.666666666666666,13.2,1.0,13.0,144.0,0.4583333333333333,0.2857142857142857,0.0,12.666666666666666,13.6,14.857142857142858,-0.4,-0.7142857142857135,-0.8571428571428577,0.8571428571428571,7.5,3.0,1.0,7.0,0.0,2.0,-5.699999999999999,7.8,0.0,0.2,7.6,0.2,-4.6000000000000005,1,3,0.75,57.0,8,16,0,-2,0
2024,8,Monaco,PER,Red Bull Racing,3.6666666666666665,3.2,47.0,240.0,1.0,0.0,0.07894736842105263,0.9285714285714286,5.0,4.4,95.0,4.0,50.0,0.041666666666666664,1.0,0.8571428571428571,5.666666666666667,4.4,4.285714285714286,0.0,1.6428571428571428,0.0,0.14285714285714285,8.5,1.0,1.0,11.5,0.5,2.0,4.1,5.25,2.0,0.75,7.0,0.25,2.05,1,3,0.75,57.0,8,16,0,-2,0
2024,8,Monaco,PIA,McLaren,3.3333333333333335,4.8,42.0,158.0,3.0,82.0,0.025,1.0,8.333333333333334,7.4,48.0,6.0,97.0,0.041666666666666664,1.0,0.42857142857142855,4.333333333333333,5.0,5.428571428571429,2.4,0.4285714285714288,1.5714285714285712,0.14285714285714285,10.0,10.0,0.0,11.0,1.0,1.0,2.5999999999999996,8.4,0.0,0.0,8.8,0.4,3.6000000000000005,1,3,0.75,57.0,8,16,0,-2,0
2024,8,Monaco,RIC,RB,10.0,12.8,7.0,14.0,6.0,226.0,0.6052631578947368,0.21428571428571427,15.333333333333334,15.4,0.0,15.0,145.0,0.5416666666666666,0.14285714285714285,0.0,13.0,13.6,13.714285714285714,1.8,1.5714285714285712,1.7142857142857153,0.2857142857142857,13.0,13.0,0.0,14.0,0.0,1.0,-2.4000000000000004,10.240298507462686,0.0,0.14420753375977255,10.225124378109454,0.365636105188344,-2.5597014925373145,1,3,0.75,57.0,8,16,0,-2,0
2024,8,Monaco,RUS,Mercedes,6.666666666666667,6.8,22.0,78.0,4.0,162.0,0.125,0.8666666666666667,7.0,9.0,43.0,7.0,102.0,0.125,0.8571428571428571,0.14285714285714285,7.0,7.4,6.714285714285714,1.6,-1.571428571428572,-0.5714285714285712,0.7142857142857143,5.0,5.0,0.0,7.0,0.0,2.0,-4.0,5.8,0.0,0.0,7.0,0.0,-1.0,1,3,0.75,57.0,8,16,0,-2,0
2024,8,Monaco,SAI,Ferrari,3.0,3.4,50.0,217.0,2.0,23.0,0.025,1.0,5.0,3.8,85.0,5.0,60.0,0.045454545454545456,1.0,1.0,5.0,4.2,4.166666666666667,-0.4,0.011904761904761862,0.19047619047619024,0.5,5.0,2.0,1.0,3.5,0.0,2.0,1.2000000000000002,4.2,1.0,0.4,2.4,0.0,0.8000000000000003,1,3,0.75,57.0,8,16,0,-2,0
2024,8,Monaco,SAR,Williams,15.333333333333334,16.8,2.0,2.0,9.0,238.0,0.5526315789473685,0.2857142857142857,18.0,17.0,0.0,15.0,145.0,0.5,0.16666666666666666,0.0,19.0,19.0,18.833333333333332,-2.0,2.773809523809522,1.1071428571428577,0.3333333333333333,18.0,18.0,0.0,16.0,1.0,1.0,1.0,14.8,0.0,0.0,14.6,0.8,-2.0,1,3,0.75,57.0,8,16,0,-2,0
2024,8,Monaco,STR,Aston Martin,13.0,13.0,2.0,44.0,5.0,196.0,0.225,0.7333333333333333,13.666666666666666,11.8,11.0,11.0,134.0,0.20833333333333334,0.7142857142857143,0.0,11.666666666666666,12.0,11.714285714285714,-0.2,1.4285714285714288,1.7857142857142865,0.2857142857142857,17.0,14.0,0.0,16.0,0.5,2.0,5.199999999999999,11.4,0.0,0.2,11.4,0.4,-1.5999999999999996,1,3,0.75,57.0,8,16,0,-2,0
2024,8,Monaco,TSU,RB,11.666666666666666,11.4,1.0,14.0,6.0,226.0,0.625,0.2,12.0,10.6,14.0,10.0,131.0,0.4583333333333333,0.2857142857142857,0.0,12.0,10.8,10.571428571428571,-0.2,-1.5714285714285712,-1.7142857142857135,0.7142857142857143,16.0,15.0,0.0,10.0,0.5,2.0,5.4,12.0,0.0,0.0,12.0,1.0,0.5999999999999996,1,3,0.75,57.0,8,16,0,-2,0
2024,8,Monaco,VER,Red Bull Racing,9.0,6.6,29.0,240.0,1.0,0.0,0.125,0.8666666666666667,1.3333333333333333,4.8,145.0,1.0,0.0,0.125,0.8571428571428571,0.8571428571428571,1.0,1.0,1.0,3.8,-1.6428571428571428,0.0,0.8571428571428571,2.0,1.0,2.0,2.5,0.0,2.0,-2.8,7.8,2.0,0.6,8.8,0.4,1.2000000000000002,1,3,0.75,57.0,8,16,0,-2,0
2024,8,Monaco,ZHO,Kick Sauber,15.333333333333334,15.2,0.0,0.0,9.0,240.0,0.625,0.2,14.333333333333334,15.2,0.0,15.0,145.0,0.4583333333333333,0.2857142857142857,0.0,17.666666666666668,18.4,18.428571428571427,-3.2,2.0714285714285694,-0.9285714285714288,0.5714285714285714,14.5,13.0,0.0,19.5,0.5,2.0,-0.6999999999999993,13.0,0.0,0.0,17.0,1.0,-2.1999999999999993,1,3,0.75,57.0,8,16,0,-2,0
2024,9,Montréal,ALB,Williams,13.666666666666666,16.2,2.0,2.0,8.0,246.0,0.575,0.26666666666666666,15.666666666666666,15.8,2.0,13.0,151.0,0.4230769230769231,0.375,0.0,12.333333333333334,13.0,12.75,2.8,-2.7678571428571423,-1.3214285714285712,0.7142857142857143,10.0,7.0,0.0,11.0,0.0,2.0,-5.800000000000001,14.0,0.0,0.0,15.0,0.25,-2.1999999999999993,1,18,0.45,57.0,9,15,0,-2,0
2024,9,Montréal,ALO,Aston Martin,11.333333333333334,14.0,2.0,44.0,5.0,204.0,0.2619047619047619,0.6875,13.0,10.4,33.0,9.0,120.0,0.19230769230769232,0.75,0.125,16.0,11.2,9.5,-0.8,-1.1875,-1.75,0.75,5.5,2.0,1.0,2.5,0.0,2.0,-4.9,8.25,0.0,0.25,12.75,0.0,-5.75,1,18,0.45,57.0,9,15,0,-2,0
2024,9,Montréal,BOT,Kick Sauber,14.666666666666666,15.2,0.0,0.0,10.0,248.0,0.6428571428571429,0.1875,15.666666666666666,16.2,0.0,17.0,153.0,0.5769230769230769,0.125,0.0,16.333333333333332,14.4,14.625,1.8,-1.875,0.625,0.5,8.5,7.0,0.0,13.0,0.0,2.0,-7.699999999999999,10.432089552238807,0.0,0.149182658137882,10.19502487562189,0.2052594171997157,-4.767910447761192,1,18,0.45,57.0,9,15,0,-2,0
2024,9,Montréal,GAS,Alpine,13.666666666666666,13.4,1.0,2.0,8.0,246.0,0.5952380952380952,0.25,12.666666666666666,13.4,1.0,14.0,152.0,0.5,0.25,0.0,12.333333333333334,13.8,15.5,-0.4,0.5625,0.3125,0.25,13.0,12.0,0.0,16.5,0.0,2.0,-0.40000000000000036,8.75,0.0,0.0,8.0,0.0,-4.65,1,18,0.45,57.0,9,15,0,-2,0
2024,9,Montréal,HAM,Mercedes,6.333333333333333,6.6,24.0,88.0,4.0,160.0,0.11904761904761904,0.875,6.333333333333333,7.4,35.0,8.0,118.0,0.11538461538461539,0.875,0.0,7.666666666666667,9.6,9.5,-2.2,1.5,0.625,0.25,3.0,3.0,2.0,4.0,0.0,2.0,-4.4,7.25,0.0,0.5,5.25,0.25,0.6500000000000004,1,18,0.45,57.0,9,15,0,-2,0
2024,9,Montréal,HUL,Haas F1 Team,17.0,16.2,0.0,5.0,7.0,243.0,0.4523809523809524,0.4375,13.666666666666666,12.4,4.0,12.0,149.0,0.34615384615384615,0.5,0.0,11.0,10.8,11.875,1.6,-2.125,-1.0625,0.875,15.0,15.0,0.0,2.0,1.0,1.0,2.5999999999999996,17.0,0.0,0.0,6.75,0.75,0.8000000000000007,1,18,0.45,57.0,9,15,0,-2,0
2024,9,Montréal,LEC,Ferrari,3.0,3.4,50.0,232.0,2.0,16.0,0.023809523809523808,1.0,2.3333333333333335,3.0,126.0,2.0,27.0,0.038461538461538464,1.0,1.0,2.3333333333333335,4.2,3.75,-1.2,-0.125,-0.2857142857142856,0.625,4.5,4.0,0.0,13.0,0.0,2.0,1.5,4.0,0.0,0.25,9.25,0.0,0.6000000000000001,1,18,0.45,57.0,9,15,0,-2,0
2024,9,Montréal,MAG,Haas F1 Team,16.666666666666668,14.6,0.0,5.0,7.0,243.0,0.4318181818181818,0.47058823529411764,17.0,16.0,1.0,14.0,152.0,0.4230769230769231,0.375,0.0,17.333333333333332,17.4,16.125,-1.4,2.125,1.0625,0.125,17.0,17.0,0.0,9.5,0.5,2.0,1.0,15.8,0.0,0.0,9.2,0.6,1.200000000000001,1,18,0.45,57.0,9,15,0,-2,0
2024,9,Montréal,NOR,McLaren,3.3333333333333335,5.0,42.0,176.0,3.0,72.0,0.023809523809523808,1.0,2.3333333333333335,2.8,110.0,3.0,43.0,0.038461538461538464,1.0,0.75,4.0,3.8,4.5,-1.0,-0.25,-1.25,0.75,14.0,13.0,0.0,10.5,0.0,2.0,11.2,12.5,0.0,0.0,9.75,0.0,7.5,1,18,0.45,57.0,9,15,0,-2,0
2024,9,Montréal,OCO,Alpine,12.0,13.2,3.0,4.0,8.0,244.0,0.5681818181818182,0.29411764705882354,13.666666666666666,13.4,1.0,14.0,152.0,0.5,0.25,0.0,12.0,12.8,14.375,0.6,-0.5625,-0.3125,0.75,7.0,6.0,0.0,6.5,0.0,2.0,-6.4,8.8,0.0,0.0,9.4,0.0,-4.399999999999999,1,18,0.45,57.0,9,15,0,-2,0
2024,9,Montréal,PER,Red Bull Racing,8.333333333333334,7.0,33.0,248.0,1.0,0.0,0.11904761904761904,0.875,10.0,7.0,95.0,5.0,58.0,0.11538461538461539,0.875,0.75,10.333333333333334,7.0,5.75,0.0,2.0625,0.75,0.125,13.0,6.0,0.0,12.5,0.5,2.0,6.0,7.0,2.0,0.5,6.75,0.25,0.0,1,18,0.45,57.0,9,15,0,-2,0
2024,9,Montréal,PIA,McLaren,2.6666666666666665,2.8,48.0,194.0,3.0,54.0,0.022727272727272728,1.0,6.333333333333333,7.0,66.0,6.0,87.0,0.038461538461538464,1.0,0.5,3.3333333333333335,4.2,5.0,2.8,0.25,1.25,0.25,11.0,11.0,0.0,9.0,0.0,1.0,4.0,10.4,0.0,0.2,8.4,0.0,7.6000000000000005,1,18,0.45,57.0,9,15,0,-2,0
2024,9,Montréal,RIC,RB,10.0,10.0,5.0,18.0,6.0,230.0,0.6428571428571429,0.1875,13.333333333333334,15.4,0.0,17.0,153.0,0.5769230769230769,0.125,0.0,13.0,12.4,13.5,3.0,1.625,1.75,0.25,11.0,11.0,0.0,9.0,0.0,1.0,-4.4,10.432089552238807,0.0,0.149182658137882,10.19502487562189,0.2052594171997157,0.4320895522388071,1,18,0.45,57.0,9,15,0,-2,0
2024,9,Montréal,RUS,Mercedes,5.333333333333333,5.8,30.0,101.0,4.0,147.0,0.11363636363636363,0.8823529411764706,6.666666666666667,6.6,53.0,7.0,100.0,0.11538461538461539,0.875,0.25,6.0,7.0,6.5,-0.4,-1.5,-0.625,0.75,11.5,4.0,0.0,6.5,0.5,2.0,4.9,6.6,0.0,0.4,5.6,0.2,0.7999999999999998,1,18,0.45,57.0,9,15,0,-2,0
2024,9,Montréal,SAI,Ferrari,7.666666666666667,6.2,40.0,232.0,2.0,16.0,0.06818181818181818,0.9411764705882353,4.333333333333333,4.2,100.0,4.0,53.0,0.041666666666666664,1.0,1.0,3.6666666666666665,4.4,4.0,-0.2,0.125,0.28571428571428603,0.42857142857142855,3.5,2.0,1.0,5.5,0.0,2.0,-0.7000000000000002,7.0,0.0,0.2,9.6,0.2,0.7999999999999998,1,18,0.45,57.0,9,15,0,-2,0
2024,9,Montréal,SAR,Williams,13.666666666666666,15.6,2.0,2.0,8.0,246.0,0.5952380952380952,0.25,17.333333333333332,17.2,0.0,17.0,153.0,0.5416666666666666,0.14285714285714285,0.0,17.333333333333332,18.2,18.285714285714285,-1.0,2.7678571428571423,1.3214285714285712,0.2857142857142857,20.0,20.0,0.0,19.0,1.0,1.0,2.8000000000000007,14.6,0.0,0.0,14.0,0.4,-1.0,1,18,0.45,57.0,9,15,0,-2,0
2024,9,Montréal,STR,Aston Martin,10.333333333333334,11.8,8.0,52.0,5.0,196.0,0.25,0.7058823529411765,13.333333333333334,13.4,11.0,11.0,142.0,0.2692307692307692,0.625,0.0,12.333333333333334,12.8,11.875,0.6,1.1875,1.75,0.25,9.5,9.0,0.0,15.5,0.0,2.0,-3.9000000000000004,7.8,0.0,0.2,11.4,0.0,-4.000000000000001,1,18,0.45,57.0,9,15,0,-2,0
2024,9,Montréal,TSU,RB,9.333333333333334,10.2,8.0,22.0,6.0,226.0,0.6136363636363636,0.23529411764705882,8.333333333333334,10.8,18.0,10.0,135.0,0.5,0.25,0.0,8.333333333333334,10.8,10.25,0.0,-1.625,-1.75,0.75,16.0,14.0,0.0,18.0,0.5,2.0,5.199999999999999,8.0,0.0,0.0,5.0,0.0,-2.1999999999999993,1,18,0.45,57.0,9,15,0,-2,0
2024,9,Montréal,VER,Red Bull Racing,14.0,10.2,8.0,248.0,1.0,0.0,0.1590909090909091,0.8235294117647058,3.0,2.2,153.0,1.0,0.0,0.11538461538461539,0.875,0.75,2.6666666666666665,2.0,1.625,0.2,-2.0625,-0.75,0.875,1.0,1.0,2.0,1.0,0.0,2.0,-1.2000000000000002,9.2,2.0,0.4,8.6,0.4,-1.0,1,18,0.45,57.0,9,15,0,-2,1
2024,9,Montréal,ZHO,Kick Sauber,14.0,15.0,0.0,0.0,10.0,248.0,0.6136363636363636,0.23529411764705882,15.0,15.4,0.0,17.0,153.0,0.5,0.25,0.0,18.333333333333332,18.2,18.375,-2.8,1.875,-0.625,0.5,12.0,8.0,0.0,15.0,0.5,2.0,-3.4000000000000004,13.0,0.0,0.0,17.0,0.0,-2.0,1,18,0.45,57.0,9,15,0,-2,0
2024,10,Barcelona,ALB,Williams,17.333333333333332,15.6,0.0,2.0,9.0,271.0,0.6136363636363636,0.23529411764705882,15.333333333333334,15.2,2.0,15.0,176.0,0.4642857142857143,0.3333333333333333,0.0,11.0,12.2,12.444444444444445,3.0,-2.590277777777777,-1.3611111111111107,0.75,17.0,16.0,0.0,18.5,0.5,2.0,1.8000000000000007,17.5,0.0,0.0,19.25,0.5,1.9000000000000004,0,18,0.45,57.0,10,14,0,-2,0
2024,10,Barcelona,ALO,Aston Martin,9.0,9.4,14.0,58.0,5.0,215.0,0.2391304347826087,0.7222222222222222,12.0,10.4,41.0,9.0,137.0,0.17857142857142858,0.7777777777777778,0.1111111111111111,13.0,11.4,9.11111111111111,-1.0,-1.2222222222222214,-1.6111111111111107,0.7777777777777778,8.0,7.0,0.0,13.0,0.0,2.0,-2.4000000000000004,9.75,0.0,0.0,12.25,0.0,0.34999999999999964,0,18,0.45,57.0,10,14,0,-2,0
2024,10,Barcelona,BOT,Kick Sauber,14.666666666666666,14.4,0.0,0.0,10.0,273.0,0.6304347826086957,0.2222222222222222,14.666666666666666,16.0,0.0,18.0,178.0,0.5357142857142857,0.2222222222222222,0.0,16.666666666666668,15.2,14.88888888888889,0.8,-1.8333333333333321,0.44444444444444464,0.5555555555555556,12.5,6.0,0.0,11.5,0.5,2.0,-3.5,10.51818181818182,0.0,0.14942279942279943,10.291161616161617,0.23127705627705628,-3.881818181818181,0,18,0.45,57.0,10,14,0,-2,0
2024,10,Barcelona,GAS,Alpine,12.0,12.0,3.0,5.0,7.0,268.0,0.5434782608695652,0.3333333333333333,11.666666666666666,12.0,3.0,14.0,175.0,0.4642857142857143,0.3333333333333333,0.0,13.333333333333334,13.4,15.444444444444445,-1.4,0.3333333333333339,0.22222222222222143,0.3333333333333333,11.5,10.0,0.0,9.0,0.0,2.0,-0.5,8.5,0.0,0.0,10.0,0.0,-3.5,0,18,0.45,57.0,10,14,0,-2,0
2024,10,Barcelona,HAM,Mercedes,4.0,5.2,38.0,116.0,4.0,157.0,0.10869565217391304,0.8888888888888888,5.666666666666667,6.4,48.0,8.0,130.0,0.10714285714285714,0.8888888888888888,0.1111111111111111,7.333333333333333,9.6,9.222222222222221,-3.2,1.666666666666666,0.6111111111111116,0.2222222222222222,3.5,2.0,1.0,5.5,0.0,2.0,-2.9000000000000004,3.25,0.0,0.75,6.75,0.0,-1.9500000000000002,0,18,0.45,57.0,10,14,0,-2,0
2024,10,Barcelona,HUL,Haas F1 Team,14.333333333333334,14.8,0.0,5.0,7.0,268.0,0.41304347826086957,0.5,13.666666666666666,12.4,4.0,12.0,174.0,0.32142857142857145,0.5555555555555556,0.0,14.333333333333334,12.2,12.666666666666666,0.2,-1.6111111111111125,-1.0,0.8888888888888888,15.0,15.0,0.0,8.0,1.0,1.0,2.5999999999999996,16.0,0.0,0.0,10.75,0.5,1.1999999999999993,0,18,0.45,57.0,10,14,0,-2,0
2024,10,Barcelona,LEC,Ferrari,12.666666666666666,8.8,15.0,232.0,2.0,41.0,0.10869565217391304,0.8888888888888888,7.666666666666667,6.0,126.0,3.0,52.0,0.10714285714285714,0.8888888888888888,0.8888888888888888,5.333333333333333,4.8,4.555555555555555,1.2,-0.22222222222222232,-0.1736111111111116,0.5555555555555556,15.5,11.0,0.0,10.0,0.5,2.0,9.5,10.0,0.0,0.0,6.25,0.25,1.1999999999999993,0,18,0.45,57.0,10,14,0,-2,0
2024,10,Barcelona,MAG,Haas F1 Team,11.333333333333334,14.6,0.0,5.0,7.0,268.0,0.3958333333333333,0.5263157894736842,14.666666666666666,15.8,1.0,17.0,177.0,0.39285714285714285,0.4444444444444444,0.0,15.666666666666666,16.6,15.88888888888889,-0.8,1.6111111111111107,1.0,0.1111111111111111,17.5,17.0,0.0,12.5,0.5,2.0,1.6999999999999993,15.0,0.0,0.0,11.2,0.4,0.40000000000000036,0,18,0.45,57.0,10,14,0,-2,0
2024,10,Barcelona,NOR,McLaren,3.0,3.4,46.0,204.0,3.0,69.0,0.021739130434782608,1.0,2.6666666666666665,2.2,128.0,2.0,50.0,0.03571428571428571,1.0,0.7777777777777778,3.3333333333333335,3.8,4.333333333333333,-1.6,-0.2777777777777777,-1.2777777777777781,0.7777777777777778,12.5,8.0,0.0,7.0,0.5,2.0,10.3,12.5,0.0,0.0,8.25,0.5,9.1,0,18,0.45,57.0,10,14,0,-2,0
2024,10,Barcelona,OCO,Alpine,9.333333333333334,11.0,5.0,7.0,7.0,266.0,0.5208333333333334,0.3684210526315789,13.666666666666666,12.4,2.0,15.0,176.0,0.4642857142857143,0.3333333333333333,0.0,13.666666666666666,13.4,14.777777777777779,-1.0,-0.33333333333333215,-0.2222222222222232,0.6666666666666666,7.5,7.0,0.0,9.5,0.0,2.0,-4.9,8.6,0.0,0.0,9.4,0.0,-2.4000000000000004,0,18,0.45,57.0,10,14,0,-2,0
2024,10,Barcelona,PER,Red Bull Racing,8.333333333333334,8.8,33.0,273.0,1.0,0.0,0.15217391304347827,0.8333333333333334,14.666666666666666,10.2,95.0,5.0,83.0,0.17857142857142858,0.7777777777777778,0.6666666666666666,14.333333333333334,9.8,6.888888888888889,0.4,2.6111111111111116,1.6111111111111116,0.1111111111111111,3.0,2.0,1.0,8.0,0.0,2.0,-7.199999999999999,2.0,2.0,0.75,4.75,0.0,-6.800000000000001,0,18,0.45,57.0,10,14,0,-2,0
2024,10,Barcelona,PIA,McLaren,3.0,3.0,47.0,223.0,3.0,50.0,0.020833333333333332,1.0,3.6666666666666665,6.4,76.0,6.0,102.0,0.03571428571428571,1.0,0.5555555555555556,2.6666666666666665,3.8,4.888888888888889,2.6,0.27777777777777857,1.2777777777777777,0.2222222222222222,13.0,13.0,0.0,10.0,1.0,1.0,6.6,10.4,0.0,0.2,6.8,0.4,7.4,0,18,0.45,57.0,10,14,0,-2,0
2024,10,Barcelona,RIC,RB,10.0,10.4,8.0,22.0,6.0,251.0,0.5869565217391305,0.2777777777777778,11.0,13.2,4.0,12.0,174.0,0.5357142857142857,0.2222222222222222,0.0,8.666666666666666,11.2,12.555555555555555,2.0,1.2777777777777768,1.2222222222222214,0.3333333333333333,12.0,12.0,0.0,9.0,0.0,1.0,-1.1999999999999993,10.51818181818182,0.0,0.14942279942279943,10.291161616161617,0.23127705627705628,0.11818181818181905,0,18,0.45,57.0,10,14,0,-2,0
2024,10,Barcelona,RUS,Mercedes,3.3333333333333335,4.4,43.0,131.0,4.0,142.0,0.10416666666666667,0.8947368421052632,5.0,5.8,68.0,7.0,110.0,0.10714285714285714,0.8888888888888888,0.3333333333333333,4.0,5.4,5.888888888888889,0.4,-1.666666666666666,-0.6111111111111116,0.7777777777777778,3.0,3.0,2.0,8.0,0.0,2.0,-2.8,3.2,0.0,0.8,6.0,0.0,-1.2000000000000002,0,18,0.45,57.0,10,14,0,-2,0
2024,10,Barcelona,SAI,Ferrari,13.333333333333334,8.8,10.0,242.0,2.0,31.0,0.10416666666666667,0.8947368421052632,8.0,6.8,100.0,4.0,78.0,0.11538461538461539,0.875,0.875,6.666666666666667,6.0,5.0,0.8,0.22222222222222232,0.17361111111111072,0.5,4.5,4.0,0.0,2.5,0.0,2.0,-2.3,9.0,0.0,0.0,6.0,0.2,0.1999999999999993,0,18,0.45,57.0,10,14,0,-2,0
2024,10,Barcelona,SAR,Williams,18.333333333333332,15.8,0.0,2.0,9.0,271.0,0.6304347826086957,0.2222222222222222,17.333333333333332,17.8,0.0,18.0,178.0,0.5769230769230769,0.125,0.0,16.0,17.0,17.625,0.8,2.5902777777777786,1.3611111111111107,0.25,20.0,20.0,0.0,20.0,1.0,1.0,2.1999999999999993,17.6,0.0,0.0,19.2,0.6,1.8000000000000007,0,18,0.45,57.0,10,14,0,-2,0
2024,10,Barcelona,STR,Aston Martin,8.333333333333334,10.0,14.0,58.0,5.0,215.0,0.2708333333333333,0.6842105263157895,10.0,12.4,17.0,11.0,161.0,0.25,0.6666666666666666,0.0,11.666666666666666,11.4,11.555555555555555,1.0,1.2222222222222232,1.6111111111111107,0.2222222222222222,10.5,6.0,0.0,12.0,0.0,2.0,-1.9000000000000004,10.2,0.0,0.0,12.0,0.2,0.1999999999999993,0,18,0.45,57.0,10,14,0,-2,0
2024,10,Barcelona,TSU,RB,12.333333333333334,11.4,4.0,22.0,6.0,251.0,0.6041666666666666,0.2631578947368421,10.666666666666666,11.6,18.0,10.0,160.0,0.4642857142857143,0.3333333333333333,0.0,7.666666666666667,10.4,10.0,1.2,-1.2777777777777786,-1.2222222222222232,0.6666666666666666,11.0,10.0,0.0,14.0,0.0,2.0,-0.5999999999999996,15.0,0.0,0.0,18.0,1.0,3.5999999999999996,0,18,0.45,57.0,10,14,0,-2,0
2024,10,Barcelona,VER,Red Bull Racing,9.0,10.2,29.0,277.0,1.0,-4.0,0.14583333333333334,0.8421052631578947,2.6666666666666665,2.2,178.0,1.0,0.0,0.10714285714285714,0.8888888888888888,0.7777777777777778,3.0,2.2,1.6666666666666667,0.0,-2.6111111111111107,-1.6111111111111112,0.8888888888888888,1.0,1.0,2.0,1.5,0.0,2.0,-1.2000000000000002,3.2,2.0,0.6,5.4,0.0,-6.999999999999999,0,18,0.45,57.0,10,14,0,-2,1
2024,10,Barcelona,ZHO,Kick Sauber,14.666666666666666,14.6,0.0,0.0,10.0,273.0,0.6458333333333334,0.21052631578947367,15.333333333333334,14.8,0.0,18.0,178.0,0.5357142857142857,0.2222222222222222,0.0,18.333333333333332,18.2,18.555555555555557,-3.4,1.8333333333333357,-0.44444444444444464,0.4444444444444444,14.0,9.0,0.0,14.0,0.5,2.0,-0.8000000000000007,16.0,0.0,0.0,12.0,1.0,1.4000000000000004,0,18,0.45,57.0,10,14,0,-2,0
2024,11,Spielberg,ALB,Williams,19.333333333333332,18.0,0.0,2.0,9.0,300.0,0.6458333333333334,0.21052631578947367,14.666666666666666,16.4,2.0,16.0,201.0,0.5,0.3,0.0,12.666666666666666,13.2,13.1,3.2,-2.394444444444444,-1.3388888888888903,0.7777777777777778,11.5,11.0,0.0,10.5,0.0,2.0,-4.899999999999999,13.75,0.0,0.0,14.5,0.5,-4.25,0,18,0.45,57.0,11,13,0,-2,0
2024,11,Spielberg,ALO,Aston Martin,11.0,10.6,6.0,58.0,5.0,244.0,0.3,0.65,9.666666666666666,11.4,41.0,9.0,162.0,0.23333333333333334,0.7,0.1,10.333333333333334,13.0,9.3,-1.6,-1.25,-1.5500000000000007,0.8,7.5,5.0,0.0,7.5,0.0,2.0,-3.9000000000000004,11.0,0.0,0.0,12.5,0.0,0.40000000000000036,0,18,0.45,57.0,11,13,0,-2,0
2024,11,Spielberg,BOT,Kick Sauber,14.666666666666666,14.6,0.0,0.0,10.0,302.0,0.66,0.2,14.0,15.2,0.0,18.0,203.0,0.5666666666666667,0.2,0.0,15.333333333333334,15.6,14.6,-0.4,-1.799999999999999,0.5500000000000007,0.5,13.0,11.0,0.0,13.0,0.5,2.0,-2.1999999999999993,10.177363184079601,0.0,0.1611229566453447,10.191293532338307,0.26240227434257285,-4.422636815920399,0,18,0.45,57.0,11,13,0,-2,0
2024,11,Spielberg,GAS,Alpine,9.666666666666666,11.0,4.0,8.0,7.0,294.0,0.5,0.4,9.333333333333334,11.2,5.0,12.0,198.0,0.43333333333333335,0.4,0.0,10.666666666666666,11.8,14.6,-0.6,0.20000000000000107,0.15000000000000036,0.4,12.5,10.0,0.0,9.5,0.0,2.0,1.3000000000000007,9.75,0.0,0.0,8.5,0.25,-1.25,0,18,0.45,57.0,11,13,0,-2,0
2024,11,Spielberg,HAM,Mercedes,3.3333333333333335,3.8,42.0,143.0,4.0,159.0,0.1,0.9,4.666666666666667,5.2,63.0,8.0,140.0,0.1,0.9,0.2,5.666666666666667,6.6,8.6,-1.4,1.4499999999999993,0.5,0.3,5.5,3.0,1.0,7.0,0.0,2.0,0.2999999999999998,5.5,0.0,0.25,7.25,0.0,1.7000000000000002,0,18,0.45,57.0,11,13,0,-2,0
2024,11,Spielberg,HUL,Haas F1 Team,13.333333333333334,14.2,0.0,5.0,8.0,297.0,0.42,0.5,13.666666666666666,12.6,4.0,13.0,199.0,0.3,0.6,0.0,15.333333333333334,13.0,12.7,-0.4,-1.6000000000000014,-1.200000000000001,0.9,20.0,20.0,0.0,8.0,1.0,1.0,7.4,13.0,0.0,0.0,10.0,0.5,-1.1999999999999993,0,18,0.45,57.0,11,13,0,-2,0
2024,11,Spielberg,LEC,Ferrari,9.0,9.8,18.0,250.0,2.0,52.0,0.1,0.9,8.333333333333334,6.2,136.0,3.0,67.0,0.1,0.9,0.9,5.666666666666667,4.6,4.6,1.6,-0.25555555555555554,-0.21111111111111125,0.6,1.5,1.0,2.0,2.0,0.0,2.0,-4.7,6.75,1.0,0.5,2.5,0.25,-3.0500000000000007,0,18,0.45,57.0,11,13,0,-2,0
2024,11,Spielberg,MAG,Haas F1 Team,11.333333333333334,11.4,8.0,13.0,8.0,289.0,0.40384615384615385,0.5238095238095238,16.333333333333332,16.0,1.0,17.0,202.0,0.43333333333333335,0.4,0.0,15.0,16.4,15.9,-0.4,1.5999999999999996,1.1999999999999993,0.1,13.0,8.0,0.0,12.5,0.5,2.0,-3.0,11.6,0.0,0.0,9.8,0.4,0.1999999999999993,0,18,0.45,57.0,11,13,0,-2,0
2024,11,Spielberg,NOR,McLaren,4.666666666666667,3.6,35.0,229.0,3.0,73.0,0.02,1.0,2.6666666666666665,2.2,147.0,2.0,56.0,0.03333333333333333,1.0,0.8,2.6666666666666665,3.2,4.0,-1.0,-0.7000000000000002,-1.4000000000000004,0.8,5.5,4.0,0.0,9.5,0.0,2.0,3.3,9.0,0.0,0.0,12.0,0.25,5.4,0,18,0.45,57.0,11,13,0,-2,0
2024,11,Spielberg,OCO,Alpine,9.666666666666666,9.6,4.0,9.0,7.0,293.0,0.4807692307692308,0.42857142857142855,12.333333333333334,12.2,3.0,15.0,200.0,0.43333333333333335,0.4,0.0,12.666666666666666,12.6,14.2,-0.4,-0.1999999999999993,-0.14999999999999858,0.6,9.5,5.0,0.0,8.5,0.5,2.0,-2.6999999999999993,9.8,0.0,0.0,9.4,0.2,0.20000000000000107,0,18,0.45,57.0,11,13,0,-2,0
2024,11,Spielberg,PER,Red Bull Racing,3.3333333333333335,6.8,54.0,302.0,1.0,0.0,0.14,0.85,14.666666666666666,11.2,99.0,5.0,104.0,0.16666666666666666,0.8,0.6,13.333333333333334,11.0,7.0,0.2,2.6500000000000004,1.7999999999999998,0.1,11.5,3.0,1.0,14.0,0.5,2.0,0.3000000000000007,6.5,1.0,0.75,7.5,0.25,-0.2999999999999998,0,18,0.45,57.0,11,13,0,-2,0
2024,11,Spielberg,PIA,McLaren,9.666666666666666,7.2,25.0,229.0,3.0,73.0,0.057692307692307696,0.9523809523809523,4.666666666666667,6.2,82.0,6.0,121.0,0.03333333333333333,1.0,0.5,5.333333333333333,4.8,5.4,1.4,0.7000000000000002,1.3999999999999995,0.2,16.0,16.0,0.0,13.0,1.0,1.0,9.8,11.2,0.0,0.0,10.0,0.4,3.999999999999999,0,18,0.45,57.0,11,13,0,-2,0
2024,11,Spielberg,RIC,RB,16.0,12.8,0.0,22.0,6.0,280.0,0.62,0.25,11.666666666666666,12.6,4.0,13.0,199.0,0.5666666666666667,0.2,0.0,11.666666666666666,12.4,13.1,0.2,1.200000000000001,0.9000000000000004,0.4,9.0,9.0,0.0,16.0,0.0,1.0,-3.5999999999999996,10.177363184079601,0.0,0.1611229566453447,10.191293532338307,0.26240227434257285,-2.6226368159203997,0,18,0.45,57.0,11,13,0,-2,0
2024,11,Spielberg,RUS,Mercedes,3.6666666666666665,3.6,39.0,155.0,4.0,147.0,0.09615384615384616,0.9047619047619048,4.0,5.4,80.0,7.0,123.0,0.1,0.9,0.4,3.3333333333333335,4.6,5.7,0.8,-1.4500000000000002,-0.5,0.7,5.5,4.0,0.0,7.5,0.0,2.0,0.09999999999999964,5.2,0.0,0.2,6.8,0.0,1.6,0,18,0.45,57.0,11,13,0,-2,1
2024,11,Spielberg,SAI,Ferrari,7.333333333333333,11.4,18.0,250.0,2.0,52.0,0.09615384615384616,0.9047619047619048,8.333333333333334,7.0,108.0,4.0,95.0,0.10714285714285714,0.8888888888888888,0.7777777777777778,7.0,5.8,5.111111111111111,1.2,0.25555555555555554,0.21111111111111125,0.4444444444444444,12.0,6.0,0.0,3.0,0.5,2.0,5.0,7.6,1.0,0.4,3.2,0.2,-3.8000000000000007,0,18,0.45,57.0,11,13,0,-2,0
2024,11,Spielberg,SAR,Williams,17.666666666666668,18.0,0.0,2.0,9.0,300.0,0.66,0.2,18.333333333333332,18.4,0.0,18.0,203.0,0.6071428571428571,0.1111111111111111,0.0,16.0,17.0,17.88888888888889,1.4,2.3944444444444457,1.3388888888888886,0.2222222222222222,13.0,13.0,0.0,18.0,1.0,1.0,-5.399999999999999,14.0,0.0,0.0,14.8,0.6,-4.0,0,18,0.45,57.0,11,13,0,-2,0
2024,11,Spielberg,STR,Aston Martin,14.666666666666666,11.4,0.0,58.0,5.0,244.0,0.3269230769230769,0.6190476190476191,11.666666666666666,12.2,17.0,11.0,186.0,0.3,0.6,0.0,12.0,12.0,11.8,0.2,1.25,1.5500000000000007,0.2,11.0,9.0,0.0,11.5,0.0,2.0,-1.1999999999999993,12.4,0.0,0.0,13.0,0.2,1.0,0,18,0.45,57.0,11,13,0,-2,0
2024,11,Spielberg,TSU,RB,14.333333333333334,13.0,2.0,24.0,6.0,278.0,0.5961538461538461,0.2857142857142857,13.666666666666666,11.6,18.0,10.0,185.0,0.5,0.3,0.0,11.0,10.0,10.7,1.6,-1.1999999999999993,-0.8999999999999986,0.6,17.5,16.0,0.0,15.0,0.5,2.0,5.9,9.0,0.0,0.0,11.0,0.0,-4.0,0,18,0.45,57.0,11,13,0,-2,0
2024,11,Spielberg,VER,Red Bull Racing,5.333333333333333,7.0,35.0,308.0,1.0,-6.0,0.1346153846153846,0.8571428571428571,2.6666666666666665,2.2,203.0,1.0,0.0,0.1,0.9,0.8,3.3333333333333335,2.4,1.7,-0.2,-2.6499999999999995,-1.8000000000000003,0.9,1.5,1.0,2.0,1.0,0.0,2.0,-0.7000000000000002,6.6,1.0,0.6,7.6,0.2,-0.40000000000000036,0,18,0.45,57.0,11,13,0,-2,0
2024,11,Spielberg,ZHO,Kick Sauber,15.0,14.6,0.0,0.0,10.0,302.0,0.6730769230769231,0.19047619047619047,14.666666666666666,14.6,0.0,18.0,203.0,0.5666666666666667,0.2,0.0,17.666666666666668,18.0,18.2,-3.4,1.8000000000000007,-0.5499999999999989,0.5,13.0,12.0,0.0,17.5,0.5,2.0,-1.5999999999999996,16.0,0.0,0.0,18.0,1.0,1.4000000000000004,0,18,0.45,57.0,11,13,0,-2,0
2024,12,Silverstone,ALB,Williams,18.0,18.4,0.0,2.0,9.0,316.0,0.6730769230769231,0.19047619047619047,16.666666666666668,15.8,2.0,17.0,211.0,0.53125,0.2727272727272727,0.0,15.0,13.6,13.363636363636363,2.2,-2.3181818181818183,-1.4045454545454543,0.8,14.0,8.0,0.0,12.0,0.5,2.0,-1.8000000000000007,12.75,0.0,0.0,12.0,0.25,-5.649999999999999,0,18,0.45,57.0,12,12,0,-2,0
2024,12,Silverstone,ALO,Aston Martin,15.0,12.8,0.0,58.0,5.0,260.0,0.35185185185185186,0.5909090909090909,12.0,13.2,41.0,9.0,172.0,0.28125,0.6363636363636364,0.09090909090909091,10.666666666666666,13.0,9.818181818181818,0.2,-1.2272727272727284,-1.1818181818181817,0.7272727272727273,6.0,5.0,0.0,8.0,0.0,2.0,-7.199999999999999,10.25,0.0,0.0,14.75,0.0,-2.5500000000000007,0,18,0.45,57.0,12,12,0,-2,0
2024,12,Silverstone,BOT,Kick Sauber,15.333333333333334,15.4,0.0,0.0,10.0,318.0,0.6851851851851852,0.18181818181818182,15.0,15.2,0.0,18.0,213.0,0.59375,0.18181818181818182,0.0,15.666666666666666,16.0,14.909090909090908,-0.8,-1.7272727272727284,0.45454545454545325,0.5454545454545454,14.5,12.0,0.0,13.5,0.5,2.0,-0.6999999999999993,10.180099502487563,0.0,0.16709310589907603,10.23681592039801,0.30547263681592035,-5.2199004975124375,0,18,0.45,57.0,12,12,0,-2,0
2024,12,Silverstone,GAS,Alpine,10.666666666666666,10.2,2.0,9.0,8.0,309.0,0.46296296296296297,0.45454545454545453,9.333333333333334,10.8,6.0,13.0,207.0,0.40625,0.45454545454545453,0.0,11.666666666666666,12.0,14.454545454545455,-1.2,0.31818181818181834,0.045454545454546746,0.45454545454545453,17.0,16.0,0.0,10.5,1.0,2.0,6.199999999999999,14.5,0.0,0.0,11.25,0.75,4.300000000000001,0,18,0.45,57.0,12,12,0,-2,0
2024,12,Silverstone,HAM,Mercedes,3.0,3.0,49.0,180.0,4.0,138.0,0.09259259259259259,0.9090909090909091,3.6666666666666665,4.8,75.0,8.0,138.0,0.09375,0.9090909090909091,0.2727272727272727,5.0,6.0,8.272727272727273,-1.2,1.40909090909091,0.5909090909090908,0.2727272727272727,3.0,3.0,2.0,6.0,0.0,2.0,-1.7999999999999998,7.25,0.0,0.5,6.5,0.25,4.25,0,18,0.45,57.0,12,12,0,-2,1
2024,12,Silverstone,HUL,Haas F1 Team,10.333333333333334,10.8,12.0,17.0,7.0,301.0,0.3888888888888889,0.5454545454545454,9.333333333333334,11.6,12.0,12.0,201.0,0.28125,0.6363636363636364,0.0,13.666666666666666,13.0,12.363636363636363,-1.4,-1.59090909090909,-1.1818181818181817,0.9090909090909091,13.0,13.0,0.0,11.0,0.0,1.0,1.4000000000000004,12.5,0.0,0.0,16.5,0.25,1.6999999999999993,0,18,0.45,57.0,12,12,0,-2,0
2024,12,Silverstone,LEC,Ferrari,6.666666666666667,8.2,23.0,265.0,2.0,53.0,0.09259259259259259,0.9090909090909091,11.666666666666666,7.8,136.0,3.0,77.0,0.09375,0.9090909090909091,0.8181818181818182,7.333333333333333,5.4,4.7272727272727275,2.4,-0.1363636363636358,0.18181818181818166,0.5454545454545454,6.5,4.0,0.0,3.5,0.0,2.0,-1.2999999999999998,6.0,1.0,0.25,3.25,0.0,-2.1999999999999993,0,18,0.45,57.0,12,12,0,-2,0
2024,12,Silverstone,MAG,Haas F1 Team,6.666666666666667,9.6,20.0,25.0,7.0,293.0,0.375,0.5652173913043478,12.333333333333334,13.8,5.0,15.0,208.0,0.40625,0.45454545454545453,0.0,14.0,15.0,15.545454545454545,-1.2,1.5909090909090917,1.1818181818181817,0.09090909090909091,14.5,10.0,0.0,18.0,0.5,2.0,0.6999999999999993,11.2,0.0,0.0,14.4,0.2,1.5999999999999996,0,18,0.45,57.0,12,12,0,-2,0
2024,12,Silverstone,NOR,McLaren,9.666666666666666,7.2,24.0,247.0,3.0,71.0,0.05555555555555555,0.9545454545454546,8.0,6.0,147.0,2.0,66.0,0.09375,0.9090909090909091,0.7272727272727273,2.0,2.6,3.8181818181818183,3.4,-0.8636363636363633,-0.45454545454545503,0.7272727272727273,4.0,2.0,1.0,4.0,0.0,2.0,-2.0,6.25,0.0,0.25,6.25,0.0,-0.9500000000000002,0,18,0.45,57.0,12,12,0,-2,0
2024,12,Silverstone,OCO,Alpine,14.0,12.2,1.0,9.0,8.0,309.0,0.48214285714285715,0.43478260869565216,10.666666666666666,12.6,3.0,16.0,210.0,0.40625,0.45454545454545453,0.0,12.333333333333334,12.0,13.818181818181818,0.6,-0.31818181818181834,-0.04545454545454497,0.5454545454545454,17.5,15.0,0.0,14.0,1.0,2.0,4.9,15.6,0.0,0.0,13.0,0.8,3.4000000000000004,0,18,0.45,57.0,12,12,0,-2,0
2024,12,Silverstone,PER,Red Bull Racing,4.333333333333333,4.4,41.0,318.0,1.0,0.0,0.12962962962962962,0.8636363636363636,11.0,11.8,105.0,5.0,108.0,0.15625,0.8181818181818182,0.5454545454545454,10.666666666666666,11.8,7.090909090909091,0.0,2.7272727272727275,1.7272727272727275,0.09090909090909091,4.0,2.0,1.0,9.5,0.0,2.0,-7.800000000000001,4.0,1.0,0.5,5.5,0.0,-0.40000000000000036,0,18,0.45,57.0,12,12,0,-2,0
2024,12,Silverstone,PIA,McLaren,8.333333333333334,6.8,33.0,262.0,3.0,56.0,0.05357142857142857,0.9565217391304348,4.666666666666667,4.0,100.0,7.0,113.0,0.03125,1.0,0.5454545454545454,7.0,5.0,5.545454545454546,-1.0,0.8636363636363642,0.45454545454545414,0.2727272727272727,4.0,4.0,0.0,3.0,0.0,1.0,0.0,5.6,0.0,0.4,5.6,0.0,-1.2000000000000002,0,18,0.45,57.0,12,12,0,-2,0
2024,12,Silverstone,RIC,RB,14.0,14.2,2.0,24.0,6.0,294.0,0.6111111111111112,0.2727272727272727,10.666666666666666,11.4,6.0,13.0,207.0,0.53125,0.2727272727272727,0.0,11.333333333333334,11.0,12.909090909090908,0.4,0.954545454545455,0.5909090909090899,0.45454545454545453,13.0,13.0,0.0,14.0,0.0,1.0,1.5999999999999996,10.180099502487563,0.0,0.16709310589907603,10.23681592039801,0.30547263681592035,-4.019900497512436,0,18,0.45,57.0,12,12,0,-2,0
2024,12,Silverstone,RUS,Mercedes,2.0,2.6,62.0,205.0,4.0,113.0,0.08928571428571429,0.9130434782608695,2.6666666666666665,4.0,105.0,5.0,108.0,0.09375,0.9090909090909091,0.45454545454545453,2.6666666666666665,3.8,5.454545454545454,0.2,-1.4090909090909092,-0.5909090909090908,0.7272727272727273,11.5,5.0,0.0,7.0,0.5,2.0,7.5,6.0,1.0,0.6,5.6,0.2,3.4,0,18,0.45,57.0,12,12,0,-2,0
2024,12,Silverstone,SAI,Ferrari,9.333333333333334,7.8,15.0,265.0,2.0,53.0,0.125,0.8695652173913043,8.333333333333334,6.6,123.0,4.0,90.0,0.1,0.9,0.8,7.333333333333333,6.0,5.0,0.6,0.1363636363636367,-0.18181818181818166,0.5,5.5,1.0,1.0,3.0,0.0,2.0,-1.0999999999999996,7.6,1.0,0.2,4.8,0.2,-0.20000000000000018,0,18,0.45,57.0,12,12,0,-2,0
2024,12,Silverstone,SAR,Williams,14.333333333333334,16.2,2.0,4.0,9.0,314.0,0.6481481481481481,0.22727272727272727,19.666666666666668,18.2,0.0,18.0,213.0,0.6333333333333333,0.1,0.0,17.333333333333332,17.4,18.0,0.8,2.3181818181818183,1.4045454545454525,0.2,11.0,11.0,0.0,14.0,0.0,1.0,-7.199999999999999,12.0,0.0,0.0,11.4,0.2,-4.199999999999999,0,18,0.45,57.0,12,12,0,-2,0
2024,12,Silverstone,STR,Aston Martin,13.0,13.0,4.0,62.0,5.0,256.0,0.3392857142857143,0.6086956521739131,11.333333333333334,11.4,17.0,11.0,196.0,0.34375,0.5454545454545454,0.0,13.333333333333334,13.2,12.272727272727273,-1.8,1.2272727272727266,1.1818181818181817,0.2727272727272727,12.5,11.0,0.0,16.0,0.0,2.0,1.0999999999999996,9.8,0.0,0.0,13.8,0.0,-3.1999999999999993,0,18,0.45,57.0,12,12,0,-2,0
2024,12,Silverstone,TSU,RB,12.0,14.0,2.0,24.0,6.0,294.0,0.625,0.2608695652173913,15.666666666666666,13.0,18.0,10.0,195.0,0.53125,0.2727272727272727,0.0,13.0,10.8,11.0,2.2,-0.9545454545454533,-0.5909090909090917,0.5454545454545454,15.0,14.0,0.0,14.5,0.0,2.0,2.0,13.0,0.0,0.0,15.0,1.0,-1.0,0,18,0.45,57.0,12,12,0,-2,0
2024,12,Silverstone,VER,Red Bull Racing,9.666666666666666,7.6,16.0,318.0,1.0,0.0,0.16071428571428573,0.8260869565217391,2.3333333333333335,2.8,213.0,1.0,0.0,0.09375,0.9090909090909091,0.8181818181818182,1.6666666666666667,2.4,1.6363636363636365,0.4,-2.7272727272727266,-1.727272727272727,0.9090909090909091,4.0,1.0,1.0,1.5,0.0,2.0,1.2000000000000002,6.6,1.0,0.4,8.2,0.2,-1.0,0,18,0.45,57.0,12,12,0,-2,0
2024,12,Silverstone,ZHO,Kick Sauber,16.0,15.4,0.0,0.0,10.0,318.0,0.6964285714285714,0.17391304347826086,15.0,15.2,0.0,18.0,213.0,0.59375,0.18181818181818182,0.0,18.333333333333332,18.0,18.363636363636363,-2.8,1.7272727272727266,-0.45454545454545503,0.45454545454545453,17.0,15.0,0.0,13.0,0.5,2.0,1.8000000000000007,15.0,0.0,0.0,16.0,1.0,-0.40000000000000036,0,18,0.45,57.0,12,12,0,-2,0
2024,13,Budapest,ALB,Williams,13.0,14.8,2.0,4.0,9.0,332.0,0.625,0.2608695652173913,14.0,13.6,4.0,16.0,227.0,0.5,0.3333333333333333,0.0,14.666666666666666,12.6,13.0,1.0,-2.2272727272727266,-1.3446969696969706,0.8181818181818182,14.0,11.0,0.0,16.5,0.5,2.0,0.40000000000000036,16.0,0.0,0.0,18.25,0.5,1.1999999999999993,0,18,0.45,57.0,13,11,0,-2,0
2024,13,Budapest,ALO,Aston Martin,9.333333333333334,12.0,10.0,68.0,5.0,268.0,0.3275862068965517,0.625,12.666666666666666,11.0,45.0,9.0,186.0,0.2647058823529412,0.6666666666666666,0.08333333333333333,12.0,11.2,9.833333333333334,-0.2,-1.041666666666666,-1.041666666666666,0.6666666666666666,8.5,8.0,0.0,7.0,0.0,2.0,-2.5,10.0,0.0,0.0,13.5,0.25,-2.0,0,18,0.45,57.0,13,11,0,-2,0
2024,13,Budapest,BOT,Kick Sauber,16.666666666666668,15.8,0.0,0.0,10.0,336.0,0.7068965517241379,0.16666666666666666,15.666666666666666,14.6,0.0,18.0,231.0,0.6176470588235294,0.16666666666666666,0.0,15.333333333333334,16.0,15.0,-1.4,-1.5,0.2916666666666661,0.5833333333333334,16.0,12.0,0.0,7.5,1.0,2.0,1.4000000000000004,10.272139303482588,0.0,0.15216773276474768,10.337562189054726,0.2507107320540156,-5.527860696517413,0,18,0.45,57.0,13,11,0,-2,0
2024,13,Budapest,GAS,Alpine,16.0,13.6,0.0,9.0,8.0,327.0,0.5,0.4166666666666667,13.0,11.6,6.0,13.0,225.0,0.4411764705882353,0.4166666666666667,0.0,13.333333333333334,13.0,14.916666666666666,-1.4,0.375,0.20833333333333393,0.4166666666666667,16.0,12.0,0.0,17.0,0.5,2.0,4.4,14.0,0.0,0.0,9.5,0.5,0.40000000000000036,0,18,0.45,57.0,13,11,0,-2,0
2024,13,Budapest,HAM,Mercedes,7.0,5.8,50.0,205.0,4.0,131.0,0.1206896551724138,0.875,2.6666666666666665,3.8,100.0,8.0,131.0,0.08823529411764706,0.9166666666666666,0.3333333333333333,3.3333333333333335,4.8,7.75,-1.0,1.333333333333334,-0.20833333333333304,0.3333333333333333,3.0,2.0,1.0,4.0,0.0,2.0,-0.7999999999999998,3.75,0.0,0.5,6.75,0.0,-2.05,0,18,0.45,57.0,13,11,0,-2,0
2024,13,Budapest,HUL,Haas F1 Team,8.666666666666666,9.8,12.0,25.0,6.0,311.0,0.3620689655172414,0.5833333333333334,7.666666666666667,10.6,20.0,11.0,211.0,0.2647058823529412,0.6666666666666666,0.0,9.333333333333334,12.2,11.833333333333334,-1.6,-1.916666666666666,-1.333333333333334,0.9166666666666666,14.0,14.0,0.0,10.0,1.0,1.0,3.4000000000000004,15.25,0.0,0.0,14.25,0.5,5.449999999999999,0,18,0.45,57.0,13,11,0,-2,0
2024,13,Budapest,LEC,Ferrari,7.333333333333333,7.8,26.0,276.0,2.0,60.0,0.1206896551724138,0.875,10.0,10.0,136.0,3.0,95.0,0.14705882352941177,0.8333333333333334,0.75,7.333333333333333,6.8,5.25,3.2,0.03409090909090917,0.541666666666667,0.5,6.5,6.0,0.0,4.5,0.0,2.0,-3.5,6.25,0.0,0.0,5.5,0.0,-1.5499999999999998,0,18,0.45,57.0,13,11,0,-2,0
2024,13,Budapest,MAG,Haas F1 Team,10.333333333333334,9.0,8.0,25.0,6.0,311.0,0.38333333333333336,0.56,12.333333333333334,13.8,5.0,15.0,226.0,0.38235294117647056,0.5,0.0,15.0,14.8,15.666666666666666,-1.0,1.916666666666666,1.333333333333334,0.08333333333333333,16.5,16.0,0.0,16.0,0.5,2.0,2.6999999999999993,14.8,0.0,0.0,13.6,0.6,5.800000000000001,0,18,0.45,57.0,13,11,0,-2,0
2024,13,Budapest,NOR,McLaren,3.0,7.2,45.0,274.0,3.0,62.0,0.05172413793103448,0.9583333333333334,8.333333333333334,6.2,162.0,2.0,69.0,0.08823529411764706,0.9166666666666666,0.75,2.0,2.6,3.75,3.6,-0.875,-0.45833333333333304,0.75,4.5,2.0,1.0,3.5,0.0,2.0,-1.7000000000000002,7.25,0.0,0.25,5.0,0.0,0.04999999999999982,0,18,0.45,57.0,13,11,0,-2,0
2024,13,Budapest,OCO,Alpine,18.666666666666668,15.6,0.0,9.0,8.0,327.0,0.5166666666666667,0.4,12.666666666666666,13.0,3.0,17.0,228.0,0.4411764705882353,0.4166666666666667,0.0,12.333333333333334,13.2,14.166666666666666,-0.2,-0.375,-0.20833333333333393,0.5833333333333334,14.0,9.0,0.0,8.5,0.5,2.0,1.0,15.2,0.0,0.0,11.6,0.6,-0.40000000000000036,0,18,0.45,57.0,13,11,0,-2,0
2024,13,Budapest,PER,Red Bull Racing,8.0,6.4,28.0,336.0,1.0,0.0,0.15517241379310345,0.8333333333333334,10.666666666666666,13.6,105.0,6.0,126.0,0.20588235294117646,0.75,0.5,11.666666666666666,13.4,8.083333333333334,0.2,3.125,2.208333333333333,0.08333333333333333,4.0,3.0,1.0,10.0,0.0,2.0,-9.6,2.5,2.0,0.75,8.0,0.0,-3.9000000000000004,0,18,0.45,57.0,13,11,0,-2,0
2024,13,Budapest,PIA,McLaren,3.0,6.2,45.0,292.0,3.0,44.0,0.05,0.96,4.333333333333333,4.0,112.0,5.0,119.0,0.029411764705882353,1.0,0.5833333333333334,7.333333333333333,5.6,5.5,-1.6,0.875,0.4583333333333339,0.25,5.0,5.0,0.0,4.0,0.0,1.0,1.0,6.2,0.0,0.4,4.2,0.0,0.0,0,18,0.45,57.0,13,11,0,-2,1
2024,13,Budapest,RIC,RB,12.333333333333334,13.0,1.0,25.0,6.0,311.0,0.603448275862069,0.2916666666666667,12.333333333333334,11.4,6.0,13.0,225.0,0.5588235294117647,0.25,0.0,14.666666666666666,12.2,13.083333333333334,-0.8,0.9583333333333339,0.6666666666666661,0.4166666666666667,14.0,13.0,0.0,11.0,0.5,2.0,2.5999999999999996,10.272139303482588,0.0,0.15216773276474768,10.337562189054726,0.2507107320540156,-2.7278606965174124,0,18,0.45,57.0,13,11,0,-2,0
2024,13,Budapest,RUS,Mercedes,7.666666666666667,5.6,40.0,220.0,4.0,116.0,0.11666666666666667,0.88,8.0,6.4,105.0,6.0,126.0,0.14705882352941177,0.8333333333333334,0.4166666666666667,2.6666666666666665,2.8,5.083333333333333,3.6,-1.333333333333333,0.20833333333333304,0.6666666666666666,4.5,3.0,1.0,9.5,0.0,2.0,-1.9000000000000004,3.6,0.0,0.6,6.4,0.0,-1.9999999999999996,0,18,0.45,57.0,13,11,0,-2,0
2024,13,Budapest,SAI,Ferrari,7.666666666666667,7.4,23.0,288.0,2.0,48.0,0.11666666666666667,0.88,4.666666666666667,6.6,134.0,4.0,97.0,0.09375,0.9090909090909091,0.8181818181818182,5.666666666666667,6.4,5.181818181818182,0.2,-0.03409090909090917,-0.5416666666666661,0.5454545454545454,6.0,4.0,0.0,6.5,0.0,2.0,-0.5999999999999996,5.8,0.0,0.0,5.6,0.0,-1.6000000000000005,0,18,0.45,57.0,13,11,0,-2,0
2024,13,Budapest,SAR,Williams,11.333333333333334,13.6,2.0,4.0,9.0,332.0,0.6379310344827587,0.25,16.666666666666668,17.0,0.0,18.0,231.0,0.59375,0.18181818181818182,0.0,17.0,15.8,17.454545454545453,1.2,2.2272727272727266,1.3446969696969688,0.18181818181818182,18.0,18.0,0.0,20.0,1.0,1.0,1.0,15.6,0.0,0.0,17.2,0.6,2.0,0,18,0.45,57.0,13,11,0,-2,0
2024,13,Budapest,STR,Aston Martin,8.666666666666666,11.4,10.0,68.0,5.0,268.0,0.31666666666666665,0.64,11.333333333333334,11.0,23.0,10.0,208.0,0.3235294117647059,0.5833333333333334,0.0,13.0,12.2,11.916666666666666,-1.2,1.041666666666666,1.041666666666666,0.3333333333333333,10.5,10.0,0.0,14.0,0.5,2.0,-0.5,10.2,0.0,0.0,12.2,0.2,-1.200000000000001,0,18,0.45,57.0,13,11,0,-2,0
2024,13,Budapest,TSU,RB,11.666666666666666,11.6,1.0,25.0,6.0,311.0,0.6166666666666667,0.28,14.333333333333334,13.0,19.0,12.0,212.0,0.5,0.3333333333333333,0.0,14.666666666666666,12.0,11.166666666666666,1.0,-0.9583333333333339,-0.6666666666666679,0.5833333333333334,17.0,15.0,0.0,16.5,0.5,2.0,4.0,12.0,0.0,0.0,9.0,1.0,0.40000000000000036,0,18,0.45,57.0,13,11,0,-2,0
2024,13,Budapest,VER,Red Bull Racing,8.666666666666666,7.6,24.0,342.0,1.0,-6.0,0.15,0.84,2.6666666666666665,3.0,231.0,1.0,0.0,0.08823529411764706,0.9166666666666666,0.8333333333333334,2.3333333333333335,3.0,1.8333333333333333,0.0,-3.125000000000001,-2.2083333333333335,0.9166666666666666,1.0,1.0,2.0,6.0,0.0,2.0,-2.0,3.4,2.0,0.6,9.6,0.0,-4.199999999999999,0,18,0.45,57.0,13,11,0,-2,0
2024,13,Budapest,ZHO,Kick Sauber,16.333333333333332,16.4,0.0,0.0,10.0,336.0,0.7166666666666667,0.16,16.0,15.8,0.0,18.0,231.0,0.6176470588235294,0.16666666666666666,0.0,16.333333333333332,17.4,18.0,-1.6,1.5,-0.2916666666666661,0.4166666666666667,14.5,13.0,0.0,8.5,0.5,2.0,-1.3000000000000007,16.0,0.0,0.0,12.0,1.0,-0.3999999999999986,0,18,0.45,57.0,13,11,0,-2,0
2024,14,Spa-Francorchamps,ALB,Williams,14.0,14.0,0.0,4.0,9.0,348.0,0.65,0.24,12.666666666666666,14.6,4.0,16.0,237.0,0.5277777777777778,0.3076923076923077,0.0,12.666666666666666,13.4,13.0,1.2,-2.083333333333334,-1.3557692307692317,0.8333333333333334,12.0,10.0,0.0,12.5,0.0,2.0,-2.5999999999999996,14.75,0.0,0.0,15.0,0.0,0.75,0,18,0.45,57.0,14,10,0,-2,0
2024,14,Spa-Francorchamps,ALO,Aston Martin,9.333333333333334,9.8,7.0,69.0,5.0,283.0,0.3064516129032258,0.6538461538461539,12.333333333333334,11.0,45.0,9.0,196.0,0.25,0.6923076923076923,0.07692307692307693,10.666666666666666,9.8,9.615384615384615,1.2,-1.0,-0.9230769230769234,0.6153846153846154,5.0,5.0,0.0,7.5,0.0,2.0,-6.0,8.25,0.0,0.0,12.25,0.0,-1.5500000000000007,0,18,0.45,57.0,14,10,0,-2,0
2024,14,Spa-Francorchamps,BOT,Kick Sauber,17.666666666666668,17.0,0.0,0.0,10.0,352.0,0.7258064516129032,0.15384615384615385,15.666666666666666,15.2,0.0,18.0,241.0,0.6388888888888888,0.15384615384615385,0.0,15.333333333333334,15.0,14.76923076923077,0.2,-1.6153846153846168,0.1538461538461533,0.6153846153846154,15.5,12.0,0.0,17.0,0.5,2.0,0.3000000000000007,10.49402985074627,0.0,0.15216773276474768,10.100746268656716,0.1207178393745558,-6.505970149253731,0,18,0.45,57.0,14,10,0,-2,0
2024,14,Spa-Francorchamps,GAS,Alpine,18.0,17.2,0.0,9.0,8.0,343.0,0.532258064516129,0.38461538461538464,16.666666666666668,13.6,6.0,13.0,235.0,0.4722222222222222,0.38461538461538464,0.0,17.666666666666668,15.0,15.307692307692308,-1.4,0.384615384615385,0.2692307692307683,0.38461538461538464,10.0,9.0,0.0,12.0,0.0,2.0,-3.5999999999999996,7.75,0.0,0.0,9.5,0.0,-9.45,0,18,0.45,57.0,14,10,0,-2,0
2024,14,Spa-Francorchamps,HAM,Mercedes,10.0,6.4,20.0,225.0,4.0,127.0,0.11290322580645161,0.8846153846153846,2.6666666666666665,3.0,115.0,6.0,126.0,0.08333333333333333,0.9230769230769231,0.38461538461538464,4.0,4.4,7.538461538461538,-1.4,0.7692307692307692,-0.384615384615385,0.38461538461538464,12.0,4.0,0.0,5.5,0.5,2.0,9.0,8.5,0.0,0.0,6.75,0.25,2.0999999999999996,0,18,0.45,57.0,14,10,0,-2,1
2024,14,Spa-Francorchamps,HUL,Haas F1 Team,13.333333333333334,10.8,0.0,25.0,7.0,327.0,0.4032258064516129,0.5384615384615384,8.333333333333334,9.4,20.0,12.0,221.0,0.3055555555555556,0.6153846153846154,0.0,8.666666666666666,11.6,11.76923076923077,-2.2,-1.9230769230769234,-1.3076923076923066,0.9230769230769231,18.0,18.0,0.0,20.0,0.0,1.0,8.6,16.5,0.0,0.0,16.5,0.0,5.699999999999999,0,18,0.45,57.0,14,10,0,-2,0
2024,14,Spa-Francorchamps,LEC,Ferrari,5.0,6.4,31.0,296.0,3.0,56.0,0.11290322580645161,0.8846153846153846,9.666666666666666,10.6,148.0,3.0,93.0,0.1388888888888889,0.8461538461538461,0.7692307692307693,7.666666666666667,7.8,5.3076923076923075,2.8,0.11217948717948723,0.4198717948717956,0.5384615384615384,4.5,3.0,1.0,3.0,0.0,2.0,-6.1,7.75,0.0,0.5,3.25,0.25,1.3499999999999996,0,18,0.45,57.0,14,10,0,-2,0
2024,14,Spa-Francorchamps,MAG,Haas F1 Team,15.333333333333334,12.8,0.0,25.0,7.0,327.0,0.390625,0.5555555555555556,11.666666666666666,12.8,5.0,15.0,236.0,0.4166666666666667,0.46153846153846156,0.0,14.666666666666666,14.8,15.615384615384615,-2.0,1.9230769230769216,1.3076923076923084,0.07692307692307693,15.5,15.0,0.0,15.5,0.0,2.0,2.6999999999999993,16.8,0.0,0.0,16.4,0.0,4.0,0,18,0.45,57.0,14,10,0,-2,0
2024,14,Spa-Francorchamps,NOR,McLaren,2.3333333333333335,2.4,55.0,317.0,2.0,35.0,0.04838709677419355,0.9615384615384616,8.333333333333334,5.8,180.0,2.0,61.0,0.08333333333333333,0.9230769230769231,0.7692307692307693,2.0,2.0,3.5384615384615383,3.8,-0.8461538461538467,-0.384615384615385,0.6923076923076923,9.5,7.0,0.0,8.5,0.0,2.0,3.7,13.5,0.0,0.0,8.5,0.25,11.1,0,18,0.45,57.0,14,10,0,-2,0
2024,14,Spa-Francorchamps,OCO,Alpine,17.0,17.4,0.0,9.0,8.0,343.0,0.515625,0.4074074074074074,15.333333333333334,13.2,3.0,17.0,238.0,0.4722222222222222,0.38461538461538464,0.0,15.666666666666666,14.8,14.538461538461538,-1.6,-0.384615384615385,-0.26923076923077005,0.6153846153846154,7.5,7.0,0.0,10.0,0.0,2.0,-5.699999999999999,8.8,0.0,0.0,10.0,0.0,-8.599999999999998,0,18,0.45,57.0,14,10,0,-2,0
2024,14,Spa-Francorchamps,PER,Red Bull Racing,4.666666666666667,7.2,34.0,352.0,1.0,0.0,0.14516129032258066,0.8461538461538461,10.333333333333334,11.4,111.0,7.0,130.0,0.19444444444444445,0.7692307692307693,0.46153846153846156,14.333333333333334,13.4,8.692307692307692,-2.0,3.384615384615384,2.115384615384616,0.07692307692307693,2.0,2.0,2.0,3.0,0.0,2.0,-9.4,1.5,2.0,1.0,2.0,0.0,-5.7,0,18,0.45,57.0,14,10,0,-2,0
2024,14,Spa-Francorchamps,PIA,McLaren,2.6666666666666665,3.0,53.0,327.0,2.0,25.0,0.046875,0.9629629629629629,2.3333333333333335,3.8,137.0,5.0,104.0,0.027777777777777776,1.0,0.6153846153846154,4.666666666666667,5.6,5.230769230769231,-1.8,0.8461538461538458,0.384615384615385,0.3076923076923077,20.0,20.0,0.0,6.0,1.0,1.0,16.2,11.8,0.0,0.0,7.8,0.2,8.8,0,18,0.45,57.0,14,10,0,-2,0
2024,14,Spa-Francorchamps,RIC,RB,10.333333333333334,11.6,3.0,27.0,6.0,325.0,0.5967741935483871,0.3076923076923077,11.333333333333334,11.4,6.0,13.0,235.0,0.5833333333333334,0.23076923076923078,0.0,11.666666666666666,11.6,12.76923076923077,-0.2,0.8461538461538467,0.7307692307692317,0.38461538461538464,15.5,15.0,0.0,15.0,0.0,2.0,4.1,10.49402985074627,0.0,0.15216773276474768,10.100746268656716,0.1207178393745558,-1.1059701492537304,0,18,0.45,57.0,14,10,0,-2,0
2024,14,Spa-Francorchamps,RUS,Mercedes,4.0,6.4,45.0,250.0,4.0,102.0,0.109375,0.8888888888888888,9.333333333333334,7.0,110.0,8.0,131.0,0.1388888888888889,0.8461538461538461,0.38461538461538464,7.0,5.2,6.0,1.8,-0.7692307692307692,0.384615384615385,0.6153846153846154,5.0,4.0,0.0,8.0,0.0,2.0,-2.0,7.0,1.0,0.2,6.2,0.2,0.5999999999999996,0,18,0.45,57.0,14,10,0,-2,0
2024,14,Spa-Francorchamps,SAI,Ferrari,4.333333333333333,6.4,35.0,311.0,3.0,41.0,0.109375,0.8888888888888888,4.666666666666667,7.2,142.0,4.0,99.0,0.08823529411764706,0.9166666666666666,0.75,5.0,6.6,5.083333333333333,0.6,-0.11217948717948723,-0.4198717948717947,0.5,11.0,3.0,1.0,3.5,0.5,2.0,3.8,6.8,0.0,0.6,3.0,0.2,0.39999999999999947,0,18,0.45,57.0,14,10,0,-2,0
2024,14,Spa-Francorchamps,SAR,Williams,14.333333333333334,12.6,0.0,4.0,9.0,348.0,0.6290322580645161,0.2692307692307692,15.666666666666666,17.4,0.0,18.0,241.0,0.6176470588235294,0.16666666666666666,0.0,15.0,15.6,17.166666666666668,1.8,2.083333333333334,1.35576923076923,0.16666666666666666,17.0,17.0,0.0,18.0,0.0,1.0,-0.3999999999999986,14.2,0.0,0.0,14.2,0.0,1.5999999999999996,0,18,0.45,57.0,14,10,0,-2,0
2024,14,Spa-Francorchamps,STR,Aston Martin,9.666666666666666,8.8,5.0,73.0,5.0,279.0,0.296875,0.6666666666666666,10.0,10.2,24.0,10.0,217.0,0.3055555555555556,0.6153846153846154,0.0,11.0,11.2,11.615384615384615,-1.0,1.0,0.9230769230769234,0.38461538461538464,10.0,9.0,0.0,12.0,0.0,2.0,-0.1999999999999993,8.2,0.0,0.0,11.6,0.0,-0.6000000000000014,0,18,0.45,57.0,14,10,0,-2,0
2024,14,Spa-Francorchamps,TSU,RB,10.333333333333334,10.8,3.0,28.0,6.0,324.0,0.578125,0.3333333333333333,11.0,13.2,21.0,11.0,220.0,0.4722222222222222,0.38461538461538464,0.0,12.333333333333334,12.4,11.076923076923077,0.8,-0.8461538461538467,-0.73076923076923,0.6153846153846154,11.5,10.0,0.0,15.0,0.0,2.0,-1.6999999999999993,10.0,0.0,0.0,13.0,0.0,-0.8000000000000007,0,18,0.45,57.0,14,10,0,-2,0
2024,14,Spa-Francorchamps,VER,Red Bull Racing,6.333333333333333,7.6,23.0,359.0,1.0,-7.0,0.140625,0.8518518518518519,4.0,2.8,241.0,1.0,0.0,0.08333333333333333,0.9230769230769231,0.8461538461538461,2.6666666666666665,2.4,1.9230769230769231,0.4,-3.384615384615384,-2.115384615384615,0.9230769230769231,1.0,1.0,2.0,1.0,0.0,2.0,-1.7999999999999998,2.6,2.0,0.8,2.2,0.0,-5.0,0,18,0.45,57.0,14,10,0,-2,0
2024,14,Spa-Francorchamps,ZHO,Kick Sauber,16.666666666666668,16.6,0.0,0.0,10.0,352.0,0.703125,0.18518518518518517,18.0,16.4,0.0,18.0,241.0,0.6388888888888888,0.15384615384615385,0.0,17.333333333333332,17.4,18.0,-1.0,1.6153846153846132,-0.15384615384615508,0.38461538461538464,13.5,13.0,0.0,15.0,0.0,2.0,-2.8999999999999986,15.0,0.0,0.0,14.0,0.0,-1.6000000000000014,0,18,0.45,57.0,14,10,0,-2,0
2024,15,Zandvoort,ALB,Williams,15.333333333333334,14.2,0.0,4.0,9.0,367.0,0.609375,0.2962962962962963,11.666666666666666,13.6,4.0,17.0,249.0,0.5,0.35714285714285715,0.0,11.0,13.6,12.857142857142858,0.0,-2.2252747252747245,-1.4368131868131861,0.8461538461538461,10.0,8.0,0.0,9.5,0.0,2.0,-3.5999999999999996,14.5,0.0,0.0,12.25,0.25,0.3000000000000007,0,18,0.45,57.0,15,9,0,-2,0
2024,15,Zandvoort,ALO,Aston Martin,9.666666666666666,9.4,5.0,73.0,5.0,298.0,0.2878787878787879,0.6785714285714286,9.0,11.4,49.0,9.0,204.0,0.23684210526315788,0.7142857142857143,0.07142857142857142,8.666666666666666,10.4,9.571428571428571,1.0,-1.1428571428571441,-0.9642857142857135,0.6428571428571429,4.0,2.0,1.0,9.0,0.0,2.0,-7.4,9.25,0.0,0.25,11.25,0.0,-0.15000000000000036,0,18,0.45,57.0,15,9,0,-2,0
2024,15,Zandvoort,BOT,Kick Sauber,17.666666666666668,17.4,0.0,0.0,10.0,371.0,0.7121212121212122,0.17857142857142858,15.333333333333334,15.6,0.0,18.0,253.0,0.6052631578947368,0.21428571428571427,0.0,14.0,14.4,14.714285714285714,1.2,-1.7142857142857135,0.0,0.6428571428571429,16.5,14.0,0.0,17.5,0.5,2.0,0.9000000000000004,9.91542288557214,0.0,0.16496090973702915,10.093781094527364,0.1753375977256574,-7.484577114427859,0,18,0.45,57.0,15,9,0,-2,0
2024,15,Zandvoort,GAS,Alpine,13.333333333333334,15.2,2.0,11.0,8.0,360.0,0.5,0.42857142857142855,17.666666666666668,14.4,6.0,14.0,247.0,0.4473684210526316,0.42857142857142855,0.0,17.333333333333332,14.4,15.071428571428571,0.0,0.4285714285714288,0.39285714285714235,0.35714285714285715,7.0,3.0,1.0,11.5,0.0,2.0,-7.4,7.0,0.0,0.25,13.5,0.0,-8.2,0,18,0.45,57.0,15,9,0,-2,0
2024,15,Zandvoort,HAM,Mercedes,9.666666666666666,10.2,30.0,250.0,4.0,121.0,0.13636363636363635,0.8571428571428571,1.6666666666666667,2.4,140.0,6.0,113.0,0.07894736842105263,0.9285714285714286,0.42857142857142855,3.6666666666666665,3.8,7.285714285714286,-1.4,0.6071428571428568,-1.0357142857142856,0.42857142857142855,5.0,4.0,0.0,8.5,0.0,2.0,2.6,7.25,0.0,0.25,6.5,0.0,-2.9499999999999993,0,18,0.45,57.0,15,9,0,-2,0
2024,15,Zandvoort,HUL,Haas F1 Team,15.666666666666666,14.4,0.0,25.0,7.0,346.0,0.3787878787878788,0.5714285714285714,12.333333333333334,10.8,20.0,12.0,233.0,0.2894736842105263,0.6428571428571429,0.0,11.0,11.0,12.071428571428571,-0.2,-1.8214285714285712,-1.0714285714285712,0.8571428571428571,12.0,12.0,0.0,15.0,0.0,1.0,1.1999999999999993,14.0,0.0,0.0,14.75,0.0,-0.40000000000000036,0,18,0.45,57.0,15,9,0,-2,0
2024,15,Zandvoort,LEC,Ferrari,5.0,4.8,31.0,319.0,3.0,52.0,0.10606060606060606,0.8928571428571429,7.0,7.4,163.0,3.0,90.0,0.13157894736842105,0.8571428571428571,0.7857142857142857,6.333333333333333,6.0,5.071428571428571,1.4,-0.1181318681318686,0.2802197802197801,0.5714285714285714,11.0,3.0,1.0,5.5,0.5,2.0,3.5999999999999996,8.75,0.0,0.25,5.0,0.25,3.95,0,18,0.45,57.0,15,9,0,-2,0
2024,15,Zandvoort,MAG,Haas F1 Team,14.333333333333334,14.2,0.0,25.0,7.0,346.0,0.39705882352941174,0.5517241379310345,13.666666666666666,13.2,5.0,15.0,248.0,0.39473684210526316,0.5,0.0,16.333333333333332,15.4,15.714285714285714,-2.2,1.8214285714285712,1.0714285714285712,0.14285714285714285,15.5,15.0,0.0,18.0,0.0,2.0,2.3000000000000007,13.4,0.0,0.0,14.4,0.2,-0.7999999999999989,0,18,0.45,57.0,15,9,0,-2,0
2024,15,Zandvoort,NOR,McLaren,2.6666666666666665,2.8,53.0,345.0,2.0,26.0,0.045454545454545456,0.9642857142857143,3.3333333333333335,6.4,190.0,2.0,63.0,0.07894736842105263,0.9285714285714286,0.7857142857142857,3.0,2.4,3.642857142857143,4.0,-0.8214285714285716,-0.25,0.6428571428571429,7.0,7.0,0.0,4.5,0.0,2.0,0.5999999999999996,10.0,0.0,0.0,8.5,0.0,7.2,0,18,0.45,57.0,15,9,0,-2,1
2024,15,Zandvoort,OCO,Alpine,10.333333333333334,13.8,4.0,13.0,8.0,358.0,0.5147058823529411,0.41379310344827586,14.333333333333334,13.0,5.0,15.0,248.0,0.4473684210526316,0.42857142857142855,0.0,15.666666666666666,13.2,14.214285714285714,-0.2,-0.4285714285714288,-0.39285714285714235,0.6428571428571429,9.5,9.0,0.0,14.5,0.0,2.0,-3.5,7.4,0.0,0.2,12.6,0.2,-6.4,0,18,0.45,57.0,15,9,0,-2,0
2024,15,Zandvoort,PER,Red Bull Racing,5.333333333333333,5.0,29.0,371.0,1.0,0.0,0.13636363636363635,0.8571428571428571,10.333333333333334,9.2,118.0,7.0,135.0,0.18421052631578946,0.7857142857142857,0.42857142857142855,12.666666666666666,10.8,8.285714285714286,-1.6,3.2142857142857144,2.071428571428571,0.07142857142857142,4.5,4.0,0.0,6.0,0.0,2.0,-4.699999999999999,2.75,2.0,0.5,3.5,0.0,-2.25,0,18,0.45,57.0,15,9,0,-2,0
2024,15,Zandvoort,PIA,McLaren,2.6666666666666665,2.2,54.0,371.0,2.0,0.0,0.04411764705882353,0.9655172413793104,2.3333333333333335,3.2,155.0,4.0,98.0,0.02631578947368421,1.0,0.6428571428571429,4.333333333333333,6.0,5.285714285714286,-2.8,0.8214285714285712,0.25,0.35714285714285715,9.0,9.0,0.0,8.0,0.0,1.0,5.8,8.2,1.0,0.2,7.0,0.0,5.999999999999999,0,18,0.45,57.0,15,9,0,-2,0
2024,15,Zandvoort,RIC,RB,11.666666666666666,11.4,3.0,28.0,6.0,343.0,0.5606060606060606,0.35714285714285715,11.666666666666666,11.8,7.0,13.0,246.0,0.5526315789473685,0.2857142857142857,0.0,12.333333333333334,13.2,12.785714285714286,-1.4,0.6071428571428577,0.4642857142857135,0.42857142857142855,17.0,17.0,0.0,17.0,0.0,1.0,5.199999999999999,9.91542288557214,0.0,0.16496090973702915,10.093781094527364,0.1753375977256574,-1.4845771144278608,0,18,0.45,57.0,15,9,0,-2,0
2024,15,Zandvoort,RUS,Mercedes,9.666666666666666,8.0,29.0,254.0,4.0,117.0,0.1323529411764706,0.8620689655172413,15.666666666666666,10.4,110.0,8.0,143.0,0.18421052631578946,0.7857142857142857,0.35714285714285715,8.333333333333334,6.4,6.071428571428571,4.0,-0.6071428571428577,1.0357142857142865,0.5714285714285714,9.5,2.0,1.0,4.5,0.0,2.0,-0.9000000000000004,7.4,0.0,0.2,7.4,0.0,-0.5999999999999996,0,18,0.45,57.0,15,9,0,-2,0
2024,15,Zandvoort,SAI,Ferrari,4.0,4.4,38.0,334.0,3.0,37.0,0.10294117647058823,0.896551724137931,5.666666666666667,5.2,150.0,5.0,103.0,0.08333333333333333,0.9230769230769231,0.6923076923076923,6.333333333333333,5.8,5.3076923076923075,-0.6,0.11813186813186771,-0.2802197802197801,0.46153846153846156,6.5,5.0,0.0,4.5,0.0,2.0,1.2999999999999998,7.6,0.0,0.4,5.2,0.2,3.1999999999999993,0,18,0.45,57.0,15,9,0,-2,0
2024,15,Zandvoort,SAR,Williams,14.333333333333334,14.8,0.0,4.0,9.0,367.0,0.6212121212121212,0.2857142857142857,15.0,16.8,0.0,18.0,253.0,0.5833333333333334,0.23076923076923078,0.0,15.0,16.8,17.307692307692307,0.0,2.2252747252747245,1.4368131868131861,0.15384615384615385,20.0,20.0,0.0,10.0,1.0,1.0,3.1999999999999993,14.4,0.0,0.0,11.8,0.4,-0.40000000000000036,0,18,0.45,57.0,15,9,0,-2,0
2024,15,Zandvoort,STR,Aston Martin,9.666666666666666,10.0,5.0,74.0,5.0,297.0,0.3088235294117647,0.6551724137931034,9.333333333333334,11.0,24.0,10.0,229.0,0.2894736842105263,0.6428571428571429,0.0,10.333333333333334,12.4,11.857142857142858,-1.4,1.1428571428571423,0.9642857142857135,0.35714285714285715,10.5,10.0,0.0,10.5,0.0,2.0,-0.5,9.4,0.0,0.2,10.4,0.2,-0.5999999999999996,0,18,0.45,57.0,15,9,0,-2,0
2024,15,Zandvoort,TSU,RB,12.666666666666666,11.8,1.0,28.0,6.0,343.0,0.5735294117647058,0.3448275862068966,11.666666666666666,13.6,21.0,11.0,232.0,0.4473684210526316,0.42857142857142855,0.0,13.666666666666666,14.4,11.571428571428571,-0.8,-0.6071428571428577,-0.4642857142857135,0.5714285714285714,17.5,15.0,0.0,11.5,0.5,2.0,3.9000000000000004,12.0,0.0,0.0,15.0,1.0,0.1999999999999993,0,18,0.45,57.0,15,9,0,-2,0
2024,15,Zandvoort,VER,Red Bull Racing,5.666666666666667,5.8,27.0,379.0,1.0,-8.0,0.1323529411764706,0.8620689655172413,3.6666666666666665,3.4,253.0,1.0,0.0,0.07894736842105263,0.9285714285714286,0.8571428571428571,2.6666666666666665,2.2,1.8571428571428572,1.2,-3.214285714285715,-2.0714285714285716,0.9285714285714286,1.0,1.0,2.0,1.0,0.0,2.0,-2.4,3.4,2.0,0.4,3.8,0.0,-2.4,0,18,0.45,57.0,15,9,0,-2,0
2024,15,Zandvoort,ZHO,Kick Sauber,17.666666666666668,17.6,0.0,0.0,10.0,371.0,0.7205882352941176,0.1724137931034483,18.666666666666668,17.2,0.0,18.0,253.0,0.6578947368421053,0.14285714285714285,0.0,17.333333333333332,17.4,18.142857142857142,-0.2,1.7142857142857153,0.0,0.35714285714285715,17.0,16.0,0.0,15.0,0.5,2.0,-0.1999999999999993,19.0,0.0,0.0,17.0,1.0,1.3999999999999986,0,18,0.45,57.0,15,9,0,-2,0
2024,16,Monza,ALB,Williams,15.666666666666666,15.2,0.0,4.0,9.0,393.0,0.6323529411764706,0.27586206896551724,13.333333333333334,12.8,4.0,17.0,267.0,0.525,0.3333333333333333,0.0,11.333333333333334,11.8,12.666666666666666,1.0,0.0,0.0,0.8571428571428571,7.0,7.0,0.0,6.0,0.0,1.0,-5.800000000000001,11.0,0.0,0.0,12.5,0.0,-4.199999999999999,0,18,0.45,57.0,16,8,0,-2,0
2024,16,Monza,ALO,Aston Martin,11.333333333333334,10.4,1.0,74.0,5.0,323.0,0.32857142857142857,0.6333333333333333,9.666666666666666,11.0,50.0,9.0,221.0,0.275,0.6666666666666666,0.06666666666666667,7.666666666666667,9.6,9.4,1.4,-1.0999999999999996,-1.0,0.6666666666666666,14.0,9.0,0.0,10.0,0.5,2.0,3.0,15.75,0.0,0.0,16.25,0.5,5.35,0,18,0.45,57.0,16,8,0,-2,0
2024,16,Monza,BOT,Kick Sauber,19.333333333333332,18.4,0.0,0.0,10.0,397.0,0.7285714285714285,0.16666666666666666,16.666666666666668,16.2,0.0,18.0,271.0,0.625,0.2,0.0,14.333333333333334,15.4,14.866666666666667,0.8,-1.6333333333333329,-0.03333333333333499,0.6666666666666666,11.5,10.0,0.0,13.0,0.0,2.0,-4.699999999999999,10.272636815920398,0.0,0.14719260838663825,10.36641791044776,0.23244491826581376,-8.1273631840796,0,18,0.45,57.0,16,8,0,-2,0
2024,16,Monza,COL,Williams,13.0,13.6,2.0,6.0,9.0,391.0,0.6142857142857143,0.3,10.175438596491228,10.210526315789474,0.0,18.0,271.0,0.1,0.9,0.0,9.964912280701755,10.073684210526316,10.03734335839599,0.0,0.0,0.0,0.5,9.79,8.6,0.0,9.326666666666666,0.2033333333333333,0.0,-0.4205263157894752,10.6,0.0,0.0,11.8,0.0,-3.0,0,18,0.45,57.0,16,8,0,-2,0
2024,16,Monza,GAS,Alpine,11.0,12.8,4.0,13.0,8.0,384.0,0.5285714285714286,0.4,14.0,14.4,8.0,13.0,263.0,0.475,0.4,0.0,13.666666666666666,14.8,14.666666666666666,-0.4,0.16666666666666607,0.16666666666666785,0.4,11.5,8.0,0.0,13.0,0.0,2.0,-2.9000000000000004,16.0,0.0,0.0,14.0,0.5,3.1999999999999993,0,18,0.45,57.0,16,8,0,-2,0
2024,16,Monza,HAM,Mercedes,11.666666666666666,8.8,10.0,260.0,4.0,137.0,0.12857142857142856,0.8666666666666667,4.0,3.4,144.0,6.0,127.0,0.075,0.9333333333333333,0.4,6.666666666666667,5.4,7.533333333333333,-2.0,0.7999999999999998,-0.9333333333333327,0.4,5.5,5.0,0.0,6.5,0.0,2.0,2.1,4.75,0.0,0.25,5.75,0.0,-4.050000000000001,0,18,0.45,57.0,16,8,0,-2,0
2024,16,Monza,HUL,Haas F1 Team,14.333333333333334,15.2,0.0,25.0,7.0,372.0,0.4142857142857143,0.5333333333333333,14.0,10.8,20.0,12.0,251.0,0.325,0.6,0.0,13.333333333333334,11.0,12.133333333333333,-0.2,-1.7333333333333343,-1.2333333333333325,0.8666666666666667,17.0,17.0,0.0,13.0,1.0,1.0,6.199999999999999,15.75,0.0,0.0,17.75,0.5,0.5500000000000007,0,18,0.45,57.0,16,8,0,-2,0
2024,16,Monza,LEC,Ferrari,4.666666666666667,4.6,33.0,344.0,3.0,53.0,0.1,0.9,3.3333333333333335,7.0,178.0,3.0,93.0,0.125,0.8666666666666667,0.8,4.666666666666667,6.2,5.133333333333334,0.8,-0.25476190476190474,0.19523809523809454,0.6,3.0,2.0,1.0,2.0,0.0,2.0,-4.0,3.25,0.0,0.5,2.0,0.0,-1.3499999999999996,0,18,0.45,57.0,16,8,0,-2,1
2024,16,Monza,MAG,Haas F1 Team,15.333333333333334,15.6,0.0,25.0,7.0,372.0,0.4305555555555556,0.5161290322580645,15.666666666666666,13.4,5.0,15.0,266.0,0.425,0.4666666666666667,0.0,15.333333333333334,15.0,15.6,-1.6,1.7333333333333325,1.2333333333333343,0.13333333333333333,17.0,16.0,0.0,19.0,0.5,2.0,3.5999999999999996,16.0,0.0,0.0,16.2,0.6,0.40000000000000036,0,18,0.45,57.0,16,8,0,-2,0
2024,16,Monza,NOR,McLaren,2.3333333333333335,2.6,56.0,383.0,2.0,14.0,0.04285714285714286,0.9666666666666667,2.6666666666666665,6.2,216.0,2.0,55.0,0.075,0.9333333333333333,0.8,2.3333333333333335,2.4,3.466666666666667,3.8,-0.8333333333333339,-0.33333333333333304,0.6666666666666666,7.5,7.0,0.0,8.0,0.0,2.0,1.2999999999999998,11.0,0.0,0.0,7.75,0.25,8.4,0,18,0.45,57.0,16,8,0,-2,0
2024,16,Monza,OCO,Alpine,13.0,12.2,2.0,13.0,8.0,384.0,0.5416666666666666,0.3870967741935484,14.0,14.0,5.0,15.0,266.0,0.475,0.4,0.0,15.0,14.6,14.333333333333334,-0.6,-0.16666666666666607,-0.16666666666666607,0.6,15.0,11.0,0.0,14.5,0.5,2.0,1.0,15.8,0.0,0.0,14.0,0.6,3.6000000000000014,0,18,0.45,57.0,16,8,0,-2,0
2024,16,Monza,PER,Red Bull Racing,4.0,4.8,38.0,397.0,1.0,0.0,0.12857142857142856,0.8666666666666667,6.666666666666667,8.8,126.0,7.0,145.0,0.175,0.8,0.4,8.0,10.2,8.066666666666666,-1.4,3.0999999999999996,2.0666666666666664,0.06666666666666667,4.0,2.0,1.0,4.5,0.0,2.0,-4.800000000000001,2.5,2.0,0.75,3.25,0.0,-2.3,0,18,0.45,57.0,16,8,0,-2,0
2024,16,Monza,PIA,McLaren,2.6666666666666665,3.0,54.0,399.0,2.0,-2.0,0.041666666666666664,0.967741935483871,2.3333333333333335,2.6,167.0,4.0,104.0,0.025,1.0,0.6666666666666666,3.6666666666666665,4.6,5.133333333333334,-2.0,0.833333333333333,0.33333333333333304,0.3333333333333333,12.0,12.0,0.0,7.0,0.0,1.0,9.4,9.4,0.0,0.2,6.4,0.2,6.4,0,18,0.45,57.0,16,8,0,-2,0
2024,16,Monza,RIC,RB,15.0,12.8,0.0,28.0,6.0,369.0,0.5857142857142857,0.3333333333333333,11.333333333333334,11.2,7.0,14.0,264.0,0.575,0.26666666666666666,0.0,12.333333333333334,12.6,12.933333333333334,-1.4,0.6666666666666679,0.2666666666666657,0.4666666666666667,17.0,17.0,0.0,8.0,1.0,1.0,5.800000000000001,10.272636815920398,0.0,0.14719260838663825,10.36641791044776,0.23244491826581376,-2.5273631840796025,0,18,0.45,57.0,16,8,0,-2,0
2024,16,Monza,RUS,Mercedes,6.666666666666667,8.2,20.0,270.0,4.0,127.0,0.125,0.8709677419354839,11.666666666666666,11.0,116.0,8.0,155.0,0.175,0.8,0.3333333333333333,9.333333333333334,6.4,5.933333333333334,4.6,-0.7999999999999998,0.9333333333333336,0.6,4.0,3.0,1.0,5.0,0.0,2.0,-7.0,4.8,0.0,0.2,5.8,0.0,-3.3999999999999995,0,18,0.45,57.0,16,8,0,-2,0
2024,16,Monza,SAI,Ferrari,3.0,3.6,50.0,369.0,3.0,28.0,0.09722222222222222,0.9032258064516129,5.666666666666667,5.0,160.0,5.0,111.0,0.07894736842105263,0.9285714285714286,0.7142857142857143,7.333333333333333,6.6,5.642857142857143,-1.6,0.25476190476190474,-0.19523809523809543,0.42857142857142855,3.5,3.0,1.0,2.0,0.0,2.0,-1.5,2.8,1.0,0.6,2.4,0.0,-0.8000000000000003,0,18,0.45,57.0,16,8,0,-2,0
2024,16,Monza,STR,Aston Martin,11.333333333333334,10.6,1.0,74.0,5.0,323.0,0.3194444444444444,0.6451612903225806,11.333333333333334,10.8,24.0,10.0,247.0,0.325,0.6,0.0,10.333333333333334,11.2,11.6,-0.4,1.0999999999999996,1.0,0.3333333333333333,17.0,16.0,0.0,19.0,0.5,2.0,6.199999999999999,14.8,0.0,0.0,15.2,0.4,4.200000000000001,0,18,0.45,57.0,16,8,0,-2,0
2024,16,Monza,TSU,RB,14.0,13.6,0.0,28.0,6.0,369.0,0.5694444444444444,0.3548387096774194,14.0,13.2,21.0,11.0,250.0,0.475,0.4,0.0,13.333333333333334,13.4,11.6,-0.2,-0.6666666666666661,-0.2666666666666675,0.5333333333333333,17.0,14.0,0.0,13.0,0.5,2.0,3.8000000000000007,13.0,0.0,0.0,12.0,0.0,-0.5999999999999996,0,18,0.45,57.0,16,8,0,-2,0
2024,16,Monza,VER,Red Bull Racing,5.333333333333333,5.4,30.0,401.0,1.0,-4.0,0.125,0.8709677419354839,3.6666666666666665,3.6,271.0,1.0,0.0,0.075,0.9333333333333333,0.8666666666666667,2.0,2.2,1.8666666666666667,1.4,-3.1,-2.0666666666666664,0.9333333333333333,1.0,1.0,2.0,2.0,0.0,2.0,-2.6,3.6,2.0,0.6,4.2,0.0,-1.8000000000000003,0,18,0.45,57.0,16,8,0,-2,0
2024,16,Monza,ZHO,Kick Sauber,18.333333333333332,17.8,0.0,0.0,10.0,397.0,0.7361111111111112,0.16129032258064516,19.333333333333332,18.6,0.0,18.0,271.0,0.675,0.13333333333333333,0.0,18.666666666666668,18.0,18.133333333333333,0.6,1.6333333333333329,0.03333333333333144,0.3333333333333333,12.0,10.0,0.0,15.0,0.0,2.0,-6.600000000000001,16.0,0.0,0.0,19.0,1.0,-1.8000000000000007,0,18,0.45,57.0,16,8,0,-2,0
2024,17,Baku,ALB,Williams,12.333333333333334,13.6,2.0,6.0,9.0,411.0,0.5972222222222222,0.3225806451612903,11.666666666666666,11.6,6.0,15.0,273.0,0.5,0.375,0.0,10.0,10.4,12.4375,1.2,-2.78125,1.0,0.8666666666666667,12.0,12.0,0.0,15.0,0.0,2.0,0.40000000000000036,13.75,0.0,0.0,15.75,0.0,0.15000000000000036,1,18,0.45,57.0,17,7,0,-2,0
2024,17,Baku,ALO,Aston Martin,14.333333333333334,12.8,0.0,74.0,5.0,343.0,0.33783783783783783,0.625,9.666666666666666,9.6,50.0,9.0,229.0,0.2619047619047619,0.6875,0.0625,9.0,8.8,9.5,0.8,-1.21875,-1.1875,0.6875,5.5,4.0,0.0,8.0,0.0,2.0,-4.1,8.25,0.0,0.0,10.75,0.25,-4.550000000000001,1,18,0.45,57.0,17,7,0,-2,0
2024,17,Baku,BEA,Haas F1 Team,15.0,14.0,1.0,26.0,7.0,391.0,0.4189189189189189,0.53125,7.0,7.0,6.0,15.0,273.0,0.08333333333333333,1.0,0.0,11.0,11.0,11.0,-4.0,-0.5,-2.4375,0.0,9.876666666666667,7.96,0.0,9.383333333333333,0.2366666666666667,0.0,2.876666666666667,15.25,0.0,0.0,17.75,0.5,1.25,1,18,0.45,57.0,17,7,0,-2,0
2024,17,Baku,BOT,Kick Sauber,18.0,18.4,0.0,0.0,10.0,417.0,0.7432432432432432,0.15625,16.666666666666668,16.2,0.0,18.0,279.0,0.6428571428571429,0.1875,0.0,16.666666666666668,15.6,15.125,0.6,-1.5625,-0.09375,0.6875,14.5,11.0,0.0,14.5,0.5,2.0,-1.6999999999999993,10.128855721393034,0.0,0.14705046197583513,10.421641791044776,0.22953091684434968,-8.271144278606965,1,18,0.45,57.0,17,7,0,-2,0
2024,17,Baku,COL,Williams,9.333333333333334,11.6,8.0,12.0,9.0,405.0,0.581081081081081,0.34375,12.0,12.0,0.0,18.0,279.0,0.08333333333333333,1.0,0.0,18.0,18.0,18.0,-6.0,2.78125,-1.0,0.0,9.876666666666667,7.96,0.0,9.383333333333333,0.2366666666666667,0.0,-2.123333333333333,12.4,0.0,0.0,14.6,0.0,0.8000000000000007,1,18,0.45,57.0,17,7,0,-2,0
2024,17,Baku,GAS,Alpine,14.666666666666666,12.4,0.0,13.0,8.0,404.0,0.5540540540540541,0.375,12.333333333333334,15.4,8.0,13.0,271.0,0.5,0.375,0.0,11.666666666666666,15.0,14.625,0.4,0.125,0.1875,0.375,9.5,5.0,0.0,12.5,0.0,2.0,-5.9,11.5,0.0,0.0,13.5,0.0,-0.9000000000000004,1,18,0.45,57.0,17,7,0,-2,0
2024,17,Baku,HAM,Mercedes,6.333333333333333,9.4,22.0,276.0,4.0,141.0,0.12162162162162163,0.875,4.666666666666667,3.6,154.0,6.0,125.0,0.07142857142857142,0.9375,0.4375,7.0,5.6,7.4375,-2.0,0.84375,-0.9375,0.4375,5.0,4.0,0.0,6.0,0.0,2.0,1.4,5.25,0.0,0.25,7.0,0.0,-4.15,1,18,0.45,57.0,17,7,0,-2,0
2024,17,Baku,HUL,Haas F1 Team,12.333333333333334,13.2,2.0,27.0,7.0,390.0,0.40789473684210525,0.5454545454545454,15.333333333333334,13.0,20.0,12.0,259.0,0.35714285714285715,0.5625,0.0,13.0,11.2,12.0,1.8,0.5,2.4375,0.8125,17.0,17.0,0.0,17.0,1.0,1.0,4.0,14.2,0.0,0.0,16.4,0.4,1.0,1,18,0.45,57.0,17,7,0,-2,0
2024,17,Baku,LEC,Ferrari,3.3333333333333335,3.8,47.0,381.0,3.0,36.0,0.0945945945945946,0.90625,2.3333333333333335,5.0,203.0,3.0,76.0,0.11904761904761904,0.875,0.8125,4.0,5.8,5.0625,-0.8,-0.2687499999999998,0.09166666666666679,0.625,11.0,3.0,1.0,1.0,0.5,2.0,6.0,11.75,0.0,0.25,2.5,0.5,7.95,1,18,0.45,57.0,17,7,0,-2,0
2024,17,Baku,NOR,McLaren,3.0,2.4,46.0,417.0,1.0,0.0,0.04054054054054054,0.96875,3.0,2.8,232.0,2.0,47.0,0.07142857142857142,0.9375,0.8125,2.3333333333333335,2.2,3.3125,0.6,-0.8125,-0.28125,0.625,9.0,9.0,0.0,9.0,0.0,2.0,6.2,9.25,0.0,0.0,10.0,0.0,6.85,1,18,0.45,57.0,17,7,0,-2,0
2024,17,Baku,OCO,Alpine,13.666666666666666,13.0,0.0,13.0,8.0,404.0,0.5394736842105263,0.3939393939393939,12.666666666666666,14.4,5.0,17.0,274.0,0.5,0.375,0.0,13.666666666666666,15.6,14.375,-1.2,-0.125,-0.1875,0.625,12.5,10.0,0.0,12.5,0.0,2.0,-1.9000000000000004,11.6,0.0,0.0,13.8,0.0,-1.4000000000000004,1,18,0.45,57.0,17,7,0,-2,0
2024,17,Baku,PER,Red Bull Racing,5.333333333333333,5.2,30.0,409.0,2.0,8.0,0.12162162162162163,0.875,7.0,9.0,130.0,7.0,149.0,0.16666666666666666,0.8125,0.375,5.333333333333333,10.2,8.0625,-1.2,2.9375,2.0,0.0625,1.5,1.0,2.0,2.5,0.0,2.0,-7.5,1.5,2.0,1.0,2.5,0.0,-3.7,1,18,0.45,57.0,17,7,0,-2,0
2024,17,Baku,PIA,McLaren,3.0,2.8,47.0,430.0,1.0,-13.0,0.039473684210526314,0.9696969696969697,2.6666666666666665,2.6,185.0,4.0,94.0,0.023809523809523808,1.0,0.6875,3.6666666666666665,3.6,4.9375,-1.0,0.8125,0.28125,0.375,11.0,11.0,0.0,10.0,0.0,1.0,8.4,8.2,0.0,0.0,11.2,0.0,5.3999999999999995,1,18,0.45,57.0,17,7,0,-2,1
2024,17,Baku,RIC,RB,16.666666666666668,15.6,0.0,28.0,6.0,389.0,0.581081081081081,0.34375,11.666666666666666,12.0,7.0,14.0,272.0,0.5476190476190477,0.3125,0.0,13.333333333333334,12.8,12.875,-0.8,0.5,0.03125,0.5,8.0,8.0,0.0,12.0,0.0,1.0,-4.0,10.128855721393034,0.0,0.14705046197583513,10.421641791044776,0.22953091684434968,-5.471144278606966,1,18,0.45,57.0,17,7,0,-2,0
2024,17,Baku,RUS,Mercedes,7.0,7.2,18.0,278.0,4.0,139.0,0.11842105263157894,0.8787878787878788,11.333333333333334,12.2,122.0,8.0,157.0,0.16666666666666666,0.8125,0.3125,4.666666666666667,6.4,5.75,5.8,-0.84375,0.9375,0.5625,5.5,3.0,1.0,8.0,0.0,2.0,-6.699999999999999,6.0,0.0,0.2,7.0,0.0,-1.2000000000000002,1,18,0.45,57.0,17,7,0,-2,0
2024,17,Baku,SAI,Ferrari,2.3333333333333335,3.0,55.0,399.0,3.0,18.0,0.09210526315789473,0.9090909090909091,5.0,5.2,172.0,5.0,107.0,0.075,0.9333333333333333,0.7333333333333333,7.666666666666667,6.8,5.6,-1.6,0.2687499999999998,-0.09166666666666679,0.4,12.5,5.0,0.0,4.0,0.5,2.0,7.3,9.8,0.0,0.4,2.2,0.4,6.800000000000001,1,18,0.45,57.0,17,7,0,-2,0
2024,17,Baku,STR,Aston Martin,12.0,11.8,8.0,82.0,5.0,335.0,0.32894736842105265,0.6363636363636364,14.333333333333334,12.0,24.0,10.0,255.0,0.35714285714285715,0.5625,0.0,13.333333333333334,11.2,11.9375,0.8,1.21875,1.1875,0.3125,11.5,7.0,0.0,14.0,0.5,2.0,-0.5,7.8,0.0,0.0,10.2,0.2,-4.000000000000001,1,18,0.45,57.0,17,7,0,-2,0
2024,17,Baku,TSU,RB,15.333333333333334,15.0,0.0,28.0,6.0,389.0,0.5657894736842105,0.36363636363636365,17.666666666666668,14.4,21.0,11.0,258.0,0.5,0.375,0.0,15.333333333333334,13.8,11.875,0.6,-0.5,-0.03125,0.5,11.5,10.0,0.0,8.0,0.0,2.0,-2.9000000000000004,13.0,0.0,0.0,15.0,0.0,-2.0,1,18,0.45,57.0,17,7,0,-2,0
2024,17,Baku,VER,Red Bull Racing,10.333333333333334,7.8,12.0,409.0,2.0,8.0,0.14473684210526316,0.8484848484848485,4.0,3.8,279.0,1.0,0.0,0.07142857142857142,0.9375,0.8125,3.3333333333333335,3.4,2.1875,0.4,-2.9375,-2.0,0.9375,1.5,1.0,2.0,2.5,0.0,2.0,-2.3,4.6,2.0,0.8,2.8,0.2,-3.2,1,18,0.45,57.0,17,7,0,-2,0
2024,17,Baku,ZHO,Kick Sauber,16.666666666666668,17.8,0.0,0.0,10.0,417.0,0.75,0.15151515151515152,19.0,18.8,0.0,18.0,279.0,0.6904761904761905,0.125,0.0,19.333333333333332,18.0,18.25,0.8,1.5625,0.09375,0.3125,18.5,18.0,0.0,15.0,1.0,2.0,-0.3000000000000007,16.0,0.0,0.0,17.0,1.0,-1.8000000000000007,1,18,0.45,57.0,17,7,0,-2,0
2024,18,Marina Bay,ALB,Williams,9.0,10.4,10.0,16.0,8.0,439.0,0.5657894736842105,0.36363636363636365,10.0,11.2,12.0,13.0,277.0,0.4772727272727273,0.4117647058823529,0.0,9.666666666666666,10.6,12.294117647058824,0.6,-0.6029411764705888,1.7941176470588243,0.875,14.0,11.0,0.0,16.5,0.5,2.0,2.8000000000000007,15.25,0.0,0.0,17.75,0.5,4.85,0,18,0.45,57.0,18,6,0,-2,0
2024,18,Marina Bay,ALO,Aston Martin,14.666666666666666,13.6,8.0,82.0,5.0,373.0,0.34615384615384615,0.6176470588235294,9.0,9.2,58.0,9.0,231.0,0.25,0.7058823529411765,0.058823529411764705,8.666666666666666,8.4,9.411764705882353,0.8,-1.3235294117647047,-1.5,0.7058823529411765,16.5,15.0,0.0,6.0,0.5,2.0,7.300000000000001,9.666666666666666,0.0,0.0,13.25,0.25,-3.9333333333333336,0,18,0.45,57.0,18,6,0,-2,0
2024,18,Marina Bay,BOT,Kick Sauber,16.0,16.8,0.0,0.0,10.0,455.0,0.7307692307692307,0.17647058823529413,17.0,16.4,0.0,19.0,289.0,0.6590909090909091,0.17647058823529413,0.0,17.666666666666668,15.8,15.235294117647058,0.6,-1.5,-0.029411764705880472,0.6470588235294118,14.0,11.0,0.0,16.0,0.5,2.0,-2.3999999999999986,9.977611940298507,0.0,0.16410803127221038,10.09502487562189,0.3263326226012793,-6.822388059701494,0,18,0.45,57.0,18,6,0,-2,0
2024,18,Marina Bay,COL,Williams,11.666666666666666,11.2,10.0,16.0,8.0,439.0,0.5769230769230769,0.35294117647058826,10.0,10.0,4.0,18.0,285.0,0.07142857142857142,1.0,0.0,13.5,13.5,13.5,-3.5,0.602941176470587,-1.7941176470588225,0.0,9.771241830065359,8.254901960784315,0.0,9.493464052287582,0.3169934640522876,0.0,-0.2287581699346415,16.2,0.0,0.0,16.4,0.6,5.0,0,18,0.45,57.0,18,6,0,-2,0
2024,18,Marina Bay,GAS,Alpine,13.666666666666666,14.2,0.0,13.0,9.0,442.0,0.5512820512820513,0.38235294117647056,12.0,13.8,8.0,14.0,281.0,0.4772727272727273,0.4117647058823529,0.0,12.666666666666666,14.0,14.647058823529411,-0.2,0.0,0.08823529411764852,0.4117647058823529,8.0,6.0,0.0,9.5,0.0,2.0,-5.800000000000001,14.5,0.0,0.0,10.75,0.75,0.3000000000000007,0,18,0.45,57.0,18,6,0,-2,0
2024,18,Marina Bay,HAM,Mercedes,6.333333333333333,6.2,23.0,293.0,4.0,162.0,0.11538461538461539,0.8823529411764706,7.333333333333333,5.2,156.0,6.0,133.0,0.06818181818181818,0.9411764705882353,0.4117647058823529,8.0,6.6,7.411764705882353,-1.4,0.8529411764705888,-0.7058823529411757,0.4117647058823529,6.0,3.0,1.0,4.0,0.0,2.0,0.7999999999999998,10.5,0.0,0.25,5.25,0.25,4.3,0,18,0.45,57.0,18,6,0,-2,0
2024,18,Marina Bay,HUL,Haas F1 Team,10.333333333333334,13.2,2.0,27.0,7.0,428.0,0.3974358974358974,0.5588235294117647,13.0,14.0,20.0,12.0,269.0,0.3409090909090909,0.5882352941176471,0.0,12.0,12.6,12.058823529411764,1.4,-1.6893382352941178,-0.9632352941176467,0.7647058823529411,13.0,13.0,0.0,9.0,0.0,1.0,-1.0,12.0,0.0,0.0,9.25,0.0,-1.1999999999999993,0,18,0.45,57.0,18,6,0,-2,0
2024,18,Marina Bay,LEC,Ferrari,8.0,6.0,30.0,399.0,3.0,56.0,0.11538461538461539,0.8823529411764706,2.0,2.6,221.0,3.0,68.0,0.11363636363636363,0.8823529411764706,0.8235294117647058,3.6666666666666665,3.8,4.823529411764706,-1.2,-0.30698529411764763,-0.40808823529411775,0.6470588235294118,3.0,2.0,1.0,2.0,0.0,2.0,0.3999999999999999,2.5,1.0,0.75,2.25,0.0,-3.5,0,18,0.45,57.0,18,6,0,-2,0
2024,18,Marina Bay,MAG,Haas F1 Team,10.0,11.4,3.0,29.0,7.0,426.0,0.4125,0.5428571428571428,14.0,13.8,6.0,16.0,283.0,0.40476190476190477,0.5,0.0,14.666666666666666,15.2,15.4375,-1.4,1.6893382352941178,0.9632352941176467,0.1875,11.0,10.0,0.0,7.5,0.0,2.0,-2.8000000000000007,11.4,0.0,0.0,8.6,0.2,0.0,0,18,0.45,57.0,18,6,0,-2,0
2024,18,Marina Bay,NOR,McLaren,2.3333333333333335,2.8,56.0,455.0,1.0,0.0,0.038461538461538464,0.9705882352941176,2.6666666666666665,3.0,245.0,2.0,44.0,0.06818181818181818,0.9411764705882353,0.8235294117647058,6.0,4.8,4.0588235294117645,-1.8,-0.35294117647058876,-0.17647058823529438,0.5882352941176471,3.0,2.0,1.0,5.0,0.0,2.0,0.0,4.5,0.0,0.25,11.0,0.0,1.7000000000000002,0,18,0.45,57.0,18,6,0,-2,1
2024,18,Marina Bay,OCO,Alpine,14.666666666666666,14.6,0.0,13.0,9.0,442.0,0.5625,0.37142857142857144,14.666666666666666,14.2,5.0,17.0,284.0,0.5227272727272727,0.35294117647058826,0.0,16.666666666666668,15.8,14.647058823529411,-1.6,0.0,-0.08823529411764675,0.5882352941176471,17.0,16.0,0.0,13.0,1.0,2.0,2.8000000000000007,15.0,0.0,0.0,12.2,0.8,0.40000000000000036,0,18,0.45,57.0,18,6,0,-2,0
2024,18,Marina Bay,PER,Red Bull Racing,9.333333333333334,7.6,18.0,419.0,2.0,36.0,0.14102564102564102,0.8529411764705882,10.333333333333334,9.0,130.0,8.0,159.0,0.20454545454545456,0.7647058823529411,0.35294117647058826,5.666666666666667,7.2,7.823529411764706,1.8,2.7058823529411766,2.235294117647058,0.058823529411764705,4.5,1.0,1.0,7.5,0.0,2.0,-4.5,5.25,1.0,0.25,8.5,0.0,-2.3499999999999996,0,18,0.45,57.0,18,6,0,-2,0
2024,18,Marina Bay,PIA,McLaren,2.0,2.2,63.0,480.0,1.0,-25.0,0.0375,0.9714285714285714,2.3333333333333335,2.0,210.0,4.0,79.0,0.022727272727272728,1.0,0.7058823529411765,2.3333333333333335,3.0,4.764705882352941,-1.0,0.35294117647058787,0.17647058823529438,0.4117647058823529,7.0,7.0,0.0,17.0,0.0,1.0,5.0,3.8,1.0,0.4,9.0,0.0,1.5999999999999996,0,18,0.45,57.0,18,6,0,-2,0
2024,18,Marina Bay,RIC,RB,17.666666666666668,16.6,0.0,28.0,6.0,427.0,0.5769230769230769,0.35294117647058826,12.666666666666666,12.0,7.0,15.0,282.0,0.5227272727272727,0.35294117647058826,0.0,14.0,12.8,13.0,-0.8,0.5588235294117645,-0.1764705882352935,0.5294117647058824,5.0,5.0,0.0,17.0,0.0,1.0,-7.0,9.977611940298507,0.0,0.16410803127221038,10.09502487562189,0.3263326226012793,-6.622388059701494,0,18,0.45,57.0,18,6,0,-2,0
2024,18,Marina Bay,RUS,Mercedes,6.0,6.0,25.0,301.0,4.0,154.0,0.1125,0.8857142857142857,5.666666666666667,9.0,137.0,7.0,152.0,0.1590909090909091,0.8235294117647058,0.35294117647058826,4.0,7.2,5.705882352941177,1.8,-0.8529411764705879,0.7058823529411766,0.5882352941176471,15.0,14.0,0.0,6.5,0.5,2.0,6.0,9.6,0.0,0.2,4.8,0.2,3.5999999999999996,0,18,0.45,57.0,18,6,0,-2,0
2024,18,Marina Bay,SAI,Ferrari,8.333333333333334,6.0,28.0,409.0,3.0,46.0,0.1125,0.8857142857142857,9.0,7.8,172.0,5.0,117.0,0.11904761904761904,0.875,0.6875,6.0,6.0,5.4375,1.8,0.30698529411764675,0.40808823529411775,0.375,2.0,1.0,2.0,2.5,0.0,2.0,-5.8,3.0,1.0,0.6,3.6,0.0,-3.0,0,18,0.45,57.0,18,6,0,-2,0
2024,18,Marina Bay,STR,Aston Martin,11.0,12.6,12.0,86.0,5.0,369.0,0.3625,0.6,17.0,14.4,24.0,10.0,265.0,0.38636363636363635,0.5294117647058824,0.0,13.0,12.4,12.058823529411764,2.0,1.3235294117647065,1.5,0.29411764705882354,6.0,6.0,0.0,16.0,0.5,1.0,-8.4,9.25,0.0,0.0,12.0,0.4,-3.3499999999999996,0,18,0.45,57.0,18,6,0,-2,0
2024,18,Marina Bay,TSU,RB,17.0,16.8,0.0,28.0,6.0,427.0,0.5875,0.34285714285714286,19.0,16.4,21.0,11.0,268.0,0.5227272727272727,0.35294117647058826,0.0,13.333333333333334,13.6,11.882352941176471,2.8,-0.5588235294117645,0.17647058823529527,0.47058823529411764,17.0,15.0,0.0,12.5,1.0,2.0,0.6000000000000014,18.0,0.0,0.0,16.0,1.0,1.1999999999999993,0,18,0.45,57.0,18,6,0,-2,0
2024,18,Marina Bay,VER,Red Bull Racing,10.666666666666666,9.2,11.0,420.0,2.0,35.0,0.1625,0.8285714285714286,4.333333333333333,4.4,289.0,1.0,0.0,0.06818181818181818,0.9411764705882353,0.8235294117647058,5.0,3.8,2.411764705882353,0.6,-2.705882352941176,-2.235294117647059,0.9411764705882353,6.0,5.0,0.0,9.5,0.0,2.0,1.5999999999999996,6.2,1.0,0.2,9.4,0.2,-2.999999999999999,0,18,0.45,57.0,18,6,0,-2,0
2024,18,Marina Bay,ZHO,Kick Sauber,15.333333333333334,16.0,0.0,0.0,10.0,455.0,0.7375,0.17142857142857143,17.333333333333332,18.0,0.0,19.0,289.0,0.6590909090909091,0.17647058823529413,0.0,18.666666666666668,18.8,18.235294117647058,-0.8,1.5,0.029411764705884025,0.35294117647058826,16.0,12.0,0.0,17.0,0.5,2.0,-2.0,16.0,0.0,0.0,19.0,1.0,0.0,0,18,0.45,57.0,18,6,0,-2,0
2024,19,Austin,ALB,Williams,13.0,11.6,4.0,16.0,8.0,479.0,0.5875,0.34285714285714286,12.0,12.4,12.0,13.0,295.0,0.5,0.3888888888888889,0.0,10.0,10.2,12.222222222222221,2.2,-0.3888888888888893,1.8055555555555554,0.8235294117647058,11.0,9.0,0.0,14.5,0.0,2.0,-1.4000000000000004,12.25,0.0,0.0,17.25,0.0,0.6500000000000004,0,18,0.45,57.0,19,5,0,-2,0
2024,19,Austin,ALO,Aston Martin,13.666666666666666,13.2,4.0,86.0,5.0,409.0,0.3780487804878049,0.5833333333333334,8.333333333333334,8.6,62.0,9.0,245.0,0.2826086956521739,0.6666666666666666,0.05555555555555555,8.666666666666666,8.4,9.277777777777779,0.2,-1.5277777777777786,-1.583333333333334,0.7222222222222222,11.5,7.0,0.0,13.0,0.5,2.0,2.9000000000000004,12.25,0.0,0.0,13.75,0.5,-0.9499999999999993,0,18,0.45,57.0,19,5,0,-2,0
2024,19,Austin,BOT,Kick Sauber,15.0,15.8,0.0,0.0,10.0,495.0,0.7439024390243902,0.16666666666666666,16.0,16.4,0.0,18.0,307.0,0.6739130434782609,0.16666666666666666,0.0,18.333333333333332,17.2,15.444444444444445,-0.8,-1.4444444444444446,0.0,0.6111111111111112,15.5,12.0,0.0,11.5,0.5,2.0,-0.8999999999999986,10.505223880597015,0.0,0.15913290689410092,10.42860696517413,0.25671641791044775,-5.294776119402986,0,18,0.45,57.0,19,5,0,-2,0
2024,19,Austin,COL,Williams,15.666666666666666,12.4,0.0,16.0,8.0,479.0,0.5975609756097561,0.3333333333333333,10.333333333333334,10.333333333333334,4.0,17.0,303.0,0.1875,0.6666666666666666,0.0,13.0,13.0,13.0,-2.6666666666666665,0.3888888888888893,-1.8055555555555554,0.3333333333333333,9.980392156862745,7.686274509803922,0.0,9.509803921568627,0.2549019607843137,0.0,-0.35294117647058876,13.0,0.0,0.0,17.0,0.2,0.5999999999999996,0,18,0.45,57.0,19,5,0,-2,0
2024,19,Austin,GAS,Alpine,15.0,14.2,0.0,13.0,9.0,482.0,0.573170731707317,0.3611111111111111,14.666666666666666,13.2,8.0,14.0,299.0,0.5,0.3888888888888889,0.0,15.666666666666666,13.6,14.833333333333334,-0.4,0.08333333333333393,0.19444444444444464,0.3888888888888889,10.0,6.0,0.0,10.0,0.0,2.0,-3.1999999999999993,10.5,0.0,0.0,10.5,0.25,-3.6999999999999993,0,18,0.45,57.0,19,5,0,-2,0
2024,19,Austin,HAM,Mercedes,4.333333333333333,5.8,35.0,313.0,4.0,182.0,0.10975609756097561,0.8888888888888888,6.666666666666667,5.8,164.0,6.0,143.0,0.06521739130434782,0.9444444444444444,0.3888888888888889,5.333333333333333,6.2,7.166666666666667,-0.4,0.7777777777777777,-0.6111111111111107,0.3888888888888889,10.5,2.0,1.0,4.0,0.5,2.0,4.7,7.75,0.0,0.25,4.75,0.25,1.9500000000000002,0,18,0.45,57.0,19,5,0,-2,0
2024,19,Austin,HUL,Haas F1 Team,13.0,11.8,2.0,29.0,6.0,466.0,0.4268292682926829,0.5277777777777778,12.333333333333334,13.2,22.0,11.0,285.0,0.3695652173913043,0.5555555555555556,0.0,9.666666666666666,11.6,11.722222222222221,1.6,-1.8153594771241828,-1.19607843137255,0.7777777777777778,11.0,11.0,0.0,16.0,0.0,1.0,-2.1999999999999993,12.25,0.0,0.0,16.25,0.25,0.4499999999999993,0,18,0.45,57.0,19,5,0,-2,0
2024,19,Austin,LAW,RB,16.666666666666668,16.6,0.0,28.0,7.0,467.0,0.5975609756097561,0.3333333333333333,12.333333333333334,12.2,0.0,18.0,307.0,0.1,0.9,0.0,13.0,14.2,10.08204334365325,-2.0,0.0,0.0,0.5,9.980392156862745,7.686274509803922,0.0,9.509803921568627,0.2549019607843137,0.0,-2.219607843137254,10.505223880597015,0.0,0.15913290689410092,10.42860696517413,0.25671641791044775,-6.094776119402987,0,18,0.45,57.0,19,5,0,-2,0
2024,19,Austin,LEC,Ferrari,10.0,7.2,16.0,415.0,3.0,80.0,0.10975609756097561,0.8888888888888888,2.6666666666666665,2.8,231.0,3.0,76.0,0.10869565217391304,0.8888888888888888,0.8333333333333334,4.666666666666667,4.4,5.055555555555555,-1.6,-0.3251633986928102,-0.4428104575163401,0.6666666666666666,11.5,3.0,1.0,1.5,0.5,2.0,8.7,11.5,0.0,0.5,2.0,0.5,4.3,0,18,0.45,57.0,19,5,0,-2,1
2024,19,Austin,MAG,Haas F1 Team,12.0,11.4,6.0,33.0,6.0,462.0,0.4166666666666667,0.5405405405405406,15.666666666666666,15.2,6.0,15.0,301.0,0.4318181818181818,0.47058823529411764,0.0,13.666666666666666,14.6,15.352941176470589,0.6,1.8153594771241846,1.1960784313725483,0.17647058823529413,11.5,9.0,0.0,15.0,0.5,2.0,-3.6999999999999993,11.4,0.0,0.0,15.4,0.2,0.0,0,18,0.45,57.0,19,5,0,-2,0
2024,19,Austin,NOR,McLaren,1.6666666666666667,2.2,65.0,495.0,1.0,0.0,0.036585365853658534,0.9722222222222222,2.6666666666666665,2.8,270.0,2.0,37.0,0.06521739130434782,0.9444444444444444,0.8333333333333334,6.0,4.8,3.888888888888889,-2.0,-0.4444444444444442,-0.22222222222222232,0.6111111111111112,4.0,2.0,1.0,5.0,0.0,2.0,1.2000000000000002,10.25,0.0,0.25,9.25,0.25,8.05,0,18,0.45,57.0,19,5,0,-2,0
2024,19,Austin,OCO,Alpine,14.0,13.8,0.0,13.0,9.0,482.0,0.5595238095238095,0.3783783783783784,14.0,13.2,5.0,16.0,302.0,0.5434782608695652,0.3333333333333333,0.0,16.333333333333332,15.0,14.666666666666666,-1.8,-0.08333333333333393,-0.19444444444444464,0.6111111111111112,14.5,11.0,0.0,13.0,0.5,2.0,1.3000000000000007,10.8,0.0,0.0,9.8,0.2,-3.0,0,18,0.45,57.0,19,5,0,-2,0
2024,19,Austin,PER,Red Bull Racing,5.666666666666667,8.0,29.0,438.0,2.0,57.0,0.15853658536585366,0.8333333333333334,11.666666666666666,9.6,131.0,8.0,176.0,0.2391304347826087,0.7222222222222222,0.3333333333333333,8.333333333333334,6.6,8.11111111111111,3.0,2.8611111111111107,2.333333333333334,0.05555555555555555,4.0,4.0,0.0,6.5,0.0,2.0,-5.6,2.5,2.0,0.5,5.5,0.0,-5.5,0,18,0.45,57.0,19,5,0,-2,0
2024,19,Austin,PIA,McLaren,2.6666666666666665,2.6,52.0,507.0,1.0,-12.0,0.03571428571428571,0.972972972972973,2.0,2.4,225.0,4.0,82.0,0.021739130434782608,1.0,0.7222222222222222,3.0,3.6,4.777777777777778,-1.2,0.44444444444444464,0.22222222222222232,0.3888888888888889,17.0,17.0,0.0,10.0,1.0,1.0,14.6,9.0,0.0,0.2,7.6,0.2,6.4,0,18,0.45,57.0,19,5,0,-2,0
2024,19,Austin,RUS,Mercedes,10.0,8.4,20.0,313.0,4.0,182.0,0.13095238095238096,0.8648648648648649,4.666666666666667,8.2,149.0,7.0,158.0,0.15217391304347827,0.8333333333333334,0.3888888888888889,4.0,4.6,5.611111111111111,3.6,-0.7777777777777786,0.6111111111111107,0.6111111111111112,5.0,5.0,0.0,5.5,0.0,2.0,-3.1999999999999993,10.2,0.0,0.2,7.6,0.4,1.799999999999999,0,18,0.45,57.0,19,5,0,-2,0
2024,19,Austin,SAI,Ferrari,4.333333333333333,6.6,41.0,440.0,3.0,55.0,0.10714285714285714,0.8918918918918919,9.666666666666666,8.0,178.0,5.0,129.0,0.11363636363636363,0.8823529411764706,0.6470588235294118,6.0,7.2,5.705882352941177,0.8,0.3251633986928111,0.4428104575163401,0.35294117647058826,11.5,3.0,1.0,2.5,0.5,2.0,3.5,9.4,1.0,0.6,2.4,0.4,2.8000000000000007,0,18,0.45,57.0,19,5,0,-2,0
2024,19,Austin,STR,Aston Martin,11.666666666666666,12.0,4.0,86.0,5.0,409.0,0.39285714285714285,0.5675675675675675,17.333333333333332,15.2,24.0,10.0,283.0,0.41304347826086957,0.5,0.0,16.0,14.2,12.333333333333334,1.0,1.5277777777777768,1.5833333333333321,0.2777777777777778,12.5,7.0,0.0,13.0,0.5,2.0,-2.6999999999999993,12.4,0.0,0.0,12.6,0.6,0.40000000000000036,0,18,0.45,57.0,19,5,0,-2,0
2024,19,Austin,TSU,RB,13.0,14.4,2.0,30.0,7.0,465.0,0.5833333333333334,0.35135135135135137,17.333333333333332,17.0,21.0,12.0,286.0,0.5434782608695652,0.3333333333333333,0.0,12.0,13.2,11.666666666666666,3.8,0.0,0.0,0.5,9.0,8.0,0.0,13.0,0.0,2.0,-8.0,9.0,0.0,0.0,15.0,0.0,-5.4,0,18,0.45,57.0,19,5,0,-2,0
2024,19,Austin,VER,Red Bull Racing,6.333333333333333,8.2,25.0,444.0,2.0,51.0,0.15476190476190477,0.8378378378378378,4.333333333333333,3.8,307.0,1.0,0.0,0.06521739130434782,0.9444444444444444,0.8333333333333334,5.0,3.6,2.388888888888889,0.2,-2.861111111111111,-2.3333333333333335,0.9444444444444444,1.0,1.0,2.0,4.5,0.0,2.0,-2.8,3.4,2.0,0.4,6.4,0.0,-4.799999999999999,0,18,0.45,57.0,19,5,0,-2,0
2024,19,Austin,ZHO,Kick Sauber,16.0,15.6,0.0,0.0,10.0,495.0,0.75,0.16216216216216217,15.666666666666666,17.2,0.0,18.0,307.0,0.6739130434782609,0.16666666666666666,0.0,19.333333333333332,19.2,18.333333333333332,-2.0,1.4444444444444429,0.0,0.3888888888888889,12.5,12.0,0.0,13.0,0.5,2.0,-4.699999999999999,17.0,0.0,0.0,18.0,1.0,1.4000000000000004,0,18,0.45,57.0,19,5,0,-2,0
2024,20,Mexico City,ALB,Williams,12.333333333333334,13.0,1.0,17.0,8.0,500.0,0.5833333333333334,0.35135135135135137,14.333333333333334,13.2,12.0,13.0,310.0,0.5208333333333334,0.3684210526315789,0.0,12.333333333333334,11.2,12.421052631578947,2.0,-0.7894736842105257,1.9013157894736832,0.7777777777777778,10.5,9.0,0.0,16.5,0.0,2.0,-2.6999999999999993,13.75,0.0,0.0,18.25,0.25,0.75,0,18,0.45,57.0,20,4,0,-2,0
2024,20,Mexico City,ALO,Aston Martin,14.0,13.8,0.0,86.0,5.0,431.0,0.4069767441860465,0.5526315789473685,9.0,9.6,62.0,9.0,260.0,0.3125,0.631578947368421,0.05263157894736842,7.666666666666667,8.2,9.210526315789474,1.4,-1.6052631578947363,-1.55263157894737,0.7368421052631579,18.5,18.0,0.0,11.0,1.0,2.0,8.9,16.0,0.0,0.0,16.5,0.5,2.1999999999999993,0,18,0.45,57.0,20,4,0,-2,0
2024,20,Mexico City,BOT,Kick Sauber,17.0,16.2,0.0,0.0,10.0,517.0,0.7558139534883721,0.15789473684210525,16.333333333333332,16.8,0.0,19.0,322.0,0.6875,0.15789473684210525,0.0,18.0,18.0,15.578947368421053,-1.2,-1.421052631578947,-0.052631578947366364,0.631578947368421,12.5,10.0,0.0,7.5,0.0,2.0,-4.300000000000001,10.387064676616914,0.0,0.16709310589907603,10.568407960199005,0.2457000710732054,-5.812935323383085,0,18,0.45,57.0,20,4,0,-2,0
2024,20,Mexico City,COL,Williams,15.0,15.2,1.0,17.0,8.0,500.0,0.5930232558139535,0.34210526315789475,9.666666666666666,10.25,5.0,16.0,317.0,0.16666666666666666,0.75,0.0,12.666666666666666,14.0,14.0,-3.75,0.7894736842105274,-1.901315789473685,0.5,9.761437908496731,8.705882352941176,0.0,9.676470588235293,0.2124183006535948,0.0,-0.4885620915032689,14.8,0.0,0.0,16.4,0.4,-0.3999999999999986,0,18,0.45,57.0,20,4,0,-2,0
2024,20,Mexico City,GAS,Alpine,14.333333333333334,15.0,0.0,13.0,9.0,504.0,0.5697674418604651,0.3684210526315789,13.666666666666666,13.0,8.0,14.0,314.0,0.4791666666666667,0.42105263157894735,0.0,13.333333333333334,12.6,14.421052631578947,0.4,-0.0789473684210531,0.02631578947368496,0.42105263157894735,11.0,11.0,0.0,12.5,0.0,2.0,-2.0,12.0,0.0,0.0,11.5,0.25,-3.0,0,18,0.45,57.0,20,4,0,-2,0
2024,20,Mexico City,HAM,Mercedes,10.0,7.8,20.0,321.0,4.0,196.0,0.12790697674418605,0.868421052631579,11.666666666666666,9.6,164.0,6.0,158.0,0.10416666666666667,0.8947368421052632,0.3684210526315789,9.666666666666666,9.2,7.7894736842105265,0.4,1.0789473684210522,-0.21052631578947345,0.3684210526315789,2.0,2.0,2.0,4.5,0.0,2.0,-7.6,3.5,0.0,0.5,4.75,0.0,-4.3,0,18,0.45,57.0,20,4,0,-2,0
2024,20,Mexico City,HUL,Haas F1 Team,12.666666666666666,11.6,4.0,33.0,6.0,484.0,0.4069767441860465,0.5526315789473685,9.333333333333334,11.2,26.0,10.0,296.0,0.3541666666666667,0.5789473684210527,0.0,10.333333333333334,10.8,11.736842105263158,0.4,-1.6315789473684212,-1.2076023391812871,0.7894736842105263,13.0,13.0,0.0,12.0,0.0,1.0,1.8000000000000007,16.25,0.0,0.0,15.0,0.25,4.65,0,18,0.45,57.0,20,4,0,-2,0
2024,20,Mexico City,LAW,RB,11.666666666666666,14.6,2.0,30.0,7.0,487.0,0.5930232558139535,0.34210526315789475,12.333333333333334,11.4,2.0,18.0,320.0,0.08333333333333333,1.0,0.0,14.666666666666666,13.2,15.0,-1.8,1.6842105263157894,-2.2105263157894726,1.0,9.761437908496731,8.705882352941176,0.0,9.676470588235293,0.2124183006535948,0.0,-1.6385620915032693,10.387064676616914,0.0,0.16709310589907603,10.568407960199005,0.2457000710732054,-4.2129353233830855,0,18,0.45,57.0,20,4,0,-2,0
2024,20,Mexico City,LEC,Ferrari,3.3333333333333335,6.6,49.0,458.0,3.0,59.0,0.10465116279069768,0.8947368421052632,2.6666666666666665,2.4,256.0,3.0,66.0,0.10416666666666667,0.8947368421052632,0.8421052631578947,4.666666666666667,4.8,5.0,-2.4,-0.2777777777777777,-0.4400584795321638,0.6842105263157895,4.5,3.0,1.0,4.0,0.0,2.0,2.1,4.5,0.0,0.25,3.75,0.0,-2.0999999999999996,0,18,0.45,57.0,20,4,0,-2,0
2024,20,Mexico City,MAG,Haas F1 Team,9.333333333333334,11.2,6.0,35.0,6.0,482.0,0.42045454545454547,0.5384615384615384,13.333333333333334,14.4,6.0,15.0,316.0,0.41304347826086957,0.5,0.0,12.0,13.4,15.0,1.0,1.6315789473684212,1.2076023391812871,0.16666666666666666,18.0,17.0,0.0,16.0,0.5,2.0,3.5999999999999996,14.8,0.0,0.0,14.0,0.4,3.6000000000000014,0,18,0.45,57.0,20,4,0,-2,0
2024,20,Mexico City,NOR,McLaren,4.0,2.8,37.0,517.0,1.0,0.0,0.03488372093023256,0.9736842105263158,3.0,2.6,282.0,2.0,40.0,0.0625,0.9473684210526315,0.8421052631578947,6.0,4.0,3.736842105263158,-1.4,-0.5263157894736845,-0.23684210526315752,0.631578947368421,7.0,5.0,0.0,13.5,0.0,2.0,4.4,7.25,0.0,0.0,11.25,0.0,4.45,0,18,0.45,57.0,20,4,0,-2,0
2024,20,Mexico City,OCO,Alpine,13.333333333333334,14.0,1.0,14.0,9.0,503.0,0.5795454545454546,0.358974358974359,15.333333333333334,15.0,5.0,16.0,317.0,0.5625,0.3157894736842105,0.0,15.666666666666666,15.6,14.578947368421053,-0.6,0.0789473684210531,-0.026315789473683182,0.5789473684210527,9.0,8.0,0.0,13.0,0.0,2.0,-6.0,11.6,0.0,0.0,10.8,0.4,-2.4000000000000004,0,18,0.45,57.0,20,4,0,-2,0
2024,20,Mexico City,PER,Red Bull Racing,4.0,5.4,39.0,459.0,2.0,58.0,0.1511627906976744,0.8421052631578947,11.333333333333334,9.6,137.0,8.0,185.0,0.22916666666666666,0.7368421052631579,0.3157894736842105,9.0,8.0,8.210526315789474,1.6,2.921052631578948,2.3157894736842106,0.05263157894736842,11.5,3.0,1.0,4.5,0.5,2.0,1.9000000000000004,6.25,2.0,0.75,3.25,0.25,0.8499999999999996,0,18,0.45,57.0,20,4,0,-2,0
2024,20,Mexico City,PIA,McLaren,3.6666666666666665,3.0,40.0,535.0,1.0,-18.0,0.03409090909090909,0.9743589743589743,3.0,3.0,235.0,4.0,87.0,0.020833333333333332,1.0,0.7368421052631579,4.0,3.4,4.7894736842105265,-0.4,0.5263157894736841,0.23684210526315752,0.3684210526315789,8.0,8.0,0.0,7.0,0.0,1.0,5.0,6.2,0.0,0.2,9.6,0.0,3.2,0,18,0.45,57.0,20,4,0,-2,0
2024,20,Mexico City,RUS,Mercedes,10.0,8.0,20.0,333.0,4.0,184.0,0.125,0.8717948717948718,4.333333333333333,5.4,157.0,7.0,165.0,0.14583333333333334,0.8421052631578947,0.3684210526315789,5.0,4.4,5.631578947368421,1.0,-1.078947368421053,0.21052631578947345,0.631578947368421,5.0,4.0,0.0,5.0,0.0,2.0,-0.40000000000000036,3.6,0.0,0.4,5.0,0.0,-4.4,0,18,0.45,57.0,20,4,0,-2,0
2024,20,Mexico City,SAI,Ferrari,2.0,3.6,59.0,474.0,3.0,43.0,0.10227272727272728,0.8974358974358975,9.0,7.2,196.0,5.0,126.0,0.10869565217391304,0.8888888888888888,0.6666666666666666,5.333333333333333,6.2,5.555555555555555,1.0,0.2777777777777777,0.4400584795321638,0.3333333333333333,4.5,4.0,0.0,3.5,0.0,2.0,-2.7,4.2,0.0,0.4,3.8,0.0,0.6000000000000001,0,18,0.45,57.0,20,4,0,-2,1
2024,20,Mexico City,STR,Aston Martin,15.333333333333334,13.6,0.0,86.0,5.0,431.0,0.42045454545454547,0.5384615384615384,16.0,16.0,24.0,11.0,298.0,0.4375,0.47368421052631576,0.0,15.0,14.0,12.421052631578947,2.0,1.6052631578947363,1.5526315789473681,0.2631578947368421,16.0,15.0,0.0,18.0,0.5,2.0,0.0,16.4,0.0,0.0,15.8,0.6,2.799999999999999,0,18,0.45,57.0,20,4,0,-2,0
2024,20,Mexico City,TSU,RB,13.0,13.8,2.0,30.0,7.0,487.0,0.6022727272727273,0.3333333333333333,15.333333333333334,16.6,21.0,12.0,301.0,0.5625,0.3157894736842105,0.0,10.333333333333334,11.8,11.631578947368421,4.8,-1.6842105263157894,2.2105263157894743,0.47368421052631576,16.0,12.0,0.0,14.0,0.5,2.0,-0.6000000000000014,16.0,0.0,0.0,12.0,1.0,2.1999999999999993,0,18,0.45,57.0,20,4,0,-2,0
2024,20,Mexico City,VER,Red Bull Racing,9.0,7.8,21.0,459.0,2.0,58.0,0.17045454545454544,0.8205128205128205,3.3333333333333335,3.6,322.0,1.0,0.0,0.0625,0.9473684210526315,0.8421052631578947,3.3333333333333335,3.8,2.3684210526315788,-0.2,-2.921052631578948,-2.315789473684211,0.9473684210526315,1.0,1.0,2.0,2.0,0.0,2.0,-2.6,8.4,2.0,0.6,6.2,0.4,0.6000000000000005,0,18,0.45,57.0,20,4,0,-2,0
2024,20,Mexico City,ZHO,Kick Sauber,16.666666666666668,16.2,0.0,0.0,10.0,517.0,0.7613636363636364,0.15384615384615385,16.0,17.2,0.0,19.0,322.0,0.6875,0.15789473684210525,0.0,19.333333333333332,19.2,18.42105263157895,-2.0,1.4210526315789487,0.05263157894736992,0.3684210526315789,13.5,13.0,0.0,11.0,0.0,2.0,-3.6999999999999993,14.0,0.0,0.0,15.0,1.0,-2.1999999999999993,0,18,0.45,57.0,20,4,0,-2,0
2024,21,São Paulo,ALB,Williams,13.666666666666666,13.6,1.0,17.0,8.0,522.0,0.6022727272727273,0.3333333333333333,18.333333333333332,14.2,12.0,13.0,318.0,0.54,0.35,0.0,12.0,11.0,12.25,3.2,-1.0749999999999993,1.8500000000000014,0.7368421052631579,17.0,15.0,0.0,13.0,0.5,2.0,2.8000000000000007,15.25,0.0,0.0,15.25,0.5,1.6500000000000004,0,18,0.45,57.0,21,3,0,-2,0
2024,21,São Paulo,ALO,Aston Martin,14.666666666666666,14.2,0.0,86.0,5.0,453.0,0.43333333333333335,0.525,13.0,11.2,62.0,9.0,268.0,0.34,0.6,0.05,9.333333333333334,9.4,9.4,1.8,-1.549999999999999,-1.299999999999999,0.7,4.0,3.0,1.0,5.5,0.0,2.0,-7.199999999999999,7.25,0.0,0.25,8.75,0.0,-6.949999999999999,0,18,0.45,57.0,21,3,0,-2,0
2024,21,São Paulo,BEA,Haas F1 Team,9.0,10.8,8.0,41.0,6.0,498.0,0.4111111111111111,0.55,8.5,8.5,7.0,15.0,323.0,0.07142857142857142,1.0,0.0,11.0,11.0,11.0,-2.5,-0.3249999999999993,-1.4250000000000007,0.5,9.83986928104575,7.588235294117647,0.0,9.532679738562091,0.2679738562091503,0.0,1.3398692810457504,15.5,0.0,0.0,11.5,0.75,4.699999999999999,0,18,0.45,57.0,21,3,0,-2,0
2024,21,São Paulo,BOT,Kick Sauber,16.0,16.0,0.0,0.0,10.0,539.0,0.7666666666666667,0.15,15.666666666666666,15.8,0.0,19.0,330.0,0.7,0.15,0.0,17.333333333333332,17.6,15.55,-1.8,-1.4749999999999979,-0.07499999999999929,0.65,12.5,9.0,0.0,18.0,0.5,2.0,-3.3000000000000007,10.300248756218906,0.0,0.1513148542999289,9.797263681592039,0.2499289267945984,-5.699751243781094,0,18,0.45,57.0,21,3,0,-2,0
2024,21,São Paulo,COL,Williams,16.333333333333332,15.0,0.0,17.0,8.0,522.0,0.6111111111111112,0.325,11.0,10.6,5.0,16.0,325.0,0.25,0.6,0.0,15.0,14.4,14.4,-3.8,1.075000000000001,-1.8499999999999996,0.6,9.83986928104575,7.588235294117647,0.0,9.532679738562091,0.2679738562091503,0.0,-0.7601307189542492,15.8,0.0,0.0,13.6,0.6,0.8000000000000007,0,18,0.45,57.0,21,3,0,-2,0
2024,21,São Paulo,GAS,Alpine,13.666666666666666,13.2,1.0,14.0,9.0,525.0,0.5888888888888889,0.35,13.0,13.2,9.0,14.0,321.0,0.5,0.4,0.0,11.0,12.4,14.1,0.8,-0.34999999999999964,-0.05000000000000071,0.45,10.5,7.0,0.0,12.5,0.0,2.0,-2.6999999999999993,7.5,0.0,0.0,9.5,0.25,-5.699999999999999,0,18,0.45,57.0,21,3,0,-2,0
2024,21,São Paulo,HAM,Mercedes,5.0,7.8,30.0,343.0,4.0,196.0,0.12222222222222222,0.875,10.0,8.8,176.0,6.0,154.0,0.1,0.9,0.4,9.333333333333334,8.2,7.7,0.6,1.0499999999999998,-0.22500000000000053,0.4,5.0,2.0,1.0,6.5,0.0,2.0,-3.8000000000000007,6.5,1.0,0.5,5.5,0.25,-1.2999999999999998,0,18,0.45,57.0,21,3,0,-2,0
2024,21,São Paulo,HUL,Haas F1 Team,9.333333333333334,9.4,8.0,41.0,6.0,498.0,0.40217391304347827,0.5609756097560976,8.666666666666666,10.8,28.0,10.0,302.0,0.38,0.55,0.0,9.333333333333334,10.2,11.65,0.6,0.32500000000000107,1.424999999999999,0.75,12.0,12.0,0.0,11.0,1.0,1.0,1.1999999999999993,14.8,0.0,0.0,12.6,0.6,5.4,0,18,0.45,57.0,21,3,0,-2,0
2024,21,São Paulo,LAW,RB,16.666666666666668,14.2,0.0,30.0,7.0,509.0,0.6111111111111112,0.325,14.0,12.4,2.0,18.0,328.0,0.21428571428571427,0.5,0.0,15.0,13.2,13.5,-0.8,0.9499999999999993,-0.625,1.0,9.83986928104575,7.588235294117647,0.0,9.532679738562091,0.2679738562091503,0.0,-2.56013071895425,10.300248756218906,0.0,0.1513148542999289,9.797263681592039,0.2499289267945984,-3.8997512437810933,0,18,0.45,57.0,21,3,0,-2,0
2024,21,São Paulo,LEC,Ferrari,2.0,2.8,59.0,499.0,2.0,40.0,0.1,0.9,3.0,2.4,272.0,3.0,58.0,0.1,0.9,0.85,5.666666666666667,4.4,4.95,-2.0,-0.18289473684210567,-0.3618421052631575,0.65,12.0,4.0,0.0,6.0,0.5,2.0,9.6,8.25,0.0,0.25,6.25,0.25,5.45,0,18,0.45,57.0,21,3,0,-2,0
2024,21,São Paulo,NOR,McLaren,5.0,4.4,32.0,539.0,1.0,0.0,0.03333333333333333,0.975,2.3333333333333335,2.8,300.0,2.0,30.0,0.06,0.95,0.85,1.6666666666666667,4.4,3.7,-1.6,-0.8500000000000005,-0.375,0.65,10.0,2.0,1.0,5.5,0.5,2.0,7.2,13.5,0.0,0.25,8.75,0.75,9.1,0,18,0.45,57.0,21,3,0,-2,0
2024,21,São Paulo,OCO,Alpine,8.666666666666666,11.2,16.0,29.0,9.0,510.0,0.5760869565217391,0.36585365853658536,14.666666666666666,14.6,5.0,16.0,325.0,0.58,0.3,0.0,15.666666666666666,16.2,14.8,-1.6,0.3500000000000014,0.05000000000000071,0.55,9.0,8.0,0.0,9.0,0.5,2.0,-5.6,6.6,0.0,0.2,10.6,0.2,-4.6,0,18,0.45,57.0,21,3,0,-2,0
2024,21,São Paulo,PER,Red Bull Racing,8.666666666666666,7.0,23.0,467.0,3.0,72.0,0.16666666666666666,0.825,11.333333333333334,11.8,137.0,8.0,193.0,0.26,0.7,0.3,13.666666666666666,10.6,8.7,1.2,3.175,2.4749999999999996,0.05,5.5,4.0,0.0,9.0,0.0,2.0,-6.300000000000001,4.5,1.0,0.25,5.25,0.0,-2.5,0,18,0.45,57.0,21,3,0,-2,0
2024,21,São Paulo,PIA,McLaren,5.333333333333333,5.0,30.0,547.0,1.0,-8.0,0.03260869565217391,0.975609756097561,5.333333333333333,3.8,239.0,4.0,91.0,0.02,1.0,0.7,9.0,6.2,5.4,-2.4,0.8499999999999996,0.375,0.35,14.0,14.0,0.0,10.0,1.0,1.0,10.2,12.0,0.0,0.2,7.2,0.6,7.0,0,18,0.45,57.0,21,3,0,-2,0
2024,21,São Paulo,RUS,Mercedes,6.333333333333333,9.0,23.0,344.0,4.0,195.0,0.11956521739130435,0.8780487804878049,5.0,5.0,167.0,7.0,163.0,0.14,0.85,0.4,5.0,4.6,5.6,0.4,-1.0500000000000007,0.22499999999999964,0.6,8.0,1.0,1.0,4.5,0.5,2.0,3.0,7.2,1.0,0.4,7.6,0.2,-1.7999999999999998,0,18,0.45,57.0,21,3,0,-2,0
2024,21,São Paulo,SAI,Ferrari,3.0,2.4,51.0,509.0,2.0,30.0,0.09782608695652174,0.9024390243902439,3.3333333333333335,6.4,221.0,5.0,109.0,0.10416666666666667,0.8947368421052632,0.6842105263157895,4.666666666666667,4.4,5.315789473684211,2.0,0.18289473684210478,0.3618421052631584,0.3684210526315789,4.5,3.0,1.0,6.5,0.0,2.0,-1.9000000000000004,7.6,0.0,0.2,6.2,0.2,5.199999999999999,0,18,0.45,57.0,21,3,0,-2,0
2024,21,São Paulo,STR,Aston Martin,14.333333333333334,14.2,0.0,86.0,5.0,453.0,0.42391304347826086,0.5365853658536586,13.333333333333334,15.6,24.0,11.0,306.0,0.46,0.45,0.0,15.0,15.2,12.5,0.4,1.5500000000000007,1.3000000000000007,0.3,7.5,5.0,0.0,9.0,0.0,2.0,-8.1,8.6,0.0,0.2,8.8,0.0,-5.6,0,18,0.45,57.0,21,3,0,-2,0
2024,21,São Paulo,TSU,RB,15.0,13.6,2.0,32.0,7.0,507.0,0.5978260869565217,0.34146341463414637,15.333333333333334,17.2,21.0,12.0,309.0,0.58,0.3,0.0,10.0,11.6,11.6,5.6,-0.9500000000000011,0.625,0.45,13.0,9.0,0.0,17.5,0.0,2.0,-4.199999999999999,9.0,0.0,0.0,5.0,0.0,-4.6,0,18,0.45,57.0,21,3,0,-2,0
2024,21,São Paulo,VER,Red Bull Racing,11.333333333333334,8.8,8.0,467.0,3.0,72.0,0.16304347826086957,0.8292682926829268,3.6666666666666665,4.4,330.0,1.0,0.0,0.06,0.95,0.8,2.0,3.8,2.35,0.6,-3.1749999999999994,-2.4750000000000005,0.95,3.5,1.0,1.0,1.5,0.0,2.0,-0.9000000000000004,5.8,1.0,0.2,6.8,0.0,-3.000000000000001,0,18,0.45,57.0,21,3,0,-2,1
2024,21,São Paulo,ZHO,Kick Sauber,14.0,15.6,0.0,0.0,10.0,539.0,0.75,0.17073170731707318,16.333333333333332,16.2,0.0,19.0,330.0,0.7,0.15,0.0,20.0,19.6,18.5,-3.4,1.4750000000000014,0.07499999999999929,0.35,14.5,12.0,0.0,18.5,0.5,2.0,-1.6999999999999993,13.0,0.0,0.0,11.0,0.0,-2.5999999999999996,0,18,0.45,57.0,21,3,0,-2,0
2024,22,Las Vegas,ALB,Williams,15.666666666666666,15.2,0.0,17.0,9.0,534.0,0.6195652173913043,0.3170731707317073,17.666666666666668,16.0,12.0,15.0,344.0,0.5576923076923077,0.3333333333333333,0.0,10.666666666666666,10.6,12.0,5.4,-1.5,1.404761904761905,0.7,12.0,12.0,0.0,6.0,0.0,1.0,-4.0,14.0,0.0,0.0,6.5,0.0,-1.1999999999999993,1,18,0.55,57.0,22,2,0,-2,0
2024,22,Las Vegas,ALO,Aston Martin,14.666666666666666,15.4,0.0,86.0,5.0,465.0,0.43617021276595747,0.5238095238095238,15.0,11.8,62.0,9.0,294.0,0.3269230769230769,0.6190476190476191,0.047619047619047616,10.0,9.0,9.380952380952381,2.8,-1.5,-1.3571428571428559,0.7142857142857143,9.0,9.0,0.0,10.0,0.0,1.0,-2.8000000000000007,7.0,0.0,0.0,12.0,0.0,-8.4,1,18,0.55,57.0,22,2,0,-2,0
2024,22,Las Vegas,BOT,Kick Sauber,14.333333333333334,15.2,0.0,0.0,10.0,551.0,0.7340425531914894,0.19047619047619047,14.666666666666666,15.2,0.0,19.0,356.0,0.6730769230769231,0.19047619047619047,0.0,14.666666666666666,16.0,15.333333333333334,-0.8,-1.6190476190476186,-0.11904761904761862,0.6666666666666666,17.0,17.0,0.0,8.0,0.0,1.0,1.8000000000000007,10.37517730496454,0.0,0.16453900709219857,10.267021276595745,0.19893617021276594,-4.82482269503546,1,18,0.55,57.0,22,2,0,-2,0
2024,22,Las Vegas,COL,Williams,18.0,17.0,0.0,17.0,9.0,534.0,0.6276595744680851,0.30952380952380953,13.0,11.6,5.0,17.0,351.0,0.3181818181818182,0.5,0.0,17.0,14.4,15.0,-2.8,1.5,-1.404761904761905,0.6666666666666666,9.985294117647058,8.529411764705882,0.0,10.235294117647058,0.17647058823529413,0.0,-1.6147058823529417,15.666666666666666,0.0,0.0,10.333333333333334,0.3333333333333333,-1.333333333333334,1,18,0.55,57.0,22,2,0,-2,0
2024,22,Las Vegas,GAS,Alpine,6.0,9.2,33.0,47.0,6.0,504.0,0.5638297872340425,0.38095238095238093,8.333333333333334,10.8,24.0,12.0,332.0,0.4807692307692308,0.42857142857142855,0.047619047619047616,10.0,12.6,14.142857142857142,-1.8,-0.07142857142857295,-0.023809523809523725,0.42857142857142855,11.0,11.0,0.0,5.0,0.0,1.0,0.1999999999999993,7.5,0.0,0.0,11.0,0.0,-1.6999999999999993,1,18,0.55,57.0,22,2,0,-2,0
2024,22,Las Vegas,HAM,Mercedes,6.333333333333333,5.8,23.0,356.0,4.0,195.0,0.11702127659574468,0.8809523809523809,11.333333333333334,9.8,177.0,7.0,179.0,0.09615384615384616,0.9047619047619048,0.38095238095238093,13.666666666666666,10.2,8.095238095238095,-0.4,1.333333333333333,-0.07142857142857117,0.38095238095238093,7.0,7.0,0.0,11.0,0.0,1.0,-2.8000000000000007,7.5,0.0,0.0,7.5,0.0,1.7000000000000002,1,18,0.55,57.0,22,2,0,-2,0
2024,22,Las Vegas,HUL,Haas F1 Team,13.0,11.8,6.0,41.0,7.0,510.0,0.4148936170212766,0.5476190476190477,12.333333333333334,11.4,28.0,10.0,328.0,0.40384615384615385,0.5238095238095238,0.0,13.666666666666666,12.0,12.0,-0.6,-1.2894736842105274,-0.8822055137844611,0.7142857142857143,19.0,19.0,0.0,13.0,1.0,1.0,7.6,16.0,0.0,0.0,11.0,0.5,4.199999999999999,1,18,0.55,57.0,22,2,0,-2,0
2024,22,Las Vegas,LAW,RB,12.0,13.2,8.0,38.0,8.0,513.0,0.5851063829787234,0.35714285714285715,11.333333333333334,12.4,4.0,18.0,352.0,0.1875,0.6666666666666666,0.0,10.666666666666666,12.2,10.666666666666666,0.2,-0.261904761904761,-1.0476190476190474,0.6666666666666666,9.985294117647058,8.529411764705882,0.0,10.235294117647058,0.17647058823529413,0.0,-2.4147058823529424,10.37517730496454,0.0,0.16453900709219857,10.267021276595745,0.19893617021276594,-2.8248226950354596,1,18,0.55,57.0,22,2,0,-2,0
2024,22,Las Vegas,LEC,Ferrari,7.333333333333333,5.4,35.0,509.0,2.0,42.0,0.11702127659574468,0.8809523809523809,3.0,3.2,282.0,3.0,74.0,0.09615384615384616,0.9047619047619048,0.8571428571428571,4.666666666666667,4.8,5.0,-1.6,-0.375,-0.6190476190476195,0.6666666666666666,2.0,2.0,1.0,1.0,0.0,1.0,-1.2000000000000002,4.0,0.0,0.5,1.5,0.0,-1.4000000000000004,1,18,0.55,57.0,22,2,0,-2,0
2024,22,Las Vegas,MAG,Haas F1 Team,13.333333333333334,11.2,4.0,45.0,7.0,506.0,0.40625,0.5581395348837209,12.333333333333334,13.0,12.0,15.0,344.0,0.3958333333333333,0.5263157894736842,0.0,10.0,11.4,14.578947368421053,1.6,1.2894736842105257,0.8822055137844611,0.21052631578947367,13.0,13.0,0.0,9.0,0.0,1.0,0.0,13.333333333333334,0.0,0.0,10.333333333333334,0.3333333333333333,2.1333333333333346,1,18,0.55,57.0,22,2,0,-2,0
2024,22,Las Vegas,NOR,McLaren,7.333333333333333,5.8,16.0,551.0,1.0,0.0,0.031914893617021274,0.9761904761904762,4.0,3.4,308.0,2.0,48.0,0.057692307692307696,0.9523809523809523,0.8095238095238095,1.6666666666666667,4.4,3.5714285714285716,-1.0,-0.9761904761904758,-0.4047619047619051,0.6666666666666666,20.0,20.0,0.0,16.0,1.0,1.0,16.6,15.0,0.0,0.0,17.5,0.5,9.2,1,18,0.55,57.0,22,2,0,-2,0
2024,22,Las Vegas,OCO,Alpine,8.333333333333334,9.6,33.0,47.0,6.0,504.0,0.5729166666666666,0.37209302325581395,11.0,12.2,23.0,14.0,333.0,0.5576923076923077,0.3333333333333333,0.047619047619047616,12.0,14.0,14.285714285714286,-1.8,0.07142857142857117,0.023809523809523725,0.5714285714285714,4.0,4.0,0.0,17.0,0.0,1.0,-8.2,11.666666666666666,0.0,0.0,8.333333333333334,0.3333333333333333,2.0666666666666664,1,18,0.55,57.0,22,2,0,-2,0
2024,22,Las Vegas,PER,Red Bull Racing,6.0,7.6,34.0,493.0,3.0,58.0,0.1595744680851064,0.8333333333333334,11.666666666666666,12.4,137.0,8.0,219.0,0.25,0.7142857142857143,0.2857142857142857,13.666666666666666,11.6,8.904761904761905,0.8,3.0476190476190474,2.595238095238096,0.047619047619047616,3.0,3.0,1.0,12.0,0.0,1.0,-9.4,2.0,1.0,1.0,7.5,0.0,-5.6,1,18,0.55,57.0,22,2,0,-2,0
2024,22,Las Vegas,PIA,McLaren,6.666666666666667,6.0,21.0,560.0,1.0,-9.0,0.03125,0.9767441860465116,7.0,5.0,243.0,4.0,113.0,0.019230769230769232,1.0,0.6666666666666666,10.0,7.4,5.523809523809524,-2.4,0.9761904761904763,0.4047619047619051,0.3333333333333333,10.0,10.0,0.0,19.0,0.0,1.0,5.0,12.0,0.0,0.0,13.666666666666666,0.3333333333333333,6.0,1,18,0.55,57.0,22,2,0,-2,0
2024,22,Las Vegas,RUS,Mercedes,5.333333333333333,5.0,31.0,374.0,4.0,177.0,0.11458333333333333,0.8837209302325582,5.0,4.4,179.0,6.0,177.0,0.1346153846153846,0.8571428571428571,0.42857142857142855,4.333333333333333,4.4,5.428571428571429,0.0,-1.333333333333333,0.07142857142857206,0.6190476190476191,8.0,8.0,0.0,4.0,0.0,1.0,3.5999999999999996,5.666666666666667,0.0,0.3333333333333333,8.333333333333334,0.0,0.666666666666667,1,18,0.55,57.0,22,2,0,-2,1
2024,22,Las Vegas,SAI,Ferrari,8.333333333333334,5.8,22.0,521.0,2.0,30.0,0.11458333333333333,0.8837209302325582,6.333333333333333,8.8,221.0,5.0,135.0,0.14,0.85,0.65,6.0,6.2,5.75,2.6,0.375,0.6190476190476186,0.35,6.0,6.0,0.0,2.0,0.0,1.0,-2.8000000000000007,4.0,0.0,0.3333333333333333,2.3333333333333335,0.0,-1.7999999999999998,1,18,0.55,57.0,22,2,0,-2,0
2024,22,Las Vegas,STR,Aston Martin,14.666666666666666,14.6,0.0,86.0,5.0,465.0,0.4270833333333333,0.5348837209302325,15.0,15.6,24.0,12.0,332.0,0.4807692307692308,0.42857142857142855,0.0,12.666666666666666,13.8,12.380952380952381,1.8,1.5,1.3571428571428577,0.2857142857142857,5.0,5.0,0.0,14.0,0.0,1.0,-10.6,8.333333333333334,0.0,0.0,13.666666666666666,0.0,-6.266666666666666,1,18,0.55,57.0,22,2,0,-2,0
2024,22,Las Vegas,TSU,RB,10.666666666666666,13.6,8.0,38.0,8.0,513.0,0.5729166666666666,0.37209302325581395,13.666666666666666,14.6,27.0,11.0,329.0,0.5576923076923077,0.3333333333333333,0.0,8.333333333333334,9.0,11.19047619047619,5.6,0.26190476190476275,1.0476190476190474,0.47619047619047616,18.0,18.0,0.0,20.0,1.0,1.0,3.4000000000000004,16.0,0.0,0.0,15.0,0.0,2.4000000000000004,1,18,0.55,57.0,22,2,0,-2,0
2024,22,Las Vegas,VER,Red Bull Racing,7.333333333333333,9.0,27.0,494.0,3.0,57.0,0.15625,0.8372093023255814,3.3333333333333335,3.4,356.0,1.0,0.0,0.057692307692307696,0.9523809523809523,0.8095238095238095,5.333333333333333,4.8,2.8095238095238093,-1.4,-3.0476190476190483,-2.5952380952380953,0.9523809523809523,1.0,1.0,1.0,3.0,0.0,1.0,-2.4,4.666666666666667,1.0,0.6666666666666666,10.333333333333334,0.0,-4.333333333333333,1,18,0.55,57.0,22,2,0,-2,0
2024,22,Las Vegas,ZHO,Kick Sauber,15.333333333333334,15.0,0.0,0.0,10.0,551.0,0.7395833333333334,0.18604651162790697,16.333333333333332,15.6,0.0,19.0,356.0,0.6730769230769231,0.19047619047619047,0.0,20.0,19.6,18.571428571428573,-4.0,1.6190476190476204,0.11904761904761862,0.3333333333333333,15.0,15.0,0.0,18.0,0.0,1.0,-0.5999999999999996,18.0,0.0,0.0,19.0,1.0,3.0,1,18,0.55,57.0,22,2,0,-2,0
2024,23,Lusail,ALB,Williams,16.666666666666668,16.0,0.0,17.0,9.0,549.0,0.6145833333333334,0.32558139534883723,18.666666666666668,18.4,12.0,15.0,354.0,0.5740740740740741,0.3181818181818182,0.0,11.333333333333334,12.2,12.272727272727273,6.2,-1.2922077922077921,1.3409090909090917,0.6666666666666666,13.0,13.0,0.0,14.0,0.0,1.0,-5.399999999999999,15.5,0.0,0.0,15.0,0.5,-0.5,0,18,0.45,57.0,23,1,0,-2,0
2024,23,Lusail,ALO,Aston Martin,15.0,14.0,0.0,86.0,5.0,480.0,0.41836734693877553,0.5454545454545454,14.333333333333334,12.8,62.0,9.0,304.0,0.3148148148148148,0.6363636363636364,0.045454545454545456,13.0,10.8,9.727272727272727,2.0,-1.5,-1.3863636363636367,0.7272727272727273,6.0,6.0,0.0,4.0,0.0,1.0,-6.800000000000001,8.5,0.0,0.0,10.5,0.0,-5.5,0,18,0.45,57.0,23,1,0,-2,0
2024,23,Lusail,BOT,Kick Sauber,15.333333333333334,14.8,0.0,0.0,10.0,566.0,0.7244897959183674,0.20454545454545456,15.0,15.6,0.0,19.0,366.0,0.6851851851851852,0.18181818181818182,0.0,15.0,16.4,15.5,-0.8,-1.4090909090909065,0.0,0.6363636363636364,8.0,8.0,0.0,9.0,0.0,1.0,-7.6,10.574113475177306,0.0,0.13900709219858157,9.970212765957447,0.30886524822695033,-4.225886524822695,0,18,0.45,57.0,23,1,0,-2,0
2024,23,Lusail,COL,Williams,16.0,16.6,0.0,17.0,9.0,549.0,0.6224489795918368,0.3181818181818182,14.333333333333334,12.8,5.0,17.0,361.0,0.2916666666666667,0.5714285714285714,0.0,16.0,15.4,14.857142857142858,-2.6,1.2922077922077921,-1.34090909090909,0.7142857142857143,10.271428571428572,9.314285714285715,0.0,10.085714285714285,0.32857142857142857,0.0,-2.5285714285714285,15.333333333333334,0.0,0.0,15.333333333333334,0.6666666666666666,-1.2666666666666675,0,18,0.45,57.0,23,1,0,-2,0
2024,23,Lusail,GAS,Alpine,13.0,11.0,18.0,47.0,6.0,519.0,0.5816326530612245,0.36363636363636365,11.0,12.4,24.0,12.0,342.0,0.5,0.4090909090909091,0.045454545454545456,8.666666666666666,10.2,13.636363636363637,2.2,-0.25,0.045454545454546746,0.4090909090909091,12.0,12.0,0.0,7.0,0.0,1.0,-0.40000000000000036,9.5,0.0,0.0,7.5,0.0,-1.5,0,18,0.45,57.0,23,1,0,-2,0
2024,23,Lusail,HAM,Mercedes,2.3333333333333335,4.4,55.0,399.0,4.0,167.0,0.11224489795918367,0.8863636363636364,5.333333333333333,8.4,195.0,7.0,171.0,0.09259259259259259,0.9090909090909091,0.4090909090909091,10.666666666666666,10.8,8.181818181818182,-2.4,1.4772727272727266,-0.04545454545454497,0.36363636363636365,19.0,19.0,0.0,3.0,1.0,1.0,10.6,11.5,0.0,0.0,2.5,0.5,7.1,0,18,0.45,57.0,23,1,0,-2,0
2024,23,Lusail,HUL,Haas F1 Team,13.333333333333334,11.8,4.0,45.0,7.0,521.0,0.3979591836734694,0.5681818181818182,12.333333333333334,10.8,32.0,10.0,334.0,0.3888888888888889,0.5454545454545454,0.0,12.666666666666666,11.2,11.863636363636363,-0.4,-1.293181818181818,-0.9295454545454529,0.7272727272727273,16.0,16.0,0.0,15.0,1.0,1.0,5.199999999999999,15.0,0.0,0.0,17.0,1.0,3.1999999999999993,0,18,0.45,57.0,23,1,0,-2,0
2024,23,Lusail,LAW,RB,10.666666666666666,12.2,8.0,40.0,8.0,526.0,0.5612244897959183,0.38636363636363635,13.666666666666666,13.4,4.0,18.0,362.0,0.16666666666666666,0.75,0.0,10.666666666666666,13.0,11.75,0.4,0.375,-0.3636363636363633,0.5,17.0,17.0,0.0,18.0,1.0,1.0,3.5999999999999996,10.574113475177306,0.0,0.13900709219858157,9.970212765957447,0.30886524822695033,-1.6258865248226932,0,18,0.45,57.0,23,1,0,-2,0
2024,23,Lusail,LEC,Ferrari,7.666666666666667,5.8,27.0,536.0,2.0,30.0,0.11224489795918367,0.8863636363636364,4.0,3.6,294.0,3.0,72.0,0.09259259259259259,0.9090909090909091,0.8636363636363636,4.666666666666667,5.4,4.954545454545454,-1.8,-0.30844155844155896,-0.5649350649350646,0.6363636363636364,5.0,5.0,0.0,5.0,0.0,1.0,1.4,12.5,0.0,0.0,8.5,0.5,6.7,0,18,0.45,57.0,23,1,0,-2,0
2024,23,Lusail,MAG,Haas F1 Team,12.0,13.6,4.0,45.0,7.0,521.0,0.41,0.5555555555555556,10.0,11.8,12.0,15.0,354.0,0.38,0.55,0.0,9.333333333333334,11.0,14.45,0.8,1.293181818181818,0.9295454545454547,0.2,14.0,14.0,0.0,19.0,1.0,1.0,2.1999999999999993,15.333333333333334,0.0,0.0,17.333333333333332,1.0,1.7333333333333343,0,18,0.45,57.0,23,1,0,-2,0
2024,23,Lusail,NOR,McLaren,7.0,7.0,19.0,566.0,1.0,0.0,0.030612244897959183,0.9772727272727273,4.666666666666667,3.8,317.0,2.0,49.0,0.05555555555555555,0.9545454545454546,0.7727272727272727,3.3333333333333335,2.4,3.6818181818181817,1.4,-0.9772727272727275,-0.40909090909090917,0.6818181818181818,3.0,3.0,1.0,10.0,0.0,1.0,-0.7999999999999998,2.5,0.0,1.0,8.0,0.0,-4.5,0,18,0.45,57.0,23,1,0,-2,0
2024,23,Lusail,OCO,Alpine,14.0,9.4,10.0,57.0,6.0,509.0,0.57,0.37777777777777777,10.666666666666666,12.6,23.0,14.0,343.0,0.5740740740740741,0.3181818181818182,0.045454545454545456,11.333333333333334,12.4,14.136363636363637,0.2,0.25,-0.04545454545454497,0.5909090909090909,7.0,7.0,0.0,8.0,0.0,1.0,-5.6,8.0,0.0,0.0,8.666666666666666,0.0,-1.4000000000000004,0,18,0.45,57.0,23,1,0,-2,0
2024,23,Lusail,PER,Red Bull Racing,5.333333333333333,6.6,37.0,504.0,3.0,62.0,0.15306122448979592,0.8409090909090909,12.666666666666666,11.0,138.0,8.0,228.0,0.24074074074074073,0.7272727272727273,0.2727272727272727,15.666666666666666,14.0,9.227272727272727,-3.0,3.1590909090909083,2.590909090909091,0.045454545454545456,10.0,10.0,0.0,13.0,0.0,1.0,-1.0,5.5,1.0,0.5,7.0,0.0,-1.0999999999999996,0,18,0.45,57.0,23,1,0,-2,0
2024,23,Lusail,PIA,McLaren,7.666666666666667,7.4,17.0,568.0,1.0,-2.0,0.03,0.9777777777777777,7.666666666666667,6.2,249.0,4.0,117.0,0.018518518518518517,1.0,0.6363636363636364,11.0,8.6,5.636363636363637,-2.4,0.9772727272727275,0.40909090909090917,0.3181818181818182,2.0,2.0,1.0,6.0,0.0,1.0,-4.2,5.0,0.0,0.6666666666666666,6.333333333333333,0.0,-2.4000000000000004,0,18,0.45,57.0,23,1,0,-2,0
2024,23,Lusail,RUS,Mercedes,5.0,5.8,43.0,399.0,4.0,167.0,0.11,0.8888888888888888,3.3333333333333335,4.0,204.0,6.0,162.0,0.12962962962962962,0.8636363636363636,0.45454545454545453,2.6666666666666665,3.6,5.2272727272727275,0.4,-1.4772727272727275,0.04545454545454586,0.6363636363636364,4.0,4.0,0.0,2.0,0.0,1.0,0.0,11.666666666666666,0.0,0.0,3.6666666666666665,0.3333333333333333,5.866666666666666,0,18,0.45,57.0,23,1,0,-2,0
2024,23,Lusail,SAI,Ferrari,3.0,6.0,45.0,554.0,2.0,12.0,0.11,0.8888888888888888,6.666666666666667,5.8,236.0,5.0,130.0,0.1346153846153846,0.8571428571428571,0.6666666666666666,5.666666666666667,6.0,5.571428571428571,-0.2,0.3084415584415581,0.5649350649350646,0.38095238095238093,20.0,20.0,0.0,12.0,1.0,1.0,14.2,9.0,0.0,0.3333333333333333,7.333333333333333,0.3333333333333333,3.0,0,18,0.45,57.0,23,1,0,-2,0
2024,23,Lusail,STR,Aston Martin,11.0,13.2,6.0,92.0,5.0,474.0,0.41,0.5555555555555556,15.0,14.8,24.0,12.0,342.0,0.46296296296296297,0.45454545454545453,0.0,14.666666666666666,15.0,12.727272727272727,-0.2,1.5,1.3863636363636367,0.2727272727272727,11.0,11.0,0.0,17.0,0.0,1.0,-3.8000000000000007,8.0,0.0,0.0,9.666666666666666,0.0,-5.199999999999999,0,18,0.45,57.0,23,1,0,-2,0
2024,23,Lusail,TSU,RB,13.0,11.0,2.0,40.0,8.0,526.0,0.55,0.4,12.0,12.4,29.0,11.0,337.0,0.5370370370370371,0.36363636363636365,0.0,7.0,8.0,11.0,4.4,-0.375,0.3636363636363633,0.5,15.0,15.0,0.0,11.0,1.0,1.0,2.5999999999999996,14.0,0.0,0.0,17.0,0.0,3.0,0,18,0.45,57.0,23,1,0,-2,0
2024,23,Lusail,VER,Red Bull Racing,10.666666666666666,8.8,11.0,504.0,3.0,62.0,0.17,0.8222222222222222,4.0,3.4,366.0,1.0,0.0,0.05555555555555555,0.9545454545454546,0.8181818181818182,6.333333333333333,4.6,2.909090909090909,-1.2,-3.159090909090909,-2.5909090909090913,0.9545454545454546,1.0,1.0,1.0,1.0,0.0,1.0,-2.4,9.333333333333334,1.0,0.3333333333333333,7.666666666666667,0.3333333333333333,0.5333333333333332,0,18,0.45,57.0,23,1,0,-2,1
2024,23,Lusail,ZHO,Kick Sauber,14.0,14.0,0.0,0.0,10.0,566.0,0.71,0.2222222222222222,14.333333333333334,15.4,0.0,19.0,366.0,0.6481481481481481,0.22727272727272727,0.0,17.666666666666668,18.6,18.318181818181817,-3.2,1.40909090909091,0.0,0.36363636363636365,9.0,9.0,0.0,20.0,0.0,1.0,-6.4,11.0,0.0,0.0,13.0,0.0,-3.0,0,18,0.45,57.0,23,1,0,-2,0
2024,24,Yas Island,ALB,Williams,16.0,16.8,0.0,17.0,9.0,566.0,0.63,0.3111111111111111,17.333333333333332,17.4,12.0,15.0,379.0,0.5892857142857143,0.30434782608695654,0.0,13.666666666666666,13.2,12.434782608695652,4.2,-1.4701086956521738,0.9103260869565215,0.6818181818181818,13.5,13.0,0.0,16.5,0.0,2.0,-3.8999999999999986,15.5,0.0,0.0,18.25,0.25,-1.3000000000000007,0,18,0.45,57.0,24,0,0,-2,0
2024,24,Yas Island,ALO,Aston Martin,13.333333333333334,14.0,6.0,92.0,5.0,491.0,0.4215686274509804,0.5434782608695652,10.666666666666666,12.6,68.0,9.0,323.0,0.30357142857142855,0.6521739130434783,0.043478260869565216,11.333333333333334,11.0,9.652173913043478,1.6,-1.5869565217391308,-1.5652173913043477,0.7391304347826086,13.5,7.0,0.0,9.0,0.5,2.0,0.9000000000000004,8.75,0.0,0.0,10.75,0.0,-5.25,0,18,0.45,57.0,24,0,0,-2,0
2024,24,Yas Island,BOT,Kick Sauber,10.666666666666666,13.0,4.0,4.0,10.0,579.0,0.696078431372549,0.2391304347826087,14.0,14.6,0.0,19.0,391.0,0.6607142857142857,0.21739130434782608,0.0,14.333333333333334,15.2,15.391304347826088,-0.6,-1.3260869565217401,0.06521739130434767,0.6086956521739131,17.0,15.0,0.0,18.0,0.5,2.0,2.4000000000000004,10.679850746268656,0.0,0.1621179815209666,10.235820895522387,0.2372778962331201,-2.320149253731344,0,18,0.45,57.0,24,0,0,-2,0
2024,24,Yas Island,COL,Williams,15.0,15.6,0.0,17.0,9.0,566.0,0.6372549019607843,0.30434782608695654,16.666666666666668,14.4,5.0,16.0,386.0,0.34615384615384615,0.5,0.0,17.0,16.8,15.375,-2.4,1.4701086956521738,-0.9103260869565215,0.625,9.783333333333333,8.34,0.0,9.523333333333333,0.17,0.0,-4.616666666666667,14.6,0.0,0.0,17.8,0.4,-1.0,0,18,0.45,57.0,24,0,0,-2,0
2024,24,Yas Island,DOO,Alpine,14.0,12.8,10.0,57.0,6.0,526.0,0.5784313725490197,0.3695652173913043,10.280701754385964,10.389473684210527,0.0,19.0,391.0,0.1,0.9,0.0,10.263157894736842,10.31578947368421,10.135326210783877,0.0,0.0,0.0,0.5,9.783333333333333,8.34,0.0,9.523333333333333,0.17,0.0,-0.6061403508771939,13.0,0.0,0.0,10.25,0.25,0.1999999999999993,0,18,0.45,57.0,24,0,0,-2,0
2024,24,Yas Island,GAS,Alpine,13.333333333333334,15.4,10.0,57.0,6.0,526.0,0.5865384615384616,0.3617021276595745,9.333333333333334,10.0,34.0,10.0,357.0,0.48214285714285715,0.43478260869565216,0.08695652173913043,9.666666666666666,8.8,13.521739130434783,1.2,0.0,0.0,0.43478260869565216,13.5,13.0,0.0,13.5,0.0,2.0,3.5,13.4,0.0,0.0,12.2,0.4,-2.0,0,18,0.45,57.0,24,0,0,-2,0
2024,24,Yas Island,HAM,Mercedes,5.666666666666667,4.6,37.0,411.0,4.0,172.0,0.10784313725490197,0.8913043478260869,8.0,9.6,195.0,7.0,196.0,0.08928571428571429,0.9130434782608695,0.391304347826087,10.666666666666666,11.4,8.08695652173913,-1.8,1.5,0.13043478260869534,0.34782608695652173,13.5,9.0,0.0,8.0,0.5,2.0,3.9000000000000004,8.75,0.0,0.25,6.5,0.25,4.15,0,18,0.45,57.0,24,0,0,-2,0
2024,24,Yas Island,HUL,Haas F1 Team,12.333333333333334,13.0,2.0,47.0,7.0,536.0,0.4019607843137255,0.5652173913043478,14.666666666666666,12.2,32.0,11.0,359.0,0.4107142857142857,0.5217391304347826,0.0,15.333333333333334,13.6,12.130434782608695,-1.4,-1.053830227743271,-0.7277432712215326,0.6956521739130435,15.0,15.0,0.0,8.0,0.0,1.0,2.8000000000000007,17.0,0.0,0.0,13.5,0.25,4.0,0,18,0.45,57.0,24,0,0,-2,0
2024,24,Yas Island,LAW,RB,12.0,11.8,2.0,40.0,8.0,543.0,0.5392156862745098,0.41304347826086957,13.0,12.8,4.0,17.0,387.0,0.15,0.8,0.0,12.333333333333334,12.8,12.8,0.0,0.8347826086956527,-0.20869565217391184,0.4,9.783333333333333,8.34,0.0,9.523333333333333,0.17,0.0,-3.0166666666666675,10.679850746268656,0.0,0.1621179815209666,10.235820895522387,0.2372778962331201,-1.1201492537313449,0,18,0.45,57.0,24,0,0,-2,0
2024,24,Yas Island,LEC,Ferrari,3.6666666666666665,6.2,41.0,562.0,2.0,21.0,0.10784313725490197,0.8913043478260869,3.6666666666666665,3.0,312.0,3.0,79.0,0.08928571428571429,0.9130434782608695,0.8695652173913043,5.0,4.6,4.956521739130435,-1.6,-0.3399209486166006,-0.6274703557312256,0.6521739130434783,2.0,2.0,2.0,2.5,0.0,2.0,-1.0,6.5,0.0,0.5,6.25,0.25,0.2999999999999998,0,18,0.45,57.0,24,0,0,-2,0
2024,24,Yas Island,MAG,Haas F1 Team,11.0,10.6,6.0,51.0,7.0,532.0,0.3942307692307692,0.574468085106383,9.333333333333334,11.6,14.0,14.0,377.0,0.36538461538461536,0.5714285714285714,0.0,9.666666666666666,10.4,14.238095238095237,1.2,1.053830227743271,0.7277432712215308,0.23809523809523808,18.5,17.0,0.0,16.5,0.5,2.0,6.9,15.2,0.0,0.0,11.6,0.2,4.6,0,18,0.45,57.0,24,0,0,-2,0
2024,24,Yas Island,NOR,McLaren,6.666666666666667,6.8,23.0,583.0,1.0,0.0,0.029411764705882353,0.9782608695652174,7.333333333333333,5.6,319.0,2.0,72.0,0.05357142857142857,0.9565217391304348,0.7391304347826086,3.3333333333333335,2.8,3.652173913043478,2.8,-0.956521739130435,-0.23913043478260843,0.6521739130434783,5.5,5.0,0.0,6.0,0.0,2.0,-0.09999999999999964,6.5,0.0,0.0,6.25,0.0,-0.2999999999999998,0,18,0.45,57.0,24,0,0,-2,1
2024,24,Yas Island,PER,Red Bull Racing,7.666666666666667,6.8,35.0,529.0,3.0,54.0,0.16666666666666666,0.8260869565217391,12.666666666666666,12.4,138.0,8.0,253.0,0.26785714285714285,0.6956521739130435,0.2608695652173913,12.666666666666666,13.2,9.217391304347826,-0.8,3.195652173913043,2.8260869565217392,0.043478260869565216,3.5,3.0,1.0,5.5,0.0,2.0,-8.9,2.25,2.0,0.75,3.25,0.0,-4.55,0,18,0.45,57.0,24,0,0,-2,0
2024,24,Yas Island,PIA,McLaren,4.666666666666667,5.4,42.0,608.0,1.0,-25.0,0.028846153846153848,0.9787234042553191,6.0,6.2,264.0,4.0,127.0,0.017857142857142856,1.0,0.6521739130434783,6.666666666666667,8.4,5.565217391304348,-2.2,0.9565217391304346,0.23913043478260843,0.34782608695652173,6.0,6.0,0.0,3.0,0.0,1.0,-0.20000000000000018,5.4,1.0,0.2,5.2,0.0,0.0,0,18,0.45,57.0,24,0,0,-2,0
2024,24,Yas Island,RUS,Mercedes,6.666666666666667,4.6,24.0,423.0,4.0,160.0,0.10576923076923077,0.8936170212765957,3.0,4.0,216.0,6.0,175.0,0.125,0.8695652173913043,0.4782608695652174,1.6666666666666667,3.2,5.086956521739131,0.8,-1.5,-0.13043478260869623,0.6521739130434783,4.0,3.0,1.0,5.0,0.0,2.0,0.0,7.8,0.0,0.2,8.8,0.2,3.2,0,18,0.45,57.0,24,0,0,-2,0
2024,24,Yas Island,SAI,Ferrari,3.6666666666666665,3.6,41.0,577.0,2.0,6.0,0.10576923076923077,0.8936170212765957,8.333333333333334,5.6,244.0,5.0,147.0,0.12962962962962962,0.8636363636363636,0.6363636363636364,7.666666666666667,5.4,5.636363636363637,0.2,0.3399209486166015,0.6274703557312247,0.36363636363636365,11.0,4.0,0.0,10.0,0.5,2.0,5.4,5.8,0.0,0.6,7.8,0.2,2.1999999999999997,0,18,0.45,57.0,24,0,0,-2,0
2024,24,Yas Island,STR,Aston Martin,11.333333333333334,12.0,8.0,94.0,5.0,489.0,0.41346153846153844,0.5531914893617021,17.333333333333332,15.6,24.0,13.0,367.0,0.48214285714285715,0.43478260869565216,0.0,15.0,14.6,12.826086956521738,1.0,1.586956521739129,1.5652173913043477,0.2608695652173913,9.0,8.0,0.0,13.5,0.0,2.0,-6.6,8.8,0.0,0.0,10.2,0.0,-3.1999999999999993,0,18,0.45,57.0,24,0,0,-2,0
2024,24,Yas Island,TSU,RB,14.666666666666666,13.8,0.0,40.0,8.0,543.0,0.5480769230769231,0.40425531914893614,9.666666666666666,12.6,29.0,12.0,362.0,0.5178571428571429,0.391304347826087,0.0,8.0,9.2,11.130434782608695,3.4,-0.8347826086956527,0.20869565217391362,0.5217391304347826,9.5,8.0,0.0,9.0,0.0,2.0,-3.0999999999999996,17.0,0.0,0.0,12.0,1.0,3.1999999999999993,0,18,0.45,57.0,24,0,0,-2,0
2024,24,Yas Island,VER,Red Bull Racing,12.666666666666666,10.6,25.0,529.0,3.0,54.0,0.18269230769230768,0.8085106382978723,2.3333333333333335,3.2,391.0,1.0,0.0,0.05357142857142857,0.9565217391304348,0.8260869565217391,6.0,4.4,2.8260869565217392,-1.2,-3.195652173913044,-2.8260869565217397,0.9565217391304348,1.0,1.0,2.0,1.0,0.0,2.0,-2.2,5.8,2.0,0.6,4.6,0.2,-4.8,0,18,0.45,57.0,24,0,0,-2,0
2024,24,Yas Island,ZHO,Kick Sauber,12.333333333333334,13.6,4.0,4.0,10.0,579.0,0.7019230769230769,0.23404255319148937,12.0,14.0,4.0,17.0,387.0,0.625,0.2608695652173913,0.0,15.0,17.0,18.043478260869566,-3.0,1.3260869565217384,-0.06521739130434945,0.391304347826087,14.5,12.0,0.0,17.0,0.0,2.0,0.5,18.0,0.0,0.0,9.0,1.0,4.4,0,18,0.45,57.0,24,0,0,-2,0
2025,1,Melbourne,ALB,Williams,16.333333333333332,15.6,0.0,0.0,1.0,0.0,0.1,0.9,15.0,16.4,0.0,1.0,0.0,0.1,0.9,0.0,16.666666666666668,13.2,10.0,3.2,0.0,0.0,0.5,13.333333333333334,10.0,0.0,12.0,0.6666666666666666,3.0,-3.0666666666666647,14.4,0.0,0.0,14.6,0.6,-1.1999999999999993,1,18,0.45,57.0,1,23,1,-1,0
2025,1,Melbourne,ALO,Aston Martin,13.666666666666666,12.6,2.0,0.0,1.0,0.0,0.1,0.9,9.0,11.8,0.0,1.0,0.0,0.1,0.9,0.0,11.0,11.0,10.0,0.8,0.0,0.0,0.5,9.333333333333334,3.0,1.0,8.0,0.0,3.0,-2.466666666666667,8.0,0.0,0.16666666666666666,9.4,0.16666666666666666,-4.6,1,18,0.45,57.0,1,23,1,-1,0
2025,1,Melbourne,ANT,Mercedes,4.333333333333333,5.2,34.0,0.0,1.0,0.0,0.1,0.9,9.294117647058824,9.72156862745098,0.0,1.0,0.0,0.1,0.9,0.0,9.92156862745098,9.952941176470588,10.0,0.0,0.0,0.0,0.5,9.639455782312925,6.918367346938775,0.0,9.27891156462585,0.21088435374149658,0.0,-0.08211284513805417,11.6,0.0,0.3333333333333333,5.8,0.5,6.3999999999999995,1,18,0.45,57.0,1,23,1,-1,0
2025,1,Melbourne,BEA,Haas F1 Team,11.0,12.2,6.0,0.0,1.0,0.0,0.1,0.9,9.666666666666666,9.666666666666666,0.0,1.0,0.0,0.1,0.9,0.0,13.0,13.0,10.0,-3.3333333333333335,0.0,0.0,0.5,9.639455782312925,6.918367346938775,0.0,9.27891156462585,0.21088435374149658,0.0,-0.02721088435374064,11.2,0.0,0.0,13.8,0.3333333333333333,-1.0,1,18,0.45,57.0,1,23,1,-1,0
2025,1,Melbourne,BOR,Kick Sauber,13.0,12.6,4.0,0.0,1.0,0.0,0.1,0.9,9.294117647058824,9.72156862745098,0.0,1.0,0.0,0.1,0.9,0.0,9.92156862745098,9.952941176470588,10.0,0.0,0.0,0.0,0.5,9.639455782312925,6.918367346938775,0.0,9.27891156462585,0.21088435374149658,0.0,-0.08211284513805417,14.5,0.0,0.0,16.0,1.0,1.9000000000000004,1,18,0.45,57.0,1,23,1,-1,0
2025,1,Melbourne,DOO,Alpine,14.0,12.8,6.0,0.0,1.0,0.0,0.1,0.9,15.0,15.0,0.0,1.0,0.0,0.1,0.9,0.0,20.0,20.0,10.0,-5.0,0.0,0.0,0.5,9.639455782312925,6.918367346938775,0.0,9.27891156462585,0.21088435374149658,0.0,-5.360544217687075,12.6,0.0,0.0,12.0,0.6666666666666666,-0.20000000000000107,1,18,0.45,57.0,1,23,1,-1,0
2025,1,Melbourne,GAS,Alpine,13.666666666666666,13.2,6.0,0.0,1.0,0.0,0.25,0.0,10.666666666666666,9.0,0.0,1.0,0.0,0.1,0.9,0.0,6.666666666666667,8.6,10.0,0.4,0.0,0.0,0.5,11.666666666666666,9.0,0.0,12.333333333333334,0.6666666666666666,3.0,2.666666666666666,15.0,0.0,0.0,13.2,0.7142857142857143,1.8000000000000007,1,18,0.45,57.0,1,23,1,-1,0
2025,1,Melbourne,HAD,Racing Bulls,10.719298245614034,10.694736842105263,0.0,0.0,1.0,0.0,0.1,0.9,9.294117647058824,9.72156862745098,0.0,1.0,0.0,0.1,0.9,0.0,9.92156862745098,9.952941176470588,10.0,0.0,0.0,0.0,0.5,9.639455782312925,6.918367346938775,0.0,9.27891156462585,0.21088435374149658,0.0,-0.08211284513805417,10.30858585858586,0.0,0.16962481962481962,10.260858585858585,0.29083694083694084,-0.38615098351940347,1,18,0.45,57.0,1,23,1,-1,0
2025,1,Melbourne,HAM,Ferrari,3.6666666666666665,3.2,41.0,0.0,1.0,0.0,0.1,0.9,6.0,6.4,0.0,1.0,0.0,0.1,0.9,0.0,11.333333333333334,11.2,10.0,-4.8,0.0,0.0,0.5,8.0,2.0,1.0,6.333333333333333,0.3333333333333333,3.0,1.5999999999999996,11.0,1.0,0.5,5.6,0.3333333333333333,7.8,1,18,0.45,57.0,1,23,1,-1,0
2025,1,Melbourne,HUL,Kick Sauber,15.666666666666666,13.2,0.0,0.0,1.0,0.0,0.25,0.0,10.666666666666666,12.2,0.0,1.0,0.0,0.1,0.9,0.0,10.333333333333334,12.0,10.0,0.2,0.0,0.0,0.5,8.0,7.0,0.0,13.0,0.0,2.0,-4.199999999999999,15.0,0.0,0.0,15.666666666666666,1.0,1.8000000000000007,1,18,0.45,57.0,1,23,1,-1,0
2025,1,Melbourne,LAW,Red Bull Racing,9.0,9.8,33.0,0.0,1.0,0.0,0.1,0.9,15.666666666666666,14.4,0.0,1.0,0.0,0.1,0.9,0.0,14.666666666666666,12.2,10.0,2.2,0.0,0.0,0.5,9.639455782312925,6.918367346938775,0.0,9.27891156462585,0.21088435374149658,0.0,-4.760544217687075,9.6,1.0,0.3333333333333333,5.4,0.3333333333333333,-0.20000000000000107,1,18,0.45,57.0,1,23,1,-1,0
2025,1,Melbourne,LEC,Ferrari,5.0,4.6,34.0,1.0,1.0,-1.0,0.08333333333333333,1.0,3.0,3.4,0.0,1.0,0.0,0.1,0.9,0.0,7.666666666666667,6.6,10.0,-3.2,0.0,0.0,0.5,7.666666666666667,1.0,2.0,4.333333333333333,0.3333333333333333,3.0,4.2666666666666675,9.0,1.0,0.42857142857142855,5.4,0.2857142857142857,4.4,1,18,0.45,57.0,1,23,1,-1,0
2025,1,Melbourne,NOR,McLaren,4.666666666666667,6.2,41.0,0.0,1.0,0.0,0.1,0.9,5.666666666666667,5.0,0.0,1.0,0.0,0.1,0.9,0.0,3.3333333333333335,2.8,10.0,2.2,0.0,0.0,0.5,4.666666666666667,3.0,1.0,7.0,0.0,3.0,-0.33333333333333304,5.4,0.0,0.16666666666666666,9.2,0.0,-0.7999999999999998,1,18,0.45,57.0,1,23,1,-1,1
2025,1,Melbourne,OCO,Haas F1 Team,12.666666666666666,12.6,4.0,0.0,1.0,0.0,0.08333333333333333,1.0,13.0,14.0,0.0,1.0,0.0,0.1,0.9,0.0,11.666666666666666,13.4,10.0,0.6,0.0,0.0,0.5,12.333333333333334,7.0,0.0,11.333333333333334,0.6666666666666666,3.0,-1.666666666666666,11.4,0.0,0.0,14.8,0.2857142857142857,-1.1999999999999993,1,18,0.45,57.0,1,23,1,-1,0
2025,1,Melbourne,PIA,McLaren,4.0,5.0,51.0,25.0,1.0,-25.0,0.08333333333333333,1.0,6.666666666666667,7.2,0.0,1.0,0.0,0.1,0.9,0.0,4.666666666666667,7.8,10.0,-0.6,0.0,0.0,0.5,6.0,4.0,0.0,11.0,0.0,2.0,-1.2000000000000002,4.4,1.0,0.2857142857142857,8.0,0.0,-0.5999999999999996,1,18,0.45,57.0,1,23,1,-1,0
2025,1,Melbourne,RUS,Mercedes,4.333333333333333,5.8,34.0,12.0,1.0,-12.0,0.08333333333333333,1.0,3.3333333333333335,3.8,0.0,1.0,0.0,0.1,0.9,0.0,3.3333333333333335,3.4,10.0,0.4,0.0,0.0,0.5,12.666666666666666,3.0,1.0,5.0,0.6666666666666666,3.0,8.866666666666667,11.8,0.0,0.2857142857142857,7.8,0.42857142857142855,6.000000000000001,1,18,0.45,57.0,1,23,1,-1,0
2025,1,Melbourne,SAI,Williams,11.666666666666666,13.8,10.0,10.0,1.0,-10.0,0.08333333333333333,1.0,3.6666666666666665,5.6,0.0,1.0,0.0,0.1,0.9,0.0,4.0,5.4,10.0,0.2,0.0,0.0,0.5,11.0,1.0,1.0,5.333333333333333,0.3333333333333333,3.0,5.4,13.4,0.0,0.0,12.6,0.5,-0.40000000000000036,1,18,0.45,57.0,1,23,1,-1,0
2025,1,Melbourne,STR,Aston Martin,13.333333333333334,13.0,2.0,0.0,1.0,0.0,0.25,0.0,15.666666666666666,15.4,0.0,1.0,0.0,0.1,0.9,0.0,16.0,14.4,10.0,1.0,0.0,0.0,0.5,7.333333333333333,4.0,0.0,11.666666666666666,0.0,3.0,-8.066666666666666,7.6,0.0,0.14285714285714285,8.2,0.2857142857142857,-5.4,1,18,0.45,57.0,1,23,1,-1,0
2025,1,Melbourne,TSU,Racing Bulls,20.0,20.0,0.0,0.0,1.0,0.0,0.25,0.0,11.333333333333334,12.2,0.0,1.0,0.0,0.1,0.9,0.0,10.666666666666666,9.2,10.0,3.0,0.0,0.0,0.5,10.666666666666666,7.0,0.0,11.0,0.0,3.0,-1.5333333333333332,20.0,0.0,0.0,11.0,1.0,0.0,1,18,0.45,57.0,1,23,1,-1,0
2025,1,Melbourne,VER,Red Bull Racing,13.666666666666666,11.8,8.0,0.0,1.0,0.0,0.25,0.0,4.0,3.8,0.0,1.0,0.0,0.1,0.9,0.0,3.6666666666666665,5.0,10.0,-1.2,0.0,0.0,0.5,12.666666666666666,1.0,1.0,1.3333333333333333,0.6666666666666666,3.0,8.866666666666667,9.0,1.0,0.2857142857142857,8.6,0.42857142857142855,-2.8000000000000007,1,18,0.45,57.0,1,23,1,-1,0
2025,2,Shanghai,ALB,Williams,14.0,14.4,10.0,10.0,4.0,17.0,0.21428571428571427,0.5,10.333333333333334,13.6,10.0,5.0,15.0,0.08333333333333333,1.0,1.0,12.666666666666666,12.6,6.0,1.0,-2.0,-6.5,1.0,12.0,12.0,0.0,14.0,0.0,1.0,-1.5999999999999996,14.5,0.0,0.0,17.0,0.0,0.09999999999999964,0,18,0.45,57.0,2,22,0,-1,0
2025,2,Shanghai,ALO,Aston Martin,12.333333333333334,12.8,8.0,8.0,5.0,19.0,0.21428571428571427,0.5,11.0,11.6,0.0,11.0,25.0,0.25,0.0,0.0,9.333333333333334,10.8,12.0,0.8,-0.5,5.5,0.0,7.0,7.0,0.0,3.0,0.0,1.0,-4.6,11.0,0.0,0.0,7.0,0.0,-1.8000000000000007,0,18,0.45,57.0,2,22,0,-1,0
2025,2,Shanghai,ANT,Mercedes,4.0,4.0,37.0,27.0,1.0,0.0,0.07142857142857142,1.0,4.0,4.0,12.0,4.0,13.0,0.08333333333333333,1.0,1.0,16.0,16.0,16.0,-12.0,6.0,0.5,0.0,8.714285714285714,8.714285714285714,0.0,9.5,0.07142857142857142,0.0,4.7142857142857135,7.5,0.0,0.0,13.0,0.0,3.5,0,18,0.45,57.0,2,22,0,-1,0
2025,2,Shanghai,BEA,Haas F1 Team,14.333333333333334,12.0,0.0,0.0,8.0,27.0,0.07142857142857142,1.0,12.0,10.75,0.0,11.0,25.0,0.08333333333333333,1.0,0.0,16.0,14.75,20.0,-4.0,0.5,0.5,0.0,8.714285714285714,8.714285714285714,0.0,9.5,0.07142857142857142,0.0,-2.0357142857142865,13.0,0.0,0.0,13.0,0.0,1.0,0,18,0.45,57.0,2,22,0,-1,0
2025,2,Shanghai,BOR,Kick Sauber,12.0,12.4,6.0,6.0,6.0,21.0,0.21428571428571427,0.5,16.0,16.0,0.0,11.0,25.0,0.25,0.0,0.0,15.0,15.0,15.0,1.0,-1.0,4.5,0.0,8.714285714285714,8.714285714285714,0.0,9.5,0.07142857142857142,0.0,-7.2857142857142865,17.0,0.0,0.0,13.0,0.5,4.6,0,18,0.45,57.0,2,22,0,-1,0
2025,2,Shanghai,DOO,Alpine,12.333333333333334,14.4,6.0,0.0,8.0,27.0,0.21428571428571427,0.5,17.0,17.0,0.0,11.0,25.0,0.25,0.0,0.0,17.0,17.0,14.0,0.0,2.5,4.0,0.0,8.714285714285714,8.714285714285714,0.0,9.5,0.07142857142857142,0.0,-8.285714285714286,12.0,0.0,0.0,14.0,0.0,-2.4000000000000004,0,18,0.45,57.0,2,22,0,-1,0
2025,2,Shanghai,GAS,Alpine,14.333333333333334,13.0,0.0,0.0,8.0,27.0,0.1875,0.6666666666666666,7.666666666666667,9.2,0.0,11.0,25.0,0.08333333333333333,1.0,0.0,8.666666666666666,8.8,9.0,0.4,-2.5,-4.0,1.0,13.0,13.0,0.0,15.0,0.0,1.0,3.8000000000000007,12.333333333333334,0.0,0.0,15.333333333333334,0.0,-0.6666666666666661,0,18,0.45,57.0,2,22,0,-1,0
2025,2,Shanghai,HAD,Racing Bulls,16.0,16.0,0.0,0.0,8.0,27.0,0.21428571428571427,0.5,20.0,20.0,0.0,11.0,25.0,0.25,0.0,0.0,11.0,11.0,11.0,9.0,3.0,4.0,0.0,8.714285714285714,8.714285714285714,0.0,9.5,0.07142857142857142,0.0,-11.285714285714286,9.85632183908046,0.0,0.16666666666666666,9.890804597701148,0.132183908045977,-6.14367816091954,0,18,0.45,57.0,2,22,0,-1,0
2025,2,Shanghai,HAM,Ferrari,6.666666666666667,5.8,23.0,5.0,7.0,22.0,0.07142857142857142,1.0,8.666666666666666,7.6,1.0,10.0,24.0,0.08333333333333333,1.0,0.0,10.666666666666666,11.6,8.0,-4.0,0.5,1.0,0.0,9.0,9.0,0.0,18.0,0.0,1.0,1.4000000000000004,4.5,0.0,0.0,6.5,0.0,-1.2999999999999998,0,18,0.45,57.0,2,22,0,-1,0
2025,2,Shanghai,HUL,Kick Sauber,12.333333333333334,13.6,6.0,6.0,6.0,21.0,0.3125,0.3333333333333333,10.333333333333334,11.8,6.0,7.0,19.0,0.08333333333333333,1.0,0.0,13.0,13.4,17.0,-1.6,1.0,-4.5,1.0,10.0,10.0,0.0,9.0,0.0,1.0,-1.8000000000000007,16.0,0.0,0.0,15.0,0.6666666666666666,2.4000000000000004,0,18,0.45,57.0,2,22,0,-1,0
2025,2,Shanghai,LAW,Red Bull Racing,7.666666666666667,8.8,26.0,18.0,3.0,9.0,0.21428571428571427,0.5,15.333333333333334,14.2,0.0,11.0,25.0,0.25,0.0,0.0,15.666666666666666,13.4,18.0,0.8,7.5,6.5,0.0,8.714285714285714,8.714285714285714,0.0,9.5,0.07142857142857142,0.0,-5.485714285714286,2.0,1.0,1.0,1.5,0.0,-6.800000000000001,0,18,0.45,57.0,2,22,0,-1,0
2025,2,Shanghai,LEC,Ferrari,12.333333333333334,8.4,5.0,5.0,7.0,22.0,0.1875,0.6666666666666666,4.333333333333333,4.4,4.0,8.0,21.0,0.08333333333333333,1.0,0.0,8.666666666666666,7.2,7.0,-2.8,-0.5,-1.0,1.0,4.0,4.0,0.0,6.0,0.0,1.0,-0.40000000000000036,9.333333333333334,0.0,0.0,6.0,0.3333333333333333,0.9333333333333336,0,18,0.45,57.0,2,22,0,-1,0
2025,2,Shanghai,NOR,McLaren,6.666666666666667,4.8,28.0,27.0,1.0,0.0,0.07142857142857142,1.0,4.0,4.8,25.0,1.0,0.0,0.08333333333333333,1.0,1.0,1.6666666666666667,2.4,1.0,2.4,-0.5,-4.0,1.0,2.0,2.0,1.0,4.0,0.0,1.0,-2.8,5.0,0.0,0.5,4.5,0.0,0.20000000000000018,0,18,0.45,57.0,2,22,0,-1,0
2025,2,Shanghai,OCO,Haas F1 Team,11.666666666666666,11.8,4.0,4.0,8.0,23.0,0.0625,1.0,16.666666666666668,13.0,0.0,11.0,25.0,0.08333333333333333,1.0,0.0,16.666666666666668,14.6,19.0,-1.6,-0.5,-0.5,1.0,11.0,11.0,0.0,13.0,0.0,1.0,-2.0,11.333333333333334,0.0,0.0,14.333333333333334,0.0,-0.4666666666666668,0,18,0.45,57.0,2,22,0,-1,0
2025,2,Shanghai,PIA,McLaren,4.0,4.6,45.0,45.0,1.0,-18.0,0.0625,1.0,7.333333333333333,7.4,2.0,9.0,23.0,0.08333333333333333,1.0,0.0,2.6666666666666665,4.8,2.0,2.6,0.5,4.0,0.0,8.0,8.0,0.0,5.0,0.0,1.0,0.5999999999999996,4.0,0.0,0.6666666666666666,4.0,0.0,-0.5999999999999996,0,18,0.45,57.0,2,22,0,-1,1
2025,2,Shanghai,RUS,Mercedes,4.333333333333333,4.4,35.0,35.0,1.0,-8.0,0.0625,1.0,4.0,3.4,15.0,3.0,10.0,0.08333333333333333,1.0,1.0,4.333333333333333,3.2,4.0,0.2,-6.0,-0.5,1.0,6.0,6.0,0.0,8.0,0.0,1.0,2.6,7.0,0.0,0.0,11.333333333333334,0.0,2.5999999999999996,0,18,0.45,57.0,2,22,0,-1,0
2025,2,Shanghai,SAI,Williams,10.0,12.0,16.0,16.0,4.0,11.0,0.1875,0.6666666666666666,8.666666666666666,9.0,0.0,11.0,25.0,0.25,0.0,0.0,6.666666666666667,7.2,10.0,1.8,2.0,6.5,0.0,5.0,5.0,0.0,7.0,0.0,1.0,-4.0,12.0,0.0,0.0,14.666666666666666,0.0,0.0,0,18,0.45,57.0,2,22,0,-1,0
2025,2,Shanghai,STR,Aston Martin,13.333333333333334,12.6,8.0,8.0,5.0,19.0,0.3125,0.3333333333333333,12.666666666666666,14.4,8.0,6.0,17.0,0.08333333333333333,1.0,0.0,13.666666666666666,14.2,13.0,0.2,0.5,-5.5,1.0,15.0,15.0,0.0,11.0,0.0,1.0,0.5999999999999996,13.0,0.0,0.0,9.0,0.3333333333333333,0.40000000000000036,0,18,0.45,57.0,2,22,0,-1,0
2025,2,Shanghai,TSU,Racing Bulls,14.333333333333334,14.333333333333334,0.0,0.0,8.0,27.0,0.1875,0.6666666666666666,12.333333333333334,10.6,0.0,11.0,25.0,0.08333333333333333,1.0,0.0,10.0,8.0,5.0,2.6,-3.0,-4.0,1.0,19.0,19.0,0.0,19.0,1.0,1.0,8.4,11.0,0.0,0.0,7.0,0.0,-3.333333333333334,0,18,0.45,57.0,2,22,0,-1,0
2025,2,Shanghai,VER,Red Bull Racing,9.666666666666666,11.0,18.0,18.0,3.0,9.0,0.1875,0.6666666666666666,3.0,3.0,18.0,2.0,7.0,0.08333333333333333,1.0,1.0,3.0,5.2,3.0,-2.2,-7.5,-6.5,1.0,1.0,1.0,1.0,1.0,0.0,1.0,-2.0,5.333333333333333,1.0,0.6666666666666666,7.666666666666667,0.0,-5.666666666666667,0,18,0.45,57.0,2,22,0,-1,0
2025,3,Suzuka,ALB,Williams,11.666666666666666,11.8,7.0,17.0,4.0,53.0,0.16666666666666666,0.75,7.666666666666667,11.4,16.0,6.0,27.0,0.07142857142857142,1.0,0.5,10.666666666666666,13.2,8.0,-1.8,-2.25,-4.0,1.0,18.666666666666668,16.0,0.0,14.333333333333334,1.0,3.0,7.2666666666666675,15.8,0.0,0.0,17.2,0.8333333333333334,4.0,0,18,0.45,57.0,3,21,0,-1,0
2025,3,Suzuka,ALO,Aston Martin,10.666666666666666,12.6,10.0,10.0,6.0,60.0,0.2777777777777778,0.5,14.333333333333334,12.2,0.0,14.0,43.0,0.35714285714285715,0.0,0.0,11.0,11.6,12.5,0.6,-0.5,4.75,0.0,7.0,6.0,0.0,7.333333333333333,0.0,3.0,-5.199999999999999,10.0,0.0,0.0,11.4,0.3333333333333333,-2.5999999999999996,0,18,0.45,57.0,3,21,0,-1,0
2025,3,Suzuka,ANT,Mercedes,4.0,4.2,38.0,50.0,2.0,20.0,0.05555555555555555,1.0,5.0,5.0,20.0,5.0,23.0,0.07142857142857142,1.0,0.5,12.0,12.0,12.0,-7.0,4.5,1.0,0.0,10.11111111111111,8.72549019607843,0.0,9.797385620915033,0.2712418300653595,0.0,5.111111111111111,7.2,0.0,0.0,7.8,0.0,3.0,0,18,0.45,57.0,3,21,0,-1,0
2025,3,Suzuka,BEA,Haas F1 Team,8.666666666666666,11.2,14.0,14.0,5.0,56.0,0.05555555555555555,1.0,11.333333333333334,10.2,4.0,10.0,39.0,0.07142857142857142,1.0,0.0,18.0,15.2,18.5,-5.0,1.75,1.0,0.0,10.11111111111111,8.72549019607843,0.0,9.797385620915033,0.2712418300653595,0.0,-0.08888888888888857,14.0,0.0,0.0,15.6,0.6666666666666666,2.8000000000000007,0,18,0.45,57.0,3,21,0,-1,0
2025,3,Suzuka,BOR,Kick Sauber,12.0,13.0,6.0,6.0,7.0,64.0,0.3888888888888889,0.25,15.0,15.0,0.0,14.0,43.0,0.35714285714285715,0.0,0.0,17.0,17.0,17.0,-2.0,1.25,2.0,0.5,10.11111111111111,8.72549019607843,0.0,9.797385620915033,0.2712418300653595,0.0,-4.888888888888889,16.0,0.0,0.0,16.5,1.0,3.0,0,18,0.45,57.0,3,21,0,-1,0
2025,3,Suzuka,DOO,Alpine,14.666666666666666,14.0,0.0,0.0,9.0,70.0,0.2777777777777778,0.5,15.666666666666666,15.666666666666666,0.0,14.0,43.0,0.21428571428571427,0.5,0.0,17.333333333333332,17.333333333333332,16.0,-1.6666666666666667,1.75,0.25,0.5,10.11111111111111,8.72549019607843,0.0,9.797385620915033,0.2712418300653595,0.0,-5.555555555555555,10.8,0.0,0.0,12.6,0.3333333333333333,-3.1999999999999993,0,18,0.45,57.0,3,21,0,-1,0
2025,3,Suzuka,GAS,Alpine,16.0,15.6,0.0,0.0,9.0,70.0,0.25,0.6,12.666666666666666,12.6,0.0,14.0,43.0,0.21428571428571427,0.5,0.0,10.333333333333334,9.0,12.5,3.6,-1.75,-0.25,0.5,14.666666666666666,10.0,0.0,15.333333333333334,0.3333333333333333,3.0,2.0666666666666664,13.0,0.0,0.0,15.4,0.2857142857142857,-2.5999999999999996,0,18,0.45,57.0,3,21,0,-1,0
2025,3,Suzuka,HAD,Racing Bulls,13.0,14.75,0.0,0.0,9.0,70.0,0.2777777777777778,0.5,15.5,15.5,0.0,14.0,43.0,0.21428571428571427,0.5,0.0,9.0,9.0,9.0,6.5,-5.0,1.0,0.5,10.11111111111111,8.72549019607843,0.0,9.797385620915033,0.2712418300653595,0.0,-5.388888888888889,10.334825870646766,0.0,0.15913290689410092,10.313681592039801,0.25138592750533045,-4.415174129353234,0,18,0.45,57.0,3,21,0,-1,0
2025,3,Suzuka,HAM,Ferrari,15.0,11.4,4.0,5.0,8.0,65.0,0.2777777777777778,0.5,11.0,9.4,1.0,12.0,42.0,0.21428571428571427,0.5,0.0,10.333333333333334,9.4,6.5,0.0,0.0,0.75,0.0,6.333333333333333,5.0,0.0,6.666666666666667,0.0,3.0,-3.0666666666666673,7.2,0.0,0.3333333333333333,5.0,0.16666666666666666,-4.2,0,18,0.45,57.0,3,21,0,-1,0
2025,3,Suzuka,HUL,Kick Sauber,16.0,14.2,0.0,6.0,7.0,64.0,0.35,0.4,10.0,10.8,6.0,9.0,37.0,0.21428571428571427,0.5,0.0,11.0,12.0,14.5,-1.2,-1.25,-2.0,0.5,12.5,11.0,0.0,15.0,1.0,2.0,1.6999999999999993,17.0,0.0,0.0,16.666666666666668,0.6666666666666666,2.8000000000000007,0,18,0.45,57.0,3,21,0,-1,0
2025,3,Suzuka,LAW,Racing Bulls,11.666666666666666,13.4,4.0,4.0,9.0,66.0,0.25,0.6,14.666666666666666,14.8,0.0,14.0,43.0,0.21428571428571427,0.5,0.0,16.666666666666668,16.4,19.0,-1.6,5.0,-1.0,0.0,11.0,11.0,0.0,11.0,1.0,1.0,-3.8000000000000007,8.0,0.0,0.0,7.0,0.0,-5.4,0,18,0.45,57.0,3,21,0,-1,0
2025,3,Suzuka,LEC,Ferrari,14.666666666666666,12.4,6.0,11.0,8.0,59.0,0.25,0.6,9.666666666666666,7.0,4.0,10.0,39.0,0.21428571428571427,0.5,0.0,9.0,7.2,6.5,-0.2,0.0,-0.75,1.0,3.6666666666666665,3.0,1.0,4.666666666666667,0.0,3.0,-3.3333333333333335,4.8,0.0,0.2857142857142857,6.0,0.14285714285714285,-7.6000000000000005,0,18,0.45,57.0,3,21,0,-1,0
2025,3,Suzuka,NOR,McLaren,4.0,4.6,45.0,70.0,1.0,0.0,0.05555555555555555,1.0,1.3333333333333333,4.0,43.0,1.0,0.0,0.07142857142857142,1.0,1.0,1.6666666666666667,2.8,2.0,1.2,0.25,-1.75,0.5,5.666666666666667,2.0,1.0,5.333333333333333,0.0,3.0,1.666666666666667,5.8,0.0,0.3333333333333333,5.0,0.0,1.2000000000000002,0,18,0.45,57.0,3,21,0,-1,0
2025,3,Suzuka,OCO,Haas F1 Team,7.666666666666667,10.0,15.0,15.0,5.0,55.0,0.05,1.0,12.666666666666666,11.4,10.0,7.0,33.0,0.07142857142857142,1.0,0.5,16.666666666666668,13.0,15.0,-1.6,-1.75,-1.0,1.0,9.333333333333334,4.0,0.0,11.333333333333334,0.3333333333333333,3.0,-2.0666666666666664,12.6,0.0,0.0,14.6,0.5714285714285714,2.5999999999999996,0,18,0.45,57.0,3,21,0,-1,0
2025,3,Suzuka,PIA,McLaren,1.6666666666666667,3.0,61.0,88.0,1.0,-18.0,0.05,1.0,6.666666666666667,6.0,27.0,4.0,16.0,0.07142857142857142,1.0,0.5,1.6666666666666667,3.4,1.5,2.6,-0.25,1.75,0.5,5.5,3.0,1.0,4.0,0.0,2.0,-0.5,4.0,0.0,0.42857142857142855,3.2,0.0,1.0,0,18,0.45,57.0,3,21,0,-1,0
2025,3,Suzuka,RUS,Mercedes,5.0,4.4,31.0,58.0,2.0,12.0,0.05,1.0,3.6666666666666665,3.2,30.0,2.0,13.0,0.07142857142857142,1.0,1.0,4.333333333333333,3.2,3.0,0.0,-4.5,-1.0,1.0,7.333333333333333,7.0,0.0,8.333333333333334,0.0,3.0,4.133333333333333,6.8,0.0,0.0,7.4,0.0,2.3999999999999995,0,18,0.45,57.0,3,21,0,-1,0
2025,3,Suzuka,SAI,Williams,8.666666666666666,9.8,9.0,19.0,4.0,51.0,0.15,0.8,10.0,7.8,1.0,12.0,42.0,0.21428571428571427,0.5,0.0,9.333333333333334,7.4,12.5,0.4,2.25,4.0,0.0,9.333333333333334,3.0,1.0,4.333333333333333,0.3333333333333333,3.0,1.533333333333334,15.8,0.0,0.0,15.0,0.7142857142857143,6.0,0,18,0.45,57.0,3,21,0,-1,0
2025,3,Suzuka,STR,Aston Martin,12.333333333333334,12.0,2.0,10.0,6.0,60.0,0.25,0.6,9.666666666666666,12.4,10.0,7.0,33.0,0.07142857142857142,1.0,0.0,13.333333333333334,15.0,13.5,-2.6,0.5,-4.75,1.0,14.0,12.0,0.0,17.333333333333332,0.6666666666666666,3.0,1.5999999999999996,11.0,0.0,0.0,12.2,0.2857142857142857,-1.0,0,18,0.45,57.0,3,21,0,-1,0
2025,3,Suzuka,TSU,Red Bull Racing,6.0,7.8,30.0,30.0,3.0,40.0,0.16666666666666666,0.75,13.333333333333334,12.4,0.0,14.0,43.0,0.21428571428571427,0.5,0.0,8.333333333333334,9.2,7.0,3.2,1.75,5.5,0.5,11.666666666666666,10.0,0.0,10.666666666666666,0.6666666666666666,3.0,-0.7333333333333343,4.8,3.0,0.8333333333333334,2.0,0.16666666666666666,-3.0,0,18,0.45,57.0,3,21,0,-1,0
2025,3,Suzuka,VER,Red Bull Racing,9.333333333333334,9.0,12.0,30.0,3.0,40.0,0.15,0.8,4.0,3.6,30.0,2.0,13.0,0.07142857142857142,1.0,1.0,4.0,3.6,3.5,0.0,-1.75,-5.5,1.0,1.0,1.0,3.0,1.0,0.0,3.0,-2.6,7.0,2.0,0.7142857142857143,4.8,0.14285714285714285,-2.0,0,18,0.45,57.0,3,21,0,-1,1
2025,4,Sakhir,ALB,Williams,11.0,11.6,3.0,19.0,5.0,84.0,0.13636363636363635,0.8333333333333334,7.0,9.4,18.0,6.0,43.0,0.0625,1.0,0.3333333333333333,8.333333333333334,11.4,8.333333333333334,-2.0,-2.0,-3.5,1.0,12.666666666666666,10.0,0.0,14.0,0.3333333333333333,3.0,3.2666666666666657,14.6,0.0,0.0,16.4,0.5,3.0,0,18,0.45,57.0,4,20,0,-1,0
2025,4,Sakhir,ALO,Aston Martin,13.333333333333334,12.6,2.0,10.0,7.0,93.0,0.3181818181818182,0.5,15.0,12.2,0.0,15.0,61.0,0.3125,0.3333333333333333,0.0,12.666666666666666,10.8,12.666666666666666,1.4,-1.5,1.6666666666666679,0.3333333333333333,7.0,3.0,1.0,6.333333333333333,0.0,3.0,-5.199999999999999,8.0,0.0,0.16666666666666666,10.0,0.0,-4.6,0,18,0.45,57.0,4,20,0,-1,0
2025,4,Sakhir,ANT,Mercedes,4.666666666666667,4.6,33.0,68.0,2.0,35.0,0.045454545454545456,1.0,5.333333333333333,5.333333333333333,28.0,5.0,33.0,0.0625,1.0,0.3333333333333333,10.0,10.0,10.0,-4.666666666666667,3.166666666666667,0.833333333333333,0.0,10.238562091503267,7.9411764705882355,0.0,9.859477124183007,0.2679738562091503,0.0,4.905228758169934,5.6,0.0,0.16666666666666666,6.8,0.0,1.0,0,18,0.45,57.0,4,20,0,-1,0
2025,4,Sakhir,BEA,Haas F1 Team,11.0,10.8,11.0,15.0,6.0,88.0,0.045454545454545456,1.0,10.666666666666666,10.8,5.0,12.0,56.0,0.0625,1.0,0.0,15.666666666666666,15.0,15.666666666666666,-4.2,-0.16666666666666607,-0.6666666666666661,0.3333333333333333,10.238562091503267,7.9411764705882355,0.0,9.859477124183007,0.2679738562091503,0.0,-0.5614379084967336,13.4,0.0,0.0,12.8,0.6666666666666666,2.5999999999999996,0,18,0.45,57.0,4,20,0,-1,0
2025,4,Sakhir,BOR,Kick Sauber,16.666666666666668,14.2,0.0,6.0,8.0,97.0,0.3181818181818182,0.5,16.333333333333332,16.333333333333332,0.0,15.0,61.0,0.3125,0.3333333333333333,0.0,17.0,17.0,17.0,-0.6666666666666666,1.0,1.8333333333333321,0.3333333333333333,10.238562091503267,7.9411764705882355,0.0,9.859477124183007,0.2679738562091503,0.0,-6.094771241830065,15.0,0.0,0.0,16.5,1.0,0.8000000000000007,0,18,0.45,57.0,4,20,0,-1,0
2025,4,Sakhir,DOO,Alpine,16.0,14.4,0.0,0.0,10.0,103.0,0.22727272727272727,0.6666666666666666,15.666666666666666,15.5,0.0,15.0,61.0,0.1875,0.6666666666666666,0.0,17.0,17.75,17.0,-2.25,2.5,0.5,0.3333333333333333,10.238562091503267,7.9411764705882355,0.0,9.859477124183007,0.2679738562091503,0.0,-5.261437908496733,13.8,0.0,0.0,15.8,0.5,-0.5999999999999996,0,18,0.45,57.0,4,20,0,-1,0
2025,4,Sakhir,GAS,Alpine,14.0,15.0,0.0,0.0,10.0,103.0,0.20833333333333334,0.7142857142857143,14.666666666666666,11.2,0.0,15.0,61.0,0.1875,0.6666666666666666,0.0,12.0,10.6,12.0,0.6,-2.5,-0.5,0.6666666666666666,15.666666666666666,9.0,0.0,16.666666666666668,0.6666666666666666,3.0,4.466666666666667,15.2,0.0,0.0,15.8,0.42857142857142855,0.1999999999999993,0,18,0.45,57.0,4,20,0,-1,0
2025,4,Sakhir,HAD,Racing Bulls,13.666666666666666,12.8,4.0,4.0,9.0,99.0,0.22727272727272727,0.6666666666666666,13.0,13.0,4.0,13.0,57.0,0.1875,0.6666666666666666,0.0,8.333333333333334,8.333333333333334,8.333333333333334,4.666666666666667,-4.499999999999998,-0.8333333333333321,0.6666666666666666,10.238562091503267,7.9411764705882355,0.0,9.859477124183007,0.2679738562091503,0.0,-2.761437908496733,10.641044776119404,0.0,0.16410803127221038,10.213681592039801,0.2804904051172708,-2.1589552238805965,0,18,0.45,57.0,4,20,0,-1,0
2025,4,Sakhir,HAM,Ferrari,9.666666666666666,11.2,18.0,23.0,4.0,80.0,0.22727272727272727,0.6666666666666666,12.0,10.4,7.0,10.0,54.0,0.1875,0.6666666666666666,0.0,7.0,9.0,7.0,1.4,0.6666666666666661,1.0,0.0,5.0,3.0,1.0,7.0,0.0,3.0,-5.4,6.4,0.0,0.5,3.2,0.16666666666666666,-4.799999999999999,0,18,0.45,57.0,4,20,0,-1,0
2025,4,Sakhir,HUL,Kick Sauber,17.666666666666668,16.4,0.0,6.0,8.0,97.0,0.2916666666666667,0.5714285714285714,12.666666666666666,12.4,6.0,11.0,55.0,0.1875,0.6666666666666666,0.0,15.0,13.4,15.0,-1.0,-1.0,-1.833333333333334,0.6666666666666666,16.0,15.0,0.0,12.333333333333334,0.6666666666666666,3.0,3.5999999999999996,16.0,0.0,0.0,17.0,0.6666666666666666,-0.3999999999999986,0,18,0.45,57.0,4,20,0,-1,0
2025,4,Sakhir,LAW,Racing Bulls,12.666666666666666,13.0,4.0,4.0,9.0,99.0,0.20833333333333334,0.7142857142857143,14.666666666666666,15.0,0.0,15.0,61.0,0.1875,0.6666666666666666,0.0,17.333333333333332,16.2,17.333333333333332,-1.2,4.5,0.8333333333333339,0.0,10.238562091503267,7.9411764705882355,0.0,9.859477124183007,0.2679738562091503,0.0,-4.761437908496733,13.0,0.0,0.0,12.0,0.0,0.0,0,18,0.45,57.0,4,20,0,-1,0
2025,4,Sakhir,LEC,Ferrari,5.333333333333333,10.6,28.0,33.0,4.0,70.0,0.20833333333333334,0.7142857142857143,10.0,7.0,16.0,7.0,45.0,0.1875,0.6666666666666666,0.3333333333333333,5.666666666666667,7.2,5.666666666666667,-0.2,-0.666666666666667,-1.0,1.0,8.0,1.0,1.0,2.0,0.3333333333333333,3.0,1.0,7.0,0.0,0.42857142857142855,4.4,0.14285714285714285,-3.5999999999999996,0,18,0.45,57.0,4,20,0,-1,0
2025,4,Sakhir,NOR,McLaren,2.0,3.4,58.0,103.0,1.0,0.0,0.045454545454545456,1.0,1.6666666666666667,3.2,61.0,1.0,0.0,0.0625,1.0,1.0,2.0,2.0,2.0,1.2,0.0,-1.3333333333333333,0.6666666666666666,12.666666666666666,6.0,0.0,10.333333333333334,0.3333333333333333,3.0,9.466666666666665,13.0,0.0,0.0,12.4,0.3333333333333333,9.6,0,18,0.45,57.0,4,20,0,-1,0
2025,4,Sakhir,OCO,Haas F1 Team,12.666666666666666,10.2,2.0,16.0,6.0,87.0,0.041666666666666664,1.0,12.0,14.6,10.0,8.0,51.0,0.0625,1.0,0.3333333333333333,16.0,15.8,16.0,-1.2,0.16666666666666785,0.6666666666666679,0.6666666666666666,14.0,7.0,0.0,13.0,0.6666666666666666,3.0,-0.5999999999999996,13.2,0.0,0.0,14.4,0.5714285714285714,3.0,0,18,0.45,57.0,4,20,0,-1,0
2025,4,Sakhir,PIA,McLaren,2.6666666666666665,2.2,48.0,118.0,1.0,-15.0,0.041666666666666664,1.0,4.333333333333333,5.2,42.0,3.0,19.0,0.0625,1.0,0.6666666666666666,2.0,2.4,2.0,2.8,0.0,1.333333333333333,0.3333333333333333,14.0,8.0,0.0,13.0,0.5,2.0,8.8,10.8,0.0,0.14285714285714285,10.0,0.2857142857142857,8.600000000000001,0,18,0.45,57.0,4,20,0,-1,1
2025,4,Sakhir,RUS,Mercedes,7.333333333333333,6.2,18.0,68.0,2.0,35.0,0.041666666666666664,1.0,3.6666666666666665,4.0,40.0,4.0,21.0,0.0625,1.0,1.0,3.6666666666666665,4.0,3.6666666666666665,0.0,-3.1666666666666665,-0.8333333333333335,1.0,5.333333333333333,4.0,0.0,6.0,0.0,3.0,1.333333333333333,7.0,0.0,0.14285714285714285,5.8,0.0,0.7999999999999998,0,18,0.45,57.0,4,20,0,-1,0
2025,4,Sakhir,SAI,Williams,11.666666666666666,10.4,2.0,19.0,5.0,84.0,0.125,0.8571428571428571,14.0,10.0,1.0,14.0,60.0,0.1875,0.6666666666666666,0.0,12.333333333333334,9.4,12.333333333333334,0.6,2.0,3.5,0.0,3.0,2.0,2.0,3.6666666666666665,0.0,3.0,-7.0,13.8,0.0,0.0,15.4,0.42857142857142855,3.4000000000000004,0,18,0.45,57.0,4,20,0,-1,0
2025,4,Sakhir,STR,Aston Martin,15.333333333333334,14.4,0.0,10.0,7.0,93.0,0.2916666666666667,0.5714285714285714,11.666666666666666,13.4,10.0,8.0,51.0,0.1875,0.6666666666666666,0.0,15.666666666666666,15.0,15.666666666666666,-1.6,1.5,-1.666666666666666,0.6666666666666666,9.333333333333334,6.0,0.0,13.0,0.0,3.0,-4.066666666666666,8.6,0.0,0.14285714285714285,8.8,0.0,-5.800000000000001,0,18,0.45,57.0,4,20,0,-1,0
2025,4,Sakhir,TSU,Red Bull Racing,5.666666666666667,6.2,37.0,55.0,3.0,48.0,0.13636363636363635,0.8333333333333334,13.333333333333334,13.0,0.0,15.0,61.0,0.1875,0.6666666666666666,0.0,9.666666666666666,10.8,9.666666666666666,2.2,3.5,5.5,0.3333333333333333,11.0,8.0,0.0,13.666666666666666,0.3333333333333333,3.0,-2.0,5.0,2.0,0.6666666666666666,2.2,0.3333333333333333,-1.2000000000000002,0,18,0.45,57.0,4,20,0,-1,0
2025,4,Sakhir,VER,Red Bull Racing,7.333333333333333,7.6,27.0,57.0,3.0,46.0,0.125,0.8571428571428571,2.3333333333333335,2.8,55.0,2.0,6.0,0.0625,1.0,1.0,2.6666666666666665,2.8,2.6666666666666665,0.0,-3.4999999999999996,-5.5,1.0,7.0,1.0,2.0,1.3333333333333333,0.3333333333333333,3.0,4.2,3.0,2.0,0.5714285714285714,3.8,0.2857142857142857,-4.6,0,18,0.45,57.0,4,20,0,-1,0
2025,5,Jeddah,ALB,Williams,15.0,12.8,0.0,19.0,6.0,124.0,0.19230769230769232,0.75,9.333333333333334,8.8,18.0,7.0,58.0,0.05555555555555555,1.0,0.25,11.333333333333334,11.2,10.0,-2.4,-0.625,-3.5,1.0,14.666666666666666,11.0,0.0,15.333333333333334,0.6666666666666666,3.0,5.866666666666665,15.6,0.0,0.0,17.4,0.6666666666666666,2.799999999999999,1,18,0.45,57.0,5,19,0,-1,0
2025,5,Jeddah,ALO,Aston Martin,17.333333333333332,14.4,0.0,10.0,7.0,133.0,0.2692307692307692,0.625,14.333333333333334,13.8,0.0,17.0,76.0,0.2777777777777778,0.5,0.0,13.0,11.8,12.75,2.0,-1.875,1.0,0.5,8.0,3.0,1.0,4.666666666666667,0.3333333333333333,3.0,-5.800000000000001,12.0,0.0,0.16666666666666666,7.6,0.3333333333333333,-2.4000000000000004,1,18,0.45,57.0,5,19,0,-1,0
2025,5,Jeddah,ANT,Mercedes,6.0,5.4,28.0,86.0,2.0,57.0,0.038461538461538464,1.0,7.666666666666667,6.75,28.0,5.0,48.0,0.05555555555555555,1.0,0.25,6.0,8.5,8.5,-1.75,2.625,1.75,0.0,9.728758169934641,8.235294117647058,0.0,9.941176470588236,0.22549019607843138,0.0,2.9787581699346415,5.8,0.0,0.0,6.6,0.0,0.39999999999999947,1,18,0.45,57.0,5,19,0,-1,0
2025,5,Jeddah,BEA,Haas F1 Team,12.0,10.2,5.0,20.0,5.0,123.0,0.038461538461538464,1.0,9.333333333333334,10.8,6.0,11.0,70.0,0.05555555555555555,1.0,0.0,15.666666666666666,16.8,16.75,-6.0,0.625,-0.25,0.25,7.0,7.0,0.0,11.0,0.0,1.0,-3.8000000000000007,11.0,0.0,0.0,13.2,0.16666666666666666,0.8000000000000007,1,18,0.45,57.0,5,19,0,-1,0
2025,5,Jeddah,BOR,Kick Sauber,18.0,17.6,0.0,6.0,8.0,137.0,0.34615384615384615,0.5,17.0,16.75,0.0,17.0,76.0,0.2777777777777778,0.5,0.0,18.0,17.25,17.25,-0.5,1.0,1.125,0.5,9.728758169934641,8.235294117647058,0.0,9.941176470588236,0.22549019607843138,0.0,-7.0212418300653585,17.5,0.0,0.0,18.0,1.0,-0.10000000000000142,1,18,0.45,57.0,5,19,0,-1,0
2025,5,Jeddah,DOO,Alpine,11.333333333333334,13.8,6.0,6.0,8.0,137.0,0.19230769230769232,0.75,14.0,15.2,0.0,17.0,76.0,0.16666666666666666,0.75,0.0,16.0,16.4,15.5,-1.2,2.625,1.25,0.25,9.728758169934641,8.235294117647058,0.0,9.941176470588236,0.22549019607843138,0.0,-5.471241830065358,11.2,0.0,0.0,11.4,0.5,-2.6000000000000014,1,18,0.45,57.0,5,19,0,-1,0
2025,5,Jeddah,GAS,Alpine,12.666666666666666,13.2,6.0,6.0,8.0,137.0,0.25,0.6666666666666666,13.333333333333334,11.6,6.0,11.0,70.0,0.16666666666666666,0.75,0.0,10.666666666666666,9.4,10.25,2.2,-2.625,-1.25,0.75,12.333333333333334,8.0,0.0,12.333333333333334,0.3333333333333333,3.0,0.7333333333333343,13.4,0.0,0.0,13.8,0.5714285714285714,0.20000000000000107,1,18,0.45,57.0,5,19,0,-1,0
2025,5,Jeddah,HAD,Racing Bulls,15.333333333333334,14.0,0.0,4.0,10.0,139.0,0.19230769230769232,0.75,10.666666666666666,13.0,4.0,14.0,72.0,0.16666666666666666,0.75,0.0,8.666666666666666,9.25,9.25,3.75,-4.0,-1.0,0.75,9.728758169934641,8.235294117647058,0.0,9.941176470588236,0.22549019607843138,0.0,-3.2712418300653585,10.114676616915423,0.0,0.14705046197583513,10.4044776119403,0.30657427149964467,-3.885323383084577,1,18,0.45,57.0,5,19,0,-1,0
2025,5,Jeddah,HAM,Ferrari,4.333333333333333,7.6,34.0,45.0,4.0,98.0,0.19230769230769232,0.75,10.333333333333334,9.0,17.0,8.0,59.0,0.16666666666666666,0.75,0.25,7.333333333333333,9.6,7.5,-0.6,1.25,0.875,0.0,8.0,5.0,0.0,10.666666666666666,0.0,3.0,-1.0,5.2,0.0,0.5,4.6,0.0,-2.3999999999999995,1,18,0.45,57.0,5,19,0,-1,0
2025,5,Jeddah,HUL,Kick Sauber,18.666666666666668,18.2,0.0,6.0,8.0,137.0,0.39285714285714285,0.4444444444444444,17.0,13.2,6.0,11.0,70.0,0.2777777777777778,0.5,0.0,14.666666666666666,13.0,15.25,0.2,-1.0,-1.125,0.5,11.333333333333334,10.0,0.0,14.666666666666666,0.0,3.0,-1.8666666666666654,17.666666666666668,0.0,0.0,18.666666666666668,1.0,-0.5333333333333314,1,18,0.45,57.0,5,19,0,-1,0
2025,5,Jeddah,LAW,Racing Bulls,13.0,12.8,1.0,5.0,10.0,138.0,0.17857142857142858,0.7777777777777778,15.0,15.4,0.0,17.0,76.0,0.16666666666666666,0.75,0.0,17.0,16.2,17.25,-0.8,4.0,1.0,0.0,9.728758169934641,8.235294117647058,0.0,9.941176470588236,0.22549019607843138,0.0,-5.671241830065359,10.0,0.0,0.0,14.0,0.0,-2.8000000000000007,1,18,0.45,57.0,5,19,0,-1,0
2025,5,Jeddah,LEC,Ferrari,5.333333333333333,5.4,28.0,51.0,4.0,92.0,0.17857142857142858,0.7777777777777778,8.666666666666666,7.4,28.0,5.0,48.0,0.16666666666666666,0.75,0.5,4.333333333333333,6.8,5.0,0.6,-1.25,-0.875,1.0,4.0,2.0,2.0,2.0,0.0,3.0,-3.4000000000000004,6.0,0.0,0.42857142857142855,5.4,0.0,0.5999999999999996,1,18,0.45,57.0,5,19,0,-1,0
2025,5,Jeddah,NOR,McLaren,2.3333333333333335,2.0,55.0,143.0,1.0,0.0,0.038461538461538464,1.0,2.3333333333333335,1.8,76.0,1.0,0.0,0.05555555555555555,1.0,1.0,3.6666666666666665,2.6,3.0,-0.8,0.625,-0.75,0.5,10.666666666666666,7.0,0.0,12.0,0.0,3.0,8.866666666666665,12.2,0.0,0.0,10.2,0.16666666666666666,10.2,1,18,0.45,57.0,5,19,0,-1,0
2025,5,Jeddah,OCO,Haas F1 Team,10.333333333333334,11.8,5.0,20.0,5.0,123.0,0.03571428571428571,1.0,10.333333333333334,12.8,14.0,9.0,62.0,0.05555555555555555,1.0,0.25,14.333333333333334,16.4,15.5,-3.6,-0.625,0.25,0.75,9.0,6.0,0.0,9.666666666666666,0.3333333333333333,3.0,-3.8000000000000007,11.4,0.0,0.0,13.4,0.14285714285714285,-0.40000000000000036,1,18,0.45,57.0,5,19,0,-1,0
2025,5,Jeddah,PIA,McLaren,2.6666666666666665,2.6,52.0,155.0,1.0,-12.0,0.03571428571428571,1.0,1.6666666666666667,4.8,67.0,2.0,9.0,0.05555555555555555,1.0,0.75,1.6666666666666667,1.8,1.75,3.0,-0.625,0.75,0.5,9.5,4.0,0.0,7.0,0.0,2.0,4.7,9.6,0.0,0.0,9.8,0.14285714285714285,7.0,1,18,0.45,57.0,5,19,0,-1,1
2025,5,Jeddah,RUS,Mercedes,6.333333333333333,6.0,26.0,94.0,2.0,49.0,0.03571428571428571,1.0,3.3333333333333335,3.6,58.0,4.0,18.0,0.05555555555555555,1.0,1.0,3.0,4.0,3.25,-0.4,-2.625,-1.75,1.0,5.0,4.0,0.0,5.666666666666667,0.0,3.0,1.4,6.0,0.0,0.0,6.4,0.0,0.0,1,18,0.45,57.0,5,19,0,-1,0
2025,5,Jeddah,SAI,Williams,13.333333333333334,12.6,2.0,21.0,6.0,122.0,0.17857142857142858,0.7777777777777778,14.333333333333334,12.6,1.0,16.0,75.0,0.2777777777777778,0.5,0.0,11.666666666666666,9.6,11.25,3.0,0.625,3.5,0.0,4.5,3.0,1.0,4.0,0.0,2.0,-8.1,13.8,0.0,0.0,15.8,0.5714285714285714,1.200000000000001,1,18,0.45,57.0,5,19,0,-1,0
2025,5,Jeddah,STR,Aston Martin,14.333333333333334,14.8,0.0,10.0,7.0,133.0,0.25,0.6666666666666666,15.333333333333334,13.2,10.0,10.0,66.0,0.16666666666666666,0.75,0.0,17.666666666666668,15.8,16.5,-2.6,1.875,-1.0,0.5,17.333333333333332,13.0,0.0,10.333333333333334,0.6666666666666666,3.0,4.133333333333333,11.6,0.0,0.14285714285714285,7.2,0.2857142857142857,-3.200000000000001,1,18,0.45,57.0,5,19,0,-1,0
2025,5,Jeddah,TSU,Red Bull Racing,5.333333333333333,6.4,35.0,65.0,3.0,78.0,0.11538461538461539,0.875,12.333333333333334,12.2,2.0,15.0,74.0,0.16666666666666666,0.75,0.0,11.333333333333334,10.0,9.75,2.2,3.0,4.5,0.25,15.0,11.0,0.0,15.0,0.6666666666666666,3.0,2.8000000000000007,1.4,3.0,0.8333333333333334,4.8,0.0,-5.0,1,18,0.45,57.0,5,19,0,-1,0
2025,5,Jeddah,VER,Red Bull Racing,11.333333333333334,9.4,10.0,65.0,3.0,78.0,0.17857142857142858,0.7777777777777778,3.6666666666666665,3.8,63.0,3.0,13.0,0.05555555555555555,1.0,0.75,4.0,4.0,3.75,-0.2,-3.0,-4.5,1.0,1.3333333333333333,1.0,3.0,6.666666666666667,0.0,3.0,-2.466666666666667,5.0,2.0,0.7142857142857143,5.6,0.14285714285714285,-4.4,1,18,0.45,57.0,5,19,0,-1,0
2025,6,Miami Gardens,ALB,Williams,12.0,12.4,6.0,25.0,5.0,155.0,0.16666666666666666,0.8,10.0,8.4,20.0,8.0,72.0,0.05,1.0,0.2,11.666666666666666,10.2,10.2,-1.8,0.0,-2.700000000000001,0.8,9.85266572140117,8.300307809800874,0.0,9.610801835056987,0.22685421938699052,0.0,1.4526657214011696,11.4,0.0,0.1,10.9,0.4,-1.0,0,18,0.45,57.0,6,18,0,-1,0
2025,6,Miami Gardens,ALO,Aston Martin,14.666666666666666,15.8,0.0,10.0,7.0,170.0,0.3,0.6,12.333333333333334,14.2,0.0,17.0,92.0,0.25,0.6,0.0,13.0,12.8,12.8,1.4,-1.799999999999999,0.3000000000000007,0.6,9.85266572140117,8.300307809800874,0.0,9.610801835056987,0.22685421938699052,0.0,-4.347334278598829,11.4,0.0,0.1,10.9,0.4,-4.4,0,18,0.45,57.0,6,18,0,-1,0
2025,6,Miami Gardens,ANT,Mercedes,4.333333333333333,5.8,36.0,104.0,2.0,76.0,0.03333333333333333,1.0,7.666666666666667,6.6,36.0,6.0,56.0,0.05,1.0,0.2,5.0,7.8,7.8,-1.2,2.3,1.5,0.0,9.85266572140117,8.300307809800874,0.0,9.610801835056987,0.22685421938699052,0.0,3.2526657214011703,11.4,0.0,0.1,10.9,0.4,5.6000000000000005,0,18,0.45,57.0,6,18,0,-1,0
2025,6,Miami Gardens,BEA,Haas F1 Team,11.666666666666666,12.6,4.0,20.0,6.0,160.0,0.03333333333333333,1.0,11.0,11.0,6.0,11.0,86.0,0.05,1.0,0.0,15.0,16.4,16.4,-5.4,0.10000000000000142,-0.3000000000000007,0.4,9.85266572140117,8.300307809800874,0.0,9.610801835056987,0.22685421938699052,0.0,-1.14733427859883,11.4,0.0,0.1,10.9,0.4,-1.1999999999999993,0,18,0.45,57.0,6,18,0,-1,0
2025,6,Miami Gardens,BOR,Kick Sauber,17.666666666666668,17.4,0.0,6.0,8.0,174.0,0.43333333333333335,0.4,18.333333333333332,17.0,0.0,17.0,92.0,0.35,0.4,0.0,18.333333333333332,17.8,17.8,-0.8,1.0,1.1999999999999993,0.4,9.85266572140117,8.300307809800874,0.0,9.610801835056987,0.22685421938699052,0.0,-7.14733427859883,11.4,0.0,0.1,10.9,0.4,-5.999999999999998,0,18,0.45,57.0,6,18,0,-1,0
2025,6,Miami Gardens,DOO,Alpine,14.666666666666666,14.2,6.0,6.0,8.0,174.0,0.3,0.6,15.333333333333334,15.6,0.0,17.0,92.0,0.25,0.6,0.0,15.666666666666666,15.8,15.8,-0.2,2.9000000000000004,0.7000000000000011,0.4,9.85266572140117,8.300307809800874,0.0,9.610801835056987,0.22685421938699052,0.0,-5.74733427859883,11.4,0.0,0.1,10.9,0.4,-2.799999999999999,0,18,0.45,57.0,6,18,0,-1,0
2025,6,Miami Gardens,GAS,Alpine,19.0,15.6,0.0,6.0,8.0,174.0,0.34375,0.5454545454545454,13.333333333333334,14.2,6.0,11.0,86.0,0.25,0.6,0.0,8.333333333333334,10.0,10.0,4.2,-2.9000000000000004,-0.6999999999999993,0.6,9.85266572140117,8.300307809800874,0.0,9.610801835056987,0.22685421938699052,0.0,-4.347334278598829,20.0,0.0,0.0,14.0,1.0,4.4,0,18,0.45,57.0,6,18,0,-1,0
2025,6,Miami Gardens,HAD,Racing Bulls,12.666666666666666,13.6,1.0,5.0,10.0,175.0,0.16666666666666666,0.8,10.333333333333334,12.4,5.0,14.0,87.0,0.15,0.8,0.0,11.0,10.2,10.2,2.2,-3.0,-1.0,0.8,9.85266572140117,8.300307809800874,0.0,9.610801835056987,0.22685421938699052,0.0,-2.5473342785988304,11.4,0.0,0.1,10.9,0.4,-2.1999999999999993,0,18,0.45,57.0,6,18,0,-1,0
2025,6,Miami Gardens,HAM,Ferrari,4.666666666666667,4.6,33.0,66.0,4.0,114.0,0.16666666666666666,0.8,6.333333333333333,9.6,23.0,7.0,69.0,0.15,0.8,0.2,8.0,7.4,7.4,2.2,1.3000000000000007,1.0999999999999996,0.0,9.85266572140117,8.300307809800874,0.0,9.610801835056987,0.22685421938699052,0.0,0.2526657214011703,11.4,0.0,0.1,10.9,0.4,6.800000000000001,0,18,0.45,57.0,6,18,0,-1,0
2025,6,Miami Gardens,HUL,Kick Sauber,17.0,17.8,0.0,6.0,8.0,174.0,0.46875,0.36363636363636365,17.0,14.6,6.0,11.0,86.0,0.35,0.4,0.0,16.666666666666668,15.8,15.8,-1.2,-1.0,-1.200000000000001,0.6,9.85266572140117,8.300307809800874,0.0,9.610801835056987,0.22685421938699052,0.0,-4.74733427859883,18.0,0.0,0.0,13.0,1.0,0.1999999999999993,0,18,0.45,57.0,6,18,0,-1,0
2025,6,Miami Gardens,LAW,Racing Bulls,11.0,12.4,1.0,5.0,10.0,175.0,0.15625,0.8181818181818182,15.0,14.4,0.0,17.0,92.0,0.15,0.8,0.0,14.333333333333334,16.2,16.2,-1.8,3.0,1.0,0.0,9.85266572140117,8.300307809800874,0.0,9.610801835056987,0.22685421938699052,0.0,-4.54733427859883,11.0,0.0,0.0,11.0,0.0,-1.4000000000000004,0,18,0.45,57.0,6,18,0,-1,0
2025,6,Miami Gardens,LEC,Ferrari,6.0,5.4,25.0,70.0,4.0,110.0,0.15625,0.8181818181818182,3.6666666666666665,7.4,43.0,5.0,49.0,0.15,0.8,0.6,3.6666666666666665,4.8,4.8,2.6,-1.2999999999999998,-1.0999999999999996,1.0,9.85266572140117,8.300307809800874,0.0,9.610801835056987,0.22685421938699052,0.0,2.4526657214011696,8.0,0.0,0.0,12.0,0.0,2.5999999999999996,0,18,0.45,57.0,6,18,0,-1,0
2025,6,Miami Gardens,NOR,McLaren,2.0,2.4,62.0,180.0,1.0,0.0,0.03333333333333333,1.0,3.0,2.4,88.0,2.0,4.0,0.05,1.0,1.0,6.0,4.4,4.4,-2.0,1.3000000000000003,-0.30000000000000027,0.4,9.85266572140117,8.300307809800874,0.0,9.610801835056987,0.22685421938699052,0.0,7.45266572140117,11.4,0.0,0.1,10.9,0.4,9.0,0,18,0.45,57.0,6,18,0,-1,0
2025,6,Miami Gardens,OCO,Haas F1 Team,15.333333333333334,12.8,0.0,20.0,6.0,160.0,0.09375,0.9090909090909091,13.333333333333334,11.6,14.0,9.0,78.0,0.05,1.0,0.2,17.0,16.2,16.2,-4.6,-0.09999999999999787,0.29999999999999893,0.6,9.85266572140117,8.300307809800874,0.0,9.610801835056987,0.22685421938699052,0.0,-1.7473342785988297,19.0,0.0,0.0,20.0,1.0,6.199999999999999,0,18,0.45,57.0,6,18,0,-1,0
2025,6,Miami Gardens,PIA,McLaren,2.3333333333333335,2.2,55.0,198.0,1.0,-18.0,0.03125,1.0,1.6666666666666667,3.0,92.0,1.0,0.0,0.05,1.0,0.8,2.0,1.8,1.8,1.2,-1.3,0.2999999999999998,0.6,9.85266572140117,8.300307809800874,0.0,9.610801835056987,0.22685421938699052,0.0,6.85266572140117,2.0,0.0,1.0,2.0,0.0,-0.20000000000000018,0,18,0.45,57.0,6,18,0,-1,1
2025,6,Miami Gardens,RUS,Mercedes,5.666666666666667,6.0,26.0,112.0,2.0,68.0,0.03125,1.0,4.0,3.6,68.0,4.0,24.0,0.05,1.0,1.0,3.3333333333333335,3.2,3.2,0.4,-2.3,-1.4999999999999996,1.0,9.85266572140117,8.300307809800874,0.0,9.610801835056987,0.22685421938699052,0.0,6.25266572140117,6.0,0.0,0.0,3.0,0.0,0.0,0,18,0.45,57.0,6,18,0,-1,0
2025,6,Miami Gardens,SAI,Williams,7.333333333333333,10.6,16.0,35.0,5.0,145.0,0.15625,0.8181818181818182,13.666666666666666,13.8,5.0,14.0,87.0,0.25,0.6,0.0,8.666666666666666,10.2,10.2,3.6,0.0,2.6999999999999993,0.2,9.85266572140117,8.300307809800874,0.0,9.610801835056987,0.22685421938699052,0.0,-3.947334278598831,5.0,0.0,0.0,7.0,0.0,-5.6,0,18,0.45,57.0,6,18,0,-1,0
2025,6,Miami Gardens,STR,Aston Martin,14.0,14.8,0.0,10.0,7.0,170.0,0.34375,0.5454545454545454,17.666666666666668,13.6,10.0,10.0,82.0,0.25,0.6,0.0,18.333333333333332,16.4,16.4,-2.8,1.799999999999999,-0.29999999999999893,0.4,9.85266572140117,8.300307809800874,0.0,9.610801835056987,0.22685421938699052,0.0,-3.7473342785988297,15.0,0.0,0.0,17.0,1.0,0.1999999999999993,0,18,0.45,57.0,6,18,0,-1,0
2025,6,Miami Gardens,TSU,Red Bull Racing,9.0,7.4,26.0,83.0,3.0,97.0,0.16666666666666666,0.8,13.333333333333334,13.6,2.0,16.0,90.0,0.25,0.6,0.0,11.0,9.4,9.4,4.2,3.0999999999999996,5.299999999999999,0.2,9.85266572140117,8.300307809800874,0.0,9.610801835056987,0.22685421938699052,0.0,-3.7473342785988297,11.4,0.0,0.1,10.9,0.4,4.0,0,18,0.45,57.0,6,18,0,-1,0
2025,6,Miami Gardens,VER,Red Bull Racing,10.333333333333334,9.2,19.0,84.0,3.0,96.0,0.15625,0.8181818181818182,3.0,3.0,81.0,3.0,11.0,0.05,1.0,0.8,3.0,3.2,3.2,-0.2,-3.1000000000000005,-5.300000000000001,1.0,9.85266572140117,8.300307809800874,0.0,9.610801835056987,0.22685421938699052,0.0,6.85266572140117,10.0,0.0,0.0,10.0,0.0,0.8000000000000007,0,18,0.45,57.0,6,18,0,-1,0
2025,7,Imola,ALB,Williams,7.333333333333333,10.0,16.0,37.0,5.0,186.0,0.14705882352941177,0.8333333333333334,8.666666666666666,8.4,30.0,7.0,87.0,0.045454545454545456,1.0,0.3333333333333333,11.0,10.4,9.666666666666666,-2.0,0.08333333333333393,-2.583333333333333,0.8333333333333334,15.5,11.0,0.0,17.0,0.5,2.0,7.1,16.0,0.0,0.0,18.0,0.5,6.0,0,10,0.45,57.0,7,17,0,-1,0
2025,7,Imola,ALO,Aston Martin,15.666666666666666,15.0,0.0,10.0,7.0,213.0,0.38235294117647056,0.5,13.666666666666666,13.8,0.0,17.0,117.0,0.3181818181818182,0.5,0.0,14.333333333333334,13.8,13.5,0.0,-1.666666666666666,0.16666666666666607,0.6666666666666666,19.0,19.0,0.0,12.0,1.0,2.0,5.199999999999999,11.5,0.0,0.0,14.0,0.25,-3.5,0,10,0.45,57.0,7,17,0,-1,0
2025,7,Imola,ANT,Mercedes,4.666666666666667,4.4,33.0,127.0,2.0,96.0,0.029411764705882353,1.0,7.666666666666667,7.0,44.0,6.0,73.0,0.045454545454545456,1.0,0.16666666666666666,4.0,5.2,7.0,1.8,1.75,1.5,0.0,9.67741935483871,8.935483870967742,0.0,9.758064516129032,0.20967741935483872,0.0,2.67741935483871,7.5,0.0,0.0,9.5,0.0,3.0999999999999996,0,10,0.45,57.0,7,17,0,-1,0
2025,7,Imola,BEA,Haas F1 Team,15.0,13.2,0.0,20.0,6.0,203.0,0.08823529411764706,0.9166666666666666,14.0,12.0,6.0,12.0,111.0,0.13636363636363635,0.8333333333333334,0.0,18.333333333333332,16.4,17.0,-4.4,1.0,0.3333333333333339,0.3333333333333333,9.67741935483871,8.935483870967742,0.0,9.758064516129032,0.20967741935483872,0.0,-2.32258064516129,12.25,0.0,0.0,11.0,0.5,-0.9499999999999993,0,10,0.45,57.0,7,17,0,-1,0
2025,7,Imola,BOR,Kick Sauber,15.666666666666666,17.0,0.0,6.0,8.0,217.0,0.5,0.3333333333333333,18.0,17.4,0.0,17.0,117.0,0.4090909090909091,0.3333333333333333,0.0,17.0,17.4,17.0,0.0,0.5833333333333321,1.333333333333334,0.3333333333333333,9.67741935483871,8.935483870967742,0.0,9.758064516129032,0.20967741935483872,0.0,-7.722580645161289,16.5,0.0,0.0,16.5,1.0,-0.5,0,10,0.45,57.0,7,17,0,-1,0
2025,7,Imola,COL,Alpine,17.666666666666668,15.4,0.0,6.0,8.0,217.0,0.3235294117647059,0.5833333333333334,17.333333333333332,16.2,0.0,17.0,117.0,0.1,0.9,0.0,17.333333333333332,17.2,10.236842105263158,-1.0,0.0,0.0,0.5,9.67741935483871,8.935483870967742,0.0,9.758064516129032,0.20967741935483872,0.0,-6.522580645161289,15.75,0.0,0.0,12.75,0.75,0.34999999999999964,0,10,0.45,57.0,7,17,0,-1,0
2025,7,Imola,GAS,Alpine,16.333333333333332,17.2,0.0,6.0,8.0,217.0,0.3055555555555556,0.6153846153846154,13.333333333333334,14.6,6.0,12.0,111.0,0.22727272727272727,0.6666666666666666,0.0,10.666666666666666,11.8,11.333333333333334,2.8,0.0,0.0,0.6666666666666666,14.0,12.0,0.0,16.0,0.5,2.0,-0.5999999999999996,15.8,0.0,0.0,13.2,0.6,-1.3999999999999986,0,10,0.45,57.0,7,17,0,-1,0
2025,7,Imola,HAD,Racing Bulls,13.333333333333334,13.2,0.0,5.0,10.0,218.0,0.20588235294117646,0.75,11.333333333333334,10.6,5.0,15.0,112.0,0.13636363636363635,0.8333333333333334,0.0,12.333333333333334,10.2,10.333333333333334,0.4,-2.833333333333334,-1.333333333333334,0.8333333333333334,9.67741935483871,8.935483870967742,0.0,9.758064516129032,0.20967741935483872,0.0,-0.9225806451612897,10.582624113475177,0.0,0.17163120567375886,10.181560283687942,0.25354609929078015,-2.6173758865248224,0,10,0.45,57.0,7,17,0,-1,0
2025,7,Imola,HAM,Ferrari,6.0,5.8,25.0,76.0,4.0,147.0,0.14705882352941177,0.8333333333333334,6.666666666666667,9.2,27.0,8.0,90.0,0.13636363636363635,0.8333333333333334,0.16666666666666666,9.333333333333334,8.2,8.166666666666666,1.0,1.416666666666666,1.0,0.0,9.5,6.0,0.0,10.5,0.0,2.0,0.3000000000000007,8.5,0.0,0.25,5.25,0.25,2.7,0,10,0.45,57.0,7,17,0,-1,0
2025,7,Imola,HUL,Kick Sauber,16.666666666666668,16.6,0.0,6.0,8.0,217.0,0.4722222222222222,0.38461538461538464,16.333333333333332,16.0,6.0,12.0,111.0,0.4090909090909091,0.3333333333333333,0.0,16.666666666666668,15.6,15.833333333333334,0.4,-0.5833333333333339,-1.333333333333334,0.6666666666666666,11.0,11.0,0.0,10.0,1.0,1.0,-5.0,17.0,0.0,0.0,15.666666666666666,0.6666666666666666,0.3999999999999986,0,10,0.45,57.0,7,17,0,-1,0
2025,7,Imola,LAW,Racing Bulls,12.333333333333334,11.8,2.0,7.0,10.0,216.0,0.19444444444444445,0.7692307692307693,15.0,14.8,0.0,17.0,117.0,0.22727272727272727,0.6666666666666666,0.0,14.666666666666666,15.6,16.0,-0.8,2.833333333333332,1.333333333333334,0.0,9.67741935483871,8.935483870967742,0.0,9.758064516129032,0.20967741935483872,0.0,-5.122580645161291,9.0,0.0,0.0,9.0,0.0,-2.8000000000000007,0,10,0.45,57.0,7,17,0,-1,0
2025,7,Imola,LEC,Ferrari,6.333333333333333,5.8,22.0,88.0,4.0,135.0,0.1388888888888889,0.8461538461538461,4.666666666666667,7.2,49.0,5.0,68.0,0.13636363636363635,0.8333333333333334,0.5,5.0,5.0,5.333333333333333,2.2,-1.416666666666667,-1.0000000000000009,1.0,4.5,3.0,1.0,3.0,0.0,2.0,-2.7,7.6,0.0,0.2,6.6,0.2,1.7999999999999998,0,10,0.45,57.0,7,17,0,-1,0
2025,7,Imola,NOR,McLaren,1.3333333333333333,1.8,68.0,223.0,1.0,0.0,0.029411764705882353,1.0,3.0,2.6,106.0,2.0,11.0,0.045454545454545456,1.0,1.0,6.0,4.6,4.0,-2.0,0.916666666666667,-0.16666666666666652,0.3333333333333333,2.5,2.0,2.0,3.0,0.0,2.0,-0.10000000000000009,6.75,0.0,0.5,3.5,0.0,4.95,0,10,0.45,57.0,7,17,0,-1,0
2025,7,Imola,OCO,Haas F1 Team,16.0,15.0,0.0,20.0,6.0,203.0,0.08333333333333333,0.9230769230769231,11.333333333333334,11.4,14.0,9.0,103.0,0.045454545454545456,1.0,0.16666666666666666,14.0,14.2,15.0,-2.8,-1.0,-0.3333333333333339,0.6666666666666666,14.0,14.0,0.0,15.5,0.5,2.0,2.5999999999999996,13.2,0.0,0.0,12.6,0.4,-1.8000000000000007,0,10,0.45,57.0,7,17,0,-1,0
2025,7,Imola,PIA,McLaren,1.6666666666666667,2.0,61.0,241.0,1.0,-18.0,0.027777777777777776,1.0,1.0,1.4,117.0,1.0,0.0,0.045454545454545456,1.0,0.8333333333333334,2.3333333333333335,2.2,2.1666666666666665,-0.8,-0.9166666666666665,0.16666666666666652,0.6666666666666666,4.0,4.0,0.0,2.0,0.0,1.0,2.6,5.8,0.0,0.6,3.6,0.0,3.8,0,10,0.45,57.0,7,17,0,-1,0
2025,7,Imola,RUS,Mercedes,9.333333333333334,7.8,23.0,127.0,2.0,96.0,0.08333333333333333,0.9230769230769231,3.3333333333333335,3.6,83.0,4.0,34.0,0.045454545454545456,1.0,1.0,3.3333333333333335,3.4,3.5,0.2,-1.75,-1.5,1.0,5.5,4.0,0.0,8.5,0.0,2.0,1.9,9.8,0.0,0.0,10.2,0.2,2.000000000000001,0,10,0.45,57.0,7,17,0,-1,0
2025,7,Imola,SAI,Williams,6.333333333333333,7.2,22.0,47.0,5.0,176.0,0.1388888888888889,0.8461538461538461,12.0,12.0,7.0,11.0,110.0,0.22727272727272727,0.6666666666666666,0.0,6.666666666666667,9.4,9.5,2.6,-0.08333333333333215,2.583333333333334,0.16666666666666666,12.5,5.0,0.0,7.5,0.5,2.0,0.5,13.8,0.0,0.0,15.8,0.4,6.6000000000000005,0,10,0.45,57.0,7,17,0,-1,0
2025,7,Imola,STR,Aston Martin,14.0,13.8,0.0,10.0,7.0,213.0,0.3611111111111111,0.5384615384615384,16.333333333333332,15.6,10.0,10.0,107.0,0.3181818181818182,0.5,0.0,18.0,17.6,16.833333333333332,-2.0,1.666666666666666,-0.16666666666666785,0.3333333333333333,9.5,9.0,0.0,14.0,0.0,2.0,-6.1,11.4,0.0,0.0,12.2,0.2,-2.4000000000000004,0,10,0.45,57.0,7,17,0,-1,0
2025,7,Imola,TSU,Red Bull Racing,5.333333333333333,8.2,31.0,96.0,3.0,127.0,0.14705882352941177,0.8333333333333334,12.666666666666666,13.2,3.0,16.0,114.0,0.22727272727272727,0.6666666666666666,0.0,9.333333333333334,10.4,9.5,2.8,3.333333333333333,4.916666666666666,0.16666666666666666,8.5,7.0,0.0,11.5,0.5,2.0,-4.699999999999999,3.0,2.0,0.75,5.0,0.0,-5.199999999999999,0,10,0.45,57.0,7,17,0,-1,0
2025,7,Imola,VER,Red Bull Racing,8.0,9.0,14.0,97.0,3.0,126.0,0.1388888888888889,0.8461538461538461,4.0,3.4,93.0,3.0,24.0,0.045454545454545456,1.0,0.8333333333333334,3.0,2.8,2.8333333333333335,0.6,-3.3333333333333335,-4.916666666666668,1.0,1.0,1.0,2.0,1.0,0.0,2.0,-2.4,4.4,2.0,0.6,8.0,0.0,-4.6,0,10,0.45,57.0,7,17,0,-1,1
2025,8,Monaco,ALB,Williams,7.333333333333333,7.0,16.0,51.0,5.0,205.0,0.13157894736842105,0.8571428571428571,6.333333333333333,8.0,40.0,7.0,92.0,0.041666666666666664,1.0,0.42857142857142855,8.333333333333334,9.8,9.285714285714286,-1.8,0.14285714285714413,-2.428571428571429,0.8571428571428571,13.666666666666666,9.0,0.0,12.666666666666666,1.0,3.0,5.666666666666666,14.2,0.0,0.0,14.4,0.8333333333333334,7.199999999999999,1,3,0.75,57.0,8,16,0,-1,0
2025,8,Monaco,ALO,Aston Martin,14.0,14.6,0.0,10.0,7.0,246.0,0.34210526315789475,0.5714285714285714,12.333333333333334,12.6,0.0,17.0,132.0,0.2916666666666667,0.5714285714285714,0.0,11.666666666666666,12.2,12.285714285714286,0.4,-1.6428571428571423,-0.14285714285714235,0.7142857142857143,6.666666666666667,2.0,1.0,7.666666666666667,0.3333333333333333,3.0,-5.933333333333333,11.4,0.0,0.16666666666666666,10.4,0.5,-3.1999999999999993,1,3,0.75,57.0,8,16,0,-1,0
2025,8,Monaco,ANT,Mercedes,9.666666666666666,8.0,21.0,133.0,2.0,123.0,0.07894736842105263,0.9285714285714286,10.333333333333334,9.6,44.0,6.0,88.0,0.125,0.8571428571428571,0.14285714285714285,7.0,6.2,7.857142857142857,3.4,2.2142857142857144,2.1428571428571432,0.0,9.733333333333334,8.18,0.0,9.603333333333333,0.30333333333333334,0.0,0.13333333333333464,5.2,0.0,0.0,6.4,0.0,-2.8,1,3,0.75,57.0,8,16,0,-1,0
2025,8,Monaco,BEA,Haas F1 Team,16.333333333333332,16.4,0.0,20.0,6.0,236.0,0.13157894736842105,0.8571428571428571,16.333333333333332,13.8,6.0,13.0,126.0,0.125,0.8571428571428571,0.0,18.0,16.8,17.285714285714285,-3.0,0.928571428571427,0.07142857142857117,0.42857142857142855,9.733333333333334,8.18,0.0,9.603333333333333,0.30333333333333334,0.0,-4.066666666666666,18.8,0.0,0.0,15.8,1.0,2.400000000000002,1,3,0.75,57.0,8,16,0,-1,0
2025,8,Monaco,BOR,Kick Sauber,14.666666666666666,15.4,0.0,6.0,9.0,250.0,0.4473684210526316,0.42857142857142855,18.0,18.2,0.0,17.0,132.0,0.375,0.42857142857142855,0.0,15.666666666666666,16.4,16.571428571428573,1.8,0.28571428571428825,1.5714285714285712,0.2857142857142857,9.733333333333334,8.18,0.0,9.603333333333333,0.30333333333333334,0.0,-8.466666666666665,14.5,0.0,0.0,17.5,1.0,-0.9000000000000004,1,3,0.75,57.0,8,16,0,-1,0
2025,8,Monaco,COL,Alpine,14.0,16.4,0.0,6.0,9.0,250.0,0.2894736842105263,0.6428571428571429,18.0,17.0,0.0,17.0,132.0,0.08333333333333333,1.0,0.0,17.666666666666668,17.0,15.0,0.0,1.9285714285714288,1.0714285714285712,0.0,9.733333333333334,8.18,0.0,9.603333333333333,0.30333333333333334,0.0,-7.266666666666666,9.8,0.0,0.16666666666666666,8.4,0.3333333333333333,-6.599999999999998,1,3,0.75,57.0,8,16,0,-1,0
2025,8,Monaco,GAS,Alpine,14.0,15.0,0.0,6.0,9.0,250.0,0.325,0.6,15.333333333333334,13.2,6.0,13.0,126.0,0.20833333333333334,0.7142857142857143,0.0,12.333333333333334,10.6,11.142857142857142,2.6,-1.9285714285714288,-1.0714285714285712,0.7142857142857143,9.333333333333334,7.0,0.0,11.333333333333334,0.3333333333333333,3.0,-3.8666666666666654,10.0,0.0,0.14285714285714285,10.4,0.42857142857142855,-5.0,1,3,0.75,57.0,8,16,0,-1,0
2025,8,Monaco,HAD,Racing Bulls,13.333333333333334,12.6,2.0,7.0,8.0,249.0,0.18421052631578946,0.7857142857142857,10.0,10.2,7.0,12.0,125.0,0.125,0.8571428571428571,0.0,11.333333333333334,10.6,10.142857142857142,-0.4,-2.928571428571429,-1.5,0.8571428571428571,9.733333333333334,8.18,0.0,9.603333333333333,0.30333333333333334,0.0,-0.466666666666665,10.240298507462686,0.0,0.14420753375977255,10.225124378109454,0.365636105188344,-2.3597014925373134,1,3,0.75,57.0,8,16,0,-1,0
2025,8,Monaco,HAM,Ferrari,5.666666666666667,5.6,26.0,96.0,4.0,160.0,0.13157894736842105,0.8571428571428571,6.333333333333333,6.2,39.0,8.0,93.0,0.125,0.8571428571428571,0.2857142857142857,10.333333333333334,9.6,8.714285714285714,-3.4,1.2857142857142847,0.7142857142857135,0.14285714285714285,6.333333333333333,4.0,0.0,7.0,0.0,3.0,0.13333333333333286,4.0,1.0,0.5,2.8,0.0,-1.5999999999999996,1,3,0.75,57.0,8,16,0,-1,0
2025,8,Monaco,HUL,Kick Sauber,14.666666666666666,15.2,0.0,6.0,9.0,250.0,0.475,0.4,13.666666666666666,15.4,6.0,13.0,126.0,0.375,0.42857142857142855,0.0,17.0,16.6,16.0,-1.2,-0.2857142857142847,-1.5714285714285712,0.7142857142857143,18.0,17.0,0.0,16.0,1.0,2.0,2.5999999999999996,14.333333333333334,0.0,0.0,17.0,1.0,-0.8666666666666654,1,3,0.75,57.0,8,16,0,-1,0
2025,8,Monaco,LAW,Racing Bulls,9.666666666666666,11.4,10.0,15.0,8.0,241.0,0.225,0.7333333333333333,14.333333333333334,15.2,0.0,17.0,132.0,0.20833333333333334,0.7142857142857143,0.0,14.333333333333334,14.8,16.0,0.4,2.928571428571429,1.5,0.0,9.733333333333334,8.18,0.0,9.603333333333333,0.30333333333333334,0.0,-5.466666666666665,6.0,0.0,0.0,6.0,1.0,-5.4,1,3,0.75,57.0,8,16,0,-1,0
2025,8,Monaco,LEC,Ferrari,5.0,6.0,30.0,106.0,4.0,150.0,0.125,0.8666666666666667,5.333333333333333,4.8,57.0,5.0,75.0,0.125,0.8571428571428571,0.42857142857142855,7.666666666666667,6.0,6.142857142857143,-1.2,-1.2857142857142856,-0.7142857142857144,0.8571428571428571,3.6666666666666665,1.0,1.0,1.6666666666666667,0.0,3.0,-1.1333333333333333,4.6,1.0,0.42857142857142855,3.2,0.0,-1.4000000000000004,1,3,0.75,57.0,8,16,0,-1,0
2025,8,Monaco,NOR,McLaren,2.0,1.8,58.0,256.0,1.0,0.0,0.02631578947368421,1.0,2.6666666666666665,2.6,124.0,2.0,8.0,0.041666666666666664,1.0,1.0,5.333333333333333,4.8,4.0,-2.2,1.0,-0.2142857142857144,0.42857142857142855,6.333333333333333,4.0,0.0,6.333333333333333,0.3333333333333333,3.0,3.733333333333333,7.6,0.0,0.16666666666666666,8.2,0.3333333333333333,5.8,1,3,0.75,57.0,8,16,0,-1,1
2025,8,Monaco,OCO,Haas F1 Team,16.333333333333332,16.0,0.0,20.0,6.0,236.0,0.175,0.8,15.333333333333334,14.4,14.0,9.0,118.0,0.125,0.8571428571428571,0.14285714285714285,15.333333333333334,15.6,15.428571428571429,-1.2,-0.9285714285714288,-0.07142857142857117,0.5714285714285714,10.666666666666666,3.0,1.0,8.333333333333334,0.3333333333333333,3.0,-3.7333333333333343,17.4,0.0,0.0,16.2,1.0,1.3999999999999986,1,3,0.75,57.0,8,16,0,-1,0
2025,8,Monaco,PIA,McLaren,2.0,1.8,58.0,281.0,1.0,-25.0,0.025,1.0,1.6666666666666667,1.8,132.0,1.0,0.0,0.041666666666666664,1.0,0.8571428571428571,2.3333333333333335,2.2,2.0,-0.4,-1.0,0.2142857142857144,0.5714285714285714,6.0,2.0,1.0,6.5,0.5,2.0,4.2,5.2,1.0,0.2857142857142857,5.6,0.2857142857142857,3.4000000000000004,1,3,0.75,57.0,8,16,0,-1,0
2025,8,Monaco,RUS,Mercedes,14.666666666666666,10.6,6.0,133.0,2.0,123.0,0.125,0.8666666666666667,5.0,4.4,89.0,4.0,43.0,0.041666666666666664,1.0,0.8571428571428571,3.6666666666666665,3.6,3.4285714285714284,0.8,-2.214285714285714,-2.1428571428571432,1.0,5.0,5.0,0.0,6.333333333333333,0.0,3.0,0.5999999999999996,7.8,0.0,0.0,8.2,0.14285714285714285,-2.8,1,3,0.75,57.0,8,16,0,-1,0
2025,8,Monaco,SAI,Williams,7.333333333333333,7.2,16.0,53.0,5.0,203.0,0.175,0.8,8.333333333333334,11.6,11.0,10.0,121.0,0.20833333333333334,0.7142857142857143,0.0,6.0,7.6,9.0,4.0,-0.14285714285714235,2.428571428571429,0.14285714285714285,4.333333333333333,2.0,2.0,3.3333333333333335,0.0,3.0,-7.266666666666667,13.0,0.0,0.0,12.6,0.8571428571428571,5.8,1,3,0.75,57.0,8,16,0,-1,0
2025,8,Monaco,STR,Aston Martin,15.0,15.2,0.0,10.0,7.0,246.0,0.375,0.5333333333333333,15.666666666666666,16.8,10.0,11.0,122.0,0.2916666666666667,0.5714285714285714,0.0,14.333333333333334,16.4,15.571428571428571,0.4,1.6428571428571423,0.14285714285714235,0.2857142857142857,16.0,14.0,0.0,15.0,0.6666666666666666,3.0,-0.8000000000000007,13.2,0.0,0.14285714285714285,10.0,0.5714285714285714,-2.0,1,3,0.75,57.0,8,16,0,-1,0
2025,8,Monaco,TSU,Red Bull Racing,5.0,5.4,38.0,122.0,3.0,134.0,0.13157894736842105,0.8571428571428571,13.0,12.0,4.0,16.0,128.0,0.20833333333333334,0.7142857142857143,0.0,12.666666666666666,12.6,11.0,-0.6,4.142857142857142,4.857142857142857,0.14285714285714285,13.333333333333334,8.0,0.0,9.333333333333334,0.6666666666666666,3.0,1.333333333333334,8.8,1.0,0.5,9.4,0.3333333333333333,3.4000000000000004,1,3,0.75,57.0,8,16,0,-1,0
2025,8,Monaco,VER,Red Bull Racing,9.333333333333334,8.4,26.0,122.0,3.0,134.0,0.175,0.8,2.3333333333333335,2.8,118.0,3.0,14.0,0.041666666666666664,1.0,0.8571428571428571,1.3333333333333333,2.4,2.7142857142857144,0.4,-4.142857142857143,-4.857142857142858,1.0,3.3333333333333335,1.0,2.0,3.6666666666666665,0.0,3.0,0.5333333333333337,11.6,1.0,0.42857142857142855,11.0,0.42857142857142855,3.1999999999999993,1,3,0.75,57.0,8,16,0,-1,0
2025,9,Barcelona,ALB,Williams,9.0,8.2,7.0,54.0,5.0,242.0,0.21428571428571427,0.75,6.333333333333333,8.0,42.0,8.0,107.0,0.11538461538461539,0.875,0.375,8.0,10.0,9.375,-2.0,0.0625,-2.1875,0.875,17.333333333333332,16.0,0.0,18.666666666666668,0.6666666666666666,3.0,9.333333333333332,18.0,0.0,0.0,19.4,0.6666666666666666,9.8,0,18,0.45,57.0,9,15,0,-1,0
2025,9,Barcelona,ALO,Aston Martin,16.333333333333332,15.2,0.0,10.0,8.0,286.0,0.40476190476190477,0.5,15.0,14.2,0.0,17.0,149.0,0.34615384615384615,0.5,0.0,9.666666666666666,11.0,11.625,3.2,0.0,0.0,0.5,9.333333333333334,7.0,0.0,12.333333333333334,0.3333333333333333,3.0,-4.866666666666665,10.0,0.0,0.0,11.2,0.3333333333333333,-5.199999999999999,0,18,0.45,57.0,9,15,0,-1,0
2025,9,Barcelona,ANT,Mercedes,12.0,11.6,6.0,133.0,3.0,163.0,0.16666666666666666,0.8125,14.333333333333334,12.0,44.0,7.0,105.0,0.19230769230769232,0.75,0.125,10.333333333333334,8.0,8.75,4.0,2.0,2.3125,0.0,9.908163265306122,8.571428571428571,0.0,9.646258503401361,0.22448979591836735,0.0,-2.091836734693878,3.0,0.0,0.6666666666666666,5.6,0.0,-8.6,0,18,0.45,57.0,9,15,0,-1,0
2025,9,Barcelona,BEA,Haas F1 Team,13.0,13.6,6.0,26.0,6.0,270.0,0.21428571428571427,0.75,16.0,14.2,6.0,12.0,143.0,0.19230769230769232,0.75,0.0,18.666666666666668,18.2,17.25,-4.0,1.375,0.375,0.375,9.908163265306122,8.571428571428571,0.0,9.646258503401361,0.22448979591836735,0.0,-4.291836734693877,15.0,0.0,0.0,12.8,0.5,1.4000000000000004,0,18,0.45,57.0,9,15,0,-1,0
2025,9,Barcelona,BOR,Kick Sauber,14.0,14.8,0.0,6.0,9.0,290.0,0.5,0.375,16.666666666666668,17.2,0.0,17.0,149.0,0.4230769230769231,0.375,0.0,14.333333333333334,16.2,16.5,1.0,0.4375,1.25,0.375,9.908163265306122,8.571428571428571,0.0,9.646258503401361,0.22448979591836735,0.0,-7.291836734693877,14.5,0.0,0.0,13.5,1.0,-0.3000000000000007,0,18,0.45,57.0,9,15,0,-1,0
2025,9,Barcelona,COL,Alpine,15.333333333333334,15.0,0.0,6.0,9.0,290.0,0.35714285714285715,0.5625,16.0,16.2,0.0,17.0,149.0,0.21428571428571427,0.5,0.0,18.0,17.4,17.5,-1.2,2.75,-0.0625,0.5,9.908163265306122,8.571428571428571,0.0,9.646258503401361,0.22448979591836735,0.0,-6.291836734693877,8.8,0.0,0.0,7.8,0.0,-6.199999999999999,0,18,0.45,57.0,9,15,0,-1,0
2025,9,Barcelona,GAS,Alpine,16.0,15.4,0.0,6.0,9.0,290.0,0.3409090909090909,0.5882352941176471,15.333333333333334,14.6,6.0,12.0,143.0,0.2692307692307692,0.625,0.0,15.333333333333334,12.0,12.0,2.6,-2.75,0.0625,0.625,10.666666666666666,9.0,0.0,8.333333333333334,0.0,3.0,-3.9333333333333336,10.4,0.0,0.0,9.2,0.0,-5.0,0,18,0.45,57.0,9,15,0,-1,0
2025,9,Barcelona,HAD,Racing Bulls,9.333333333333334,10.8,12.0,19.0,7.0,277.0,0.2619047619047619,0.6875,8.666666666666666,9.8,15.0,10.0,134.0,0.19230769230769232,0.75,0.0,8.666666666666666,10.4,9.625,-0.6,-2.75,-1.4375,0.875,9.908163265306122,8.571428571428571,0.0,9.646258503401361,0.22448979591836735,0.0,0.1081632653061213,10.51818181818182,0.0,0.14942279942279943,10.291161616161617,0.23127705627705628,-0.2818181818181813,0,18,0.45,57.0,9,15,0,-1,0
2025,9,Barcelona,HAM,Ferrari,4.333333333333333,4.8,36.0,124.0,4.0,172.0,0.11904761904761904,0.875,5.666666666666667,5.8,49.0,6.0,100.0,0.11538461538461539,0.875,0.375,9.333333333333334,8.8,8.125,-3.0,1.25,0.8125,0.125,3.3333333333333335,2.0,2.0,4.666666666666667,0.0,3.0,-2.4666666666666663,6.2,0.0,0.0,7.0,0.16666666666666666,1.4000000000000004,0,18,0.45,57.0,9,15,0,-1,0
2025,9,Barcelona,HUL,Kick Sauber,14.0,14.4,0.0,6.0,9.0,290.0,0.4772727272727273,0.4117647058823529,14.0,15.4,6.0,12.0,143.0,0.4230769230769231,0.375,0.0,15.333333333333334,16.0,15.625,-0.6,-0.4375,-1.25,0.625,13.0,11.0,0.0,10.5,0.5,2.0,-2.4000000000000004,13.666666666666666,0.0,0.0,13.0,0.6666666666666666,-0.7333333333333343,0,18,0.45,57.0,9,15,0,-1,0
2025,9,Barcelona,LAW,Racing Bulls,7.0,8.8,18.0,25.0,7.0,271.0,0.25,0.7058823529411765,13.0,13.4,4.0,15.0,145.0,0.2692307692307692,0.625,0.0,13.333333333333334,13.8,15.125,-0.4,2.75,1.4375,0.0,9.908163265306122,8.571428571428571,0.0,9.646258503401361,0.22448979591836735,0.0,-3.4918367346938783,7.0,0.0,0.0,9.0,0.0,-1.8000000000000007,0,18,0.45,57.0,9,15,0,-1,0
2025,9,Barcelona,LEC,Ferrari,4.333333333333333,4.6,36.0,132.0,4.0,164.0,0.11363636363636363,0.8823529411764706,5.0,4.4,75.0,5.0,74.0,0.11538461538461539,0.875,0.5,7.0,5.6,5.625,-1.2,-1.25,-0.8125,0.875,12.0,5.0,0.0,8.333333333333334,0.3333333333333333,3.0,7.6,6.6,0.0,0.0,7.4,0.14285714285714285,2.0,0,18,0.45,57.0,9,15,0,-1,0
2025,9,Barcelona,NOR,McLaren,2.3333333333333335,2.0,55.0,296.0,1.0,0.0,0.023809523809523808,1.0,1.6666666666666667,2.4,149.0,1.0,0.0,0.038461538461538464,1.0,1.0,2.3333333333333335,4.6,3.625,-2.2,0.75,-0.3125,0.5,9.0,2.0,1.0,5.0,0.3333333333333333,3.0,6.6,10.2,0.0,0.16666666666666666,6.6,0.3333333333333333,8.2,0,18,0.45,57.0,9,15,0,-1,0
2025,9,Barcelona,OCO,Haas F1 Team,12.0,14.6,6.0,26.0,6.0,270.0,0.20454545454545456,0.7647058823529411,13.0,12.2,20.0,9.0,129.0,0.19230769230769232,0.75,0.125,11.666666666666666,13.6,14.5,-1.4,-1.375,-0.375,0.625,8.333333333333334,7.0,0.0,9.333333333333334,0.0,3.0,-3.8666666666666654,15.6,0.0,0.0,13.8,0.42857142857142855,1.0,0,18,0.45,57.0,9,15,0,-1,0
2025,9,Barcelona,PIA,McLaren,2.0,2.2,58.0,314.0,1.0,-18.0,0.022727272727272728,1.0,2.3333333333333335,1.8,147.0,2.0,2.0,0.038461538461538464,1.0,0.875,2.6666666666666665,2.2,2.125,-0.4,-0.75,0.3125,0.5,10.0,7.0,0.0,10.0,0.5,2.0,8.2,8.2,0.0,0.2857142857142857,5.2,0.2857142857142857,5.999999999999999,0,18,0.45,57.0,9,15,0,-1,1
2025,9,Barcelona,RUS,Mercedes,15.666666666666666,14.6,0.0,133.0,3.0,163.0,0.20454545454545456,0.7647058823529411,7.0,5.6,89.0,4.0,60.0,0.11538461538461539,0.875,0.75,7.333333333333333,5.4,4.75,0.2,-2.0,-2.3125,1.0,3.3333333333333335,3.0,2.0,6.666666666666667,0.0,3.0,-2.266666666666666,6.0,0.0,0.5714285714285714,6.0,0.14285714285714285,-8.6,0,18,0.45,57.0,9,15,0,-1,0
2025,9,Barcelona,SAI,Williams,12.666666666666666,10.2,3.0,54.0,5.0,242.0,0.25,0.7058823529411765,9.0,10.8,12.0,11.0,137.0,0.2692307692307692,0.625,0.0,7.666666666666667,7.4,9.25,3.4,-0.0625,2.1875,0.125,5.0,4.0,0.0,3.6666666666666665,0.0,3.0,-5.800000000000001,18.6,0.0,0.0,17.6,0.7142857142857143,8.400000000000002,0,18,0.45,57.0,9,15,0,-1,0
2025,9,Barcelona,TSU,Red Bull Racing,7.333333333333333,7.2,37.0,134.0,2.0,162.0,0.16666666666666666,0.8125,12.333333333333334,13.0,4.0,15.0,145.0,0.2692307692307692,0.625,0.0,14.0,12.0,11.125,1.0,4.0625,5.0625,0.125,13.666666666666666,10.0,0.0,15.0,0.3333333333333333,3.0,0.6666666666666661,3.0,3.0,0.6666666666666666,4.8,0.0,-4.2,0,18,0.45,57.0,9,15,0,-1,0
2025,9,Barcelona,VER,Red Bull Racing,11.333333333333334,9.0,12.0,134.0,2.0,162.0,0.1590909090909091,0.8235294117647058,3.0,3.4,130.0,3.0,19.0,0.038461538461538464,1.0,0.875,2.6666666666666665,3.2,3.0,0.2,-4.0625,-5.0625,1.0,1.0,1.0,3.0,1.6666666666666667,0.0,3.0,-2.4,5.4,2.0,0.5714285714285714,8.4,0.0,-3.5999999999999996,0,18,0.45,57.0,9,15,0,-1,0
2025,10,Montréal,ALB,Williams,14.333333333333334,12.0,1.0,54.0,5.0,285.0,0.2391304347826087,0.7222222222222222,11.0,9.4,42.0,8.0,130.0,0.17857142857142858,0.7777777777777778,0.3333333333333333,9.333333333333334,9.2,9.555555555555555,0.2,-0.3333333333333339,-1.666666666666666,0.7777777777777778,12.333333333333334,7.0,0.0,10.666666666666666,0.3333333333333333,3.0,2.9333333333333336,16.0,0.0,0.0,14.2,0.5,4.0,1,18,0.45,57.0,10,14,0,-1,0
2025,10,Montréal,ALO,Aston Martin,14.333333333333334,13.8,2.0,12.0,9.0,327.0,0.38636363636363635,0.5294117647058824,13.0,13.0,2.0,18.0,170.0,0.32142857142857145,0.5555555555555556,0.0,7.333333333333333,10.4,11.444444444444445,2.6,-2.277777777777777,-0.18055555555555536,0.625,5.666666666666667,2.0,1.0,3.6666666666666665,0.0,3.0,-7.333333333333333,7.2,0.0,0.16666666666666666,9.6,0.0,-6.6000000000000005,1,18,0.45,57.0,10,14,0,-1,0
2025,10,Montréal,ANT,Mercedes,11.0,11.6,12.0,145.0,3.0,194.0,0.1956521739130435,0.7777777777777778,18.333333333333332,13.4,44.0,7.0,128.0,0.25,0.6666666666666666,0.1111111111111111,11.333333333333334,8.4,8.444444444444445,5.0,1.8888888888888893,2.833333333333334,0.0,9.613333333333333,8.0,0.0,9.663333333333334,0.1733333333333333,0.0,-3.786666666666667,6.6,0.0,0.5,5.0,0.16666666666666666,-5.0,1,18,0.45,57.0,10,14,0,-1,0
2025,10,Montréal,BEA,Haas F1 Team,13.333333333333334,14.4,6.0,26.0,6.0,313.0,0.1956521739130435,0.7777777777777778,15.333333333333334,15.6,6.0,15.0,166.0,0.17857142857142858,0.7777777777777778,0.0,17.0,17.2,17.0,-1.6,1.1111111111111107,0.3888888888888893,0.3333333333333333,9.613333333333333,8.0,0.0,9.663333333333334,0.1733333333333333,0.0,-5.986666666666666,14.8,0.0,0.0,11.0,0.5,0.40000000000000036,1,18,0.45,57.0,10,14,0,-1,0
2025,10,Montréal,BOR,Kick Sauber,11.0,11.8,10.0,16.0,8.0,323.0,0.45652173913043476,0.4444444444444444,14.666666666666666,16.0,0.0,19.0,172.0,0.39285714285714285,0.4444444444444444,0.0,14.0,15.0,16.0,1.0,0.16666666666666785,1.5,0.3333333333333333,9.613333333333333,8.0,0.0,9.663333333333334,0.1733333333333333,0.0,-6.386666666666667,14.0,0.0,0.0,18.5,0.5,2.1999999999999993,1,18,0.45,57.0,10,14,0,-1,0
2025,10,Montréal,COL,Alpine,14.333333333333334,13.8,4.0,10.0,10.0,329.0,0.32608695652173914,0.6111111111111112,14.666666666666666,16.4,0.0,19.0,172.0,0.1875,0.6666666666666666,0.0,18.0,18.4,18.0,-2.0,3.2222222222222214,0.3888888888888875,0.3333333333333333,9.613333333333333,8.0,0.0,9.663333333333334,0.1733333333333333,0.0,-6.786666666666665,9.0,0.0,0.0,12.6,0.0,-4.800000000000001,1,18,0.45,57.0,10,14,0,-1,0
2025,10,Montréal,GAS,Alpine,12.0,13.8,4.0,10.0,10.0,329.0,0.3541666666666667,0.5789473684210527,13.666666666666666,14.8,10.0,13.0,162.0,0.25,0.6666666666666666,0.0,12.0,12.6,11.555555555555555,2.2,-3.222222222222223,-0.3888888888888893,0.6666666666666666,11.666666666666666,9.0,0.0,16.0,0.0,3.0,-3.1333333333333346,10.4,0.0,0.0,13.6,0.14285714285714285,-3.4000000000000004,1,18,0.45,57.0,10,14,0,-1,0
2025,10,Montréal,HAD,Racing Bulls,8.666666666666666,9.2,10.0,25.0,7.0,314.0,0.2391304347826087,0.7222222222222222,7.333333333333333,8.6,21.0,9.0,151.0,0.17857142857142858,0.7777777777777778,0.0,8.0,9.8,9.555555555555555,-1.2,-2.666666666666666,-1.5,0.8888888888888888,9.613333333333333,8.0,0.0,9.663333333333334,0.1733333333333333,0.0,1.0133333333333336,10.432089552238807,0.0,0.149182658137882,10.19502487562189,0.2052594171997157,1.2320895522388078,1,18,0.45,57.0,10,14,0,-1,0
2025,10,Montréal,HAM,Ferrari,3.6666666666666665,4.4,41.0,147.0,2.0,192.0,0.10869565217391304,0.8888888888888888,5.0,6.0,57.0,6.0,115.0,0.10714285714285714,0.8888888888888888,0.3333333333333333,7.0,8.0,7.777777777777778,-2.0,1.0,0.8888888888888893,0.1111111111111111,3.3333333333333335,3.0,2.0,5.0,0.0,3.0,-2.6666666666666665,9.2,0.0,0.16666666666666666,9.0,0.3333333333333333,4.799999999999999,1,18,0.45,57.0,10,14,0,-1,0
2025,10,Montréal,HUL,Kick Sauber,10.333333333333334,12.2,10.0,16.0,8.0,323.0,0.4791666666666667,0.42105263157894735,11.0,12.4,16.0,11.0,156.0,0.39285714285714285,0.4444444444444444,0.1111111111111111,15.333333333333334,16.0,15.666666666666666,-3.6,-0.16666666666666607,-1.4999999999999982,0.6666666666666666,13.0,11.0,0.0,10.5,0.5,2.0,0.5999999999999996,14.0,0.0,0.0,17.666666666666668,0.6666666666666666,1.8000000000000007,1,18,0.45,57.0,10,14,0,-1,0
2025,10,Montréal,LAW,Racing Bulls,11.333333333333334,9.6,6.0,25.0,7.0,314.0,0.2708333333333333,0.6842105263157895,11.0,12.4,4.0,16.0,168.0,0.25,0.6666666666666666,0.0,12.666666666666666,13.0,14.88888888888889,-0.6,2.666666666666668,1.5,0.0,9.613333333333333,8.0,0.0,9.663333333333334,0.1733333333333333,0.0,-2.786666666666667,16.0,0.0,0.0,9.0,1.0,6.4,1,18,0.45,57.0,10,14,0,-1,0
2025,10,Montréal,LEC,Ferrari,5.0,4.4,31.0,155.0,2.0,184.0,0.10416666666666667,0.8947368421052632,3.6666666666666665,4.2,90.0,5.0,82.0,0.10714285714285714,0.8888888888888888,0.5555555555555556,6.666666666666667,6.4,5.777777777777778,-2.2,-1.0,-0.8888888888888893,0.8888888888888888,9.333333333333334,4.0,0.0,12.333333333333334,0.3333333333333333,3.0,5.133333333333334,10.0,0.0,0.14285714285714285,9.4,0.2857142857142857,5.6,1,18,0.45,57.0,10,14,0,-1,0
2025,10,Montréal,NOR,McLaren,2.0,2.0,58.0,339.0,1.0,0.0,0.021739130434782608,1.0,1.6666666666666667,2.2,167.0,2.0,5.0,0.03571428571428571,1.0,1.0,2.3333333333333335,3.8,3.4444444444444446,-1.6,0.7222222222222223,-0.22222222222222188,0.4444444444444444,10.0,2.0,1.0,8.0,0.0,3.0,7.8,8.4,0.0,0.16666666666666666,6.4,0.0,6.4,1,18,0.45,57.0,10,14,0,-1,0
2025,10,Montréal,OCO,Haas F1 Team,14.666666666666666,12.6,0.0,26.0,6.0,313.0,0.22916666666666666,0.7368421052631579,14.333333333333334,13.8,20.0,10.0,152.0,0.17857142857142858,0.7777777777777778,0.1111111111111111,14.333333333333334,14.2,14.777777777777779,-0.4,-1.1111111111111107,-0.3888888888888893,0.6666666666666666,8.0,6.0,0.0,10.333333333333334,0.0,3.0,-5.800000000000001,13.2,0.0,0.0,12.6,0.5714285714285714,0.5999999999999996,1,18,0.45,57.0,10,14,0,-1,0
2025,10,Montréal,PIA,McLaren,7.0,5.0,43.0,339.0,1.0,0.0,0.0625,0.9473684210526315,2.3333333333333335,1.8,172.0,1.0,0.0,0.03571428571428571,1.0,0.8888888888888888,1.6666666666666667,2.2,2.0,-0.4,-0.7222222222222223,0.22222222222222232,0.5555555555555556,8.0,5.0,0.0,6.5,0.0,2.0,6.2,9.8,0.0,0.14285714285714285,6.0,0.14285714285714285,4.800000000000001,1,18,0.45,57.0,10,14,0,-1,0
2025,10,Montréal,RUS,Mercedes,8.333333333333334,10.8,27.0,160.0,3.0,179.0,0.1875,0.7894736842105263,7.333333333333333,6.0,101.0,4.0,71.0,0.10714285714285714,0.8888888888888888,0.7777777777777778,7.0,5.8,4.666666666666667,0.2,-1.8888888888888884,-2.833333333333333,1.0,8.666666666666666,3.0,1.0,4.666666666666667,0.3333333333333333,3.0,2.666666666666666,6.4,0.0,0.5714285714285714,4.2,0.14285714285714285,-4.4,1,18,0.45,57.0,10,14,0,-1,1
2025,10,Montréal,SAI,Williams,17.666666666666668,14.4,0.0,54.0,5.0,285.0,0.2708333333333333,0.6842105263157895,10.666666666666666,9.8,12.0,12.0,160.0,0.25,0.6666666666666666,0.0,11.666666666666666,9.4,10.222222222222221,0.4,0.33333333333333215,1.666666666666666,0.2222222222222222,7.666666666666667,2.0,1.0,7.666666666666667,0.3333333333333333,3.0,-2.1333333333333337,16.8,0.0,0.0,12.4,0.5714285714285714,2.4000000000000004,1,18,0.45,57.0,10,14,0,-1,0
2025,10,Montréal,STR,Aston Martin,10.333333333333334,13.0,8.0,18.0,9.0,321.0,0.3695652173913043,0.5555555555555556,15.333333333333334,15.8,10.0,13.0,162.0,0.34615384615384615,0.5,0.0,15.333333333333334,16.2,16.0,-0.4,2.2777777777777786,0.18055555555555536,0.375,8.666666666666666,7.0,0.0,13.333333333333334,0.0,3.0,-7.133333333333335,6.2,0.0,0.14285714285714285,7.4,0.0,-6.8,1,18,0.45,57.0,10,14,0,-1,0
2025,10,Montréal,TSU,Red Bull Racing,9.0,9.0,13.0,135.0,4.0,204.0,0.15217391304347827,0.8333333333333334,13.333333333333334,13.8,4.0,16.0,168.0,0.25,0.6666666666666666,0.0,17.333333333333332,14.0,12.11111111111111,-0.2,4.555555555555555,4.666666666666666,0.1111111111111111,15.333333333333334,14.0,0.0,14.666666666666666,0.3333333333333333,3.0,1.5333333333333332,5.4,3.0,0.5,6.4,0.3333333333333333,-3.5999999999999996,1,18,0.45,57.0,10,14,0,-1,0
2025,10,Montréal,VER,Red Bull Racing,11.666666666666666,11.2,1.0,135.0,4.0,204.0,0.1875,0.7894736842105263,5.0,4.2,131.0,3.0,41.0,0.03571428571428571,1.0,0.7777777777777778,3.3333333333333335,2.4,3.0,1.8,-4.555555555555555,-4.666666666666667,1.0,1.0,1.0,3.0,1.3333333333333333,0.0,3.0,-3.2,7.6,2.0,0.42857142857142855,8.4,0.42857142857142855,-3.5999999999999996,1,18,0.45,57.0,10,14,0,-1,0
2025,11,Spielberg,ALB,Williams,14.666666666666666,14.6,1.0,55.0,5.0,296.0,0.3,0.65,16.0,11.6,42.0,8.0,142.0,0.23333333333333334,0.7,0.3,10.333333333333334,9.0,9.6,2.6,-0.6500000000000004,-1.0,0.7,12.666666666666666,11.0,0.0,12.333333333333334,0.3333333333333333,3.0,1.0666666666666664,15.4,0.0,0.0,16.4,0.6666666666666666,0.8000000000000007,0,18,0.45,57.0,11,13,0,-1,0
2025,11,Spielberg,ALO,Aston Martin,11.0,13.4,8.0,18.0,9.0,333.0,0.3958333333333333,0.5263157894736842,11.666666666666666,12.2,8.0,15.0,176.0,0.3,0.6,0.0,7.666666666666667,9.0,10.9,3.2,-2.6611111111111097,-0.6777777777777771,0.6666666666666666,11.0,5.0,0.0,10.0,0.3333333333333333,3.0,-1.1999999999999993,12.4,0.0,0.0,13.0,0.3333333333333333,-1.0,0,18,0.45,57.0,11,13,0,-1,0
2025,11,Spielberg,ANT,Mercedes,2.6666666666666665,7.4,52.0,185.0,2.0,166.0,0.18,0.8,13.0,12.8,59.0,7.0,125.0,0.23333333333333334,0.7,0.2,8.333333333333334,8.2,8.0,4.6,1.8499999999999996,2.6499999999999995,0.0,9.996666666666666,8.02,0.0,9.36,0.24333333333333332,0.0,-2.8033333333333346,4.8,1.0,0.3333333333333333,5.6,0.0,-2.6000000000000005,0,18,0.45,57.0,11,13,0,-1,0
2025,11,Spielberg,BEA,Haas F1 Team,12.0,12.0,2.0,28.0,6.0,323.0,0.26,0.7,13.333333333333334,15.2,6.0,16.0,178.0,0.23333333333333334,0.7,0.0,15.333333333333334,17.0,16.7,-1.8,0.9499999999999993,0.45000000000000107,0.3,9.996666666666666,8.02,0.0,9.36,0.24333333333333332,0.0,-5.203333333333333,11.6,0.0,0.0,11.0,0.3333333333333333,-0.40000000000000036,0,18,0.45,57.0,11,13,0,-1,0
2025,11,Spielberg,BOR,Kick Sauber,9.0,11.0,14.0,20.0,8.0,331.0,0.46,0.45,13.333333333333334,15.2,0.0,19.0,184.0,0.43333333333333335,0.4,0.0,14.666666666666666,14.2,16.0,1.0,0.3000000000000007,1.6500000000000004,0.3,9.996666666666666,8.02,0.0,9.36,0.24333333333333332,0.0,-5.203333333333333,16.5,0.0,0.0,19.0,1.0,5.5,0,18,0.45,57.0,11,13,0,-1,0
2025,11,Spielberg,COL,Alpine,12.0,14.2,4.0,10.0,10.0,341.0,0.38,0.55,13.666666666666666,15.2,0.0,19.0,184.0,0.2777777777777778,0.5,0.0,17.0,17.0,16.5,-1.8,2.0500000000000007,0.125,0.5,9.996666666666666,8.02,0.0,9.36,0.24333333333333332,0.0,-5.203333333333333,10.2,0.0,0.0,9.8,0.16666666666666666,-4.0,0,18,0.45,57.0,11,13,0,-1,0
2025,11,Spielberg,GAS,Alpine,14.333333333333334,13.2,0.0,10.0,10.0,341.0,0.40384615384615385,0.5238095238095238,14.333333333333334,13.8,10.0,13.0,174.0,0.3,0.6,0.0,15.333333333333334,14.8,12.4,-1.0,-2.049999999999999,-0.125,0.6,11.666666666666666,10.0,0.0,10.666666666666666,0.0,3.0,-2.1333333333333346,12.2,0.0,0.0,11.6,0.2857142857142857,-1.0,0,18,0.45,57.0,11,13,0,-1,0
2025,11,Spielberg,HAD,Racing Bulls,15.333333333333334,12.2,0.0,25.0,7.0,326.0,0.3,0.65,9.666666666666666,9.8,21.0,10.0,163.0,0.23333333333333334,0.7,0.0,8.0,8.8,9.5,1.0,-2.9000000000000004,-1.5,0.9,9.996666666666666,8.02,0.0,9.36,0.24333333333333332,0.0,0.19666666666666544,10.177363184079601,0.0,0.1611229566453447,10.191293532338307,0.26240227434257285,-2.0226368159203982,0,18,0.45,57.0,11,13,0,-1,0
2025,11,Spielberg,HAM,Ferrari,4.666666666666667,4.4,33.0,165.0,3.0,186.0,0.1,0.9,5.666666666666667,5.8,65.0,6.0,119.0,0.1,0.9,0.3,4.666666666666667,7.6,7.5,-1.8,0.75,0.8500000000000005,0.1,5.0,3.0,1.0,6.333333333333333,0.0,3.0,-0.7999999999999998,8.0,0.0,0.5,3.6,0.16666666666666666,3.5999999999999996,0,18,0.45,57.0,11,13,0,-1,0
2025,11,Spielberg,HUL,Kick Sauber,10.0,9.4,8.0,24.0,8.0,327.0,0.4807692307692308,0.42857142857142855,9.666666666666666,11.0,20.0,11.0,164.0,0.36666666666666664,0.5,0.1,14.0,15.0,15.4,-4.0,-0.29999999999999893,-1.6500000000000004,0.7,13.0,6.0,0.0,8.5,0.5,2.0,2.0,13.666666666666666,0.0,0.0,15.333333333333334,1.0,4.266666666666666,0,18,0.45,57.0,11,13,0,-1,0
2025,11,Spielberg,LAW,Racing Bulls,15.666666666666666,13.0,0.0,25.0,7.0,326.0,0.3269230769230769,0.6190476190476191,12.666666666666666,13.8,4.0,17.0,180.0,0.3,0.6,0.0,13.666666666666666,14.4,15.3,-0.6,2.9000000000000004,1.5,0.0,9.996666666666666,8.02,0.0,9.36,0.24333333333333332,0.0,-3.8033333333333346,12.0,0.0,0.0,13.0,1.0,-1.0,0,18,0.45,57.0,11,13,0,-1,0
2025,11,Spielberg,LEC,Ferrari,5.0,4.8,30.0,177.0,3.0,174.0,0.09615384615384616,0.9047619047619048,3.3333333333333335,4.6,100.0,5.0,84.0,0.1,0.9,0.6,5.666666666666667,7.2,6.0,-2.6,-0.75,-0.8499999999999996,0.9,4.666666666666667,1.0,2.0,3.3333333333333335,0.0,3.0,0.06666666666666732,5.2,0.0,0.42857142857142855,3.8,0.14285714285714285,0.40000000000000036,0,18,0.45,57.0,11,13,0,-1,0
2025,11,Spielberg,NOR,McLaren,7.666666666666667,5.6,37.0,351.0,1.0,0.0,0.06,0.95,7.0,5.0,167.0,2.0,17.0,0.1,0.9,0.9,3.3333333333333335,3.2,3.8,1.8,0.8499999999999996,0.5,0.4,10.333333333333334,4.0,0.0,7.0,0.3333333333333333,3.0,5.333333333333334,10.2,0.0,0.16666666666666666,8.4,0.3333333333333333,4.6,0,18,0.45,57.0,11,13,0,-1,1
2025,11,Spielberg,OCO,Haas F1 Team,10.333333333333334,12.8,2.0,28.0,6.0,323.0,0.28846153846153844,0.6666666666666666,10.666666666666666,12.8,22.0,9.0,162.0,0.23333333333333334,0.7,0.1,13.333333333333334,13.4,14.8,-0.6,-0.9499999999999993,-0.4499999999999993,0.7,10.333333333333334,5.0,0.0,9.0,0.3333333333333333,3.0,-2.466666666666667,12.6,0.0,0.0,12.6,0.42857142857142855,-0.20000000000000107,0,18,0.45,57.0,11,13,0,-1,0
2025,11,Spielberg,PIA,McLaren,7.666666666666667,5.2,37.0,376.0,1.0,-25.0,0.057692307692307696,0.9523809523809523,2.6666666666666665,2.4,184.0,1.0,0.0,0.03333333333333333,1.0,0.9,2.3333333333333335,2.4,2.1,0.0,-0.8500000000000001,-0.5,0.6,9.0,2.0,1.0,10.0,0.5,2.0,6.6,8.6,1.0,0.2857142857142857,5.4,0.2857142857142857,3.3999999999999995,0,18,0.45,57.0,11,13,0,-1,0
2025,11,Spielberg,RUS,Mercedes,7.666666666666667,9.0,40.0,185.0,2.0,166.0,0.21153846153846154,0.7619047619047619,5.333333333333333,5.2,126.0,4.0,58.0,0.1,0.9,0.8,6.333333333333333,5.4,4.3,-0.2,-1.8500000000000005,-2.6499999999999995,1.0,4.0,1.0,1.0,6.0,0.0,3.0,-1.2000000000000002,7.8,1.0,0.2857142857142857,6.6,0.14285714285714285,-1.2000000000000002,0,18,0.45,57.0,11,13,0,-1,0
2025,11,Spielberg,SAI,Williams,15.666666666666666,16.0,1.0,55.0,5.0,296.0,0.3269230769230769,0.6190476190476191,11.333333333333334,10.2,13.0,12.0,171.0,0.3,0.6,0.0,15.333333333333334,11.6,10.9,-1.4,0.6500000000000004,1.0,0.3,9.0,3.0,1.0,3.3333333333333335,0.3333333333333333,3.0,-1.1999999999999993,15.0,0.0,0.0,15.0,0.7142857142857143,-1.0,0,18,0.45,57.0,11,13,0,-1,0
2025,11,Spielberg,STR,Aston Martin,10.333333333333334,11.0,12.0,24.0,9.0,327.0,0.42,0.5,15.666666666666666,15.8,10.0,13.0,174.0,0.39285714285714285,0.4444444444444444,0.0,15.0,16.0,16.22222222222222,-0.2,2.6611111111111114,0.6777777777777789,0.3333333333333333,11.666666666666666,9.0,0.0,13.333333333333334,0.3333333333333333,3.0,-4.133333333333335,10.4,0.0,0.0,11.2,0.42857142857142855,-0.5999999999999996,0,18,0.45,57.0,11,13,0,-1,0
2025,11,Spielberg,TSU,Red Bull Racing,8.0,8.2,19.0,153.0,4.0,198.0,0.18,0.8,14.0,12.4,4.0,17.0,180.0,0.3,0.6,0.0,14.333333333333334,14.6,12.0,-2.2,4.55,4.699999999999999,0.1,16.333333333333332,14.0,0.0,14.666666666666666,0.6666666666666666,3.0,3.933333333333332,3.6,1.0,0.5,5.2,0.16666666666666666,-4.6,0,18,0.45,57.0,11,13,0,-1,0
2025,11,Spielberg,VER,Red Bull Racing,10.0,10.6,18.0,153.0,4.0,198.0,0.21153846153846154,0.7619047619047619,5.333333333333333,4.2,149.0,3.0,35.0,0.03333333333333333,1.0,0.8,3.3333333333333335,2.6,2.9,1.6,-4.550000000000001,-4.700000000000001,1.0,2.6666666666666665,1.0,2.0,1.0,0.0,3.0,-1.5333333333333337,6.4,1.0,0.42857142857142855,8.6,0.2857142857142857,-4.199999999999999,0,18,0.45,57.0,11,13,0,-1,0
2025,12,Silverstone,ALB,Williams,15.666666666666666,16.2,1.0,55.0,5.0,339.0,0.35185185185185186,0.5909090909090909,18.666666666666668,14.0,42.0,8.0,160.0,0.28125,0.6363636363636364,0.2727272727272727,11.0,10.0,9.818181818181818,4.0,-0.9090909090909083,-1.045454545454545,0.7272727272727273,12.333333333333334,8.0,0.0,11.0,0.3333333333333333,3.0,-1.666666666666666,10.2,0.0,0.0,10.6,0.16666666666666666,-6.0,0,18,0.45,57.0,12,12,0,-1,0
2025,12,Silverstone,ALO,Aston Martin,12.666666666666666,10.8,6.0,24.0,9.0,370.0,0.4423076923076923,0.47619047619047616,7.666666666666667,10.6,14.0,12.0,188.0,0.34375,0.5454545454545454,0.0,9.0,7.8,10.909090909090908,2.8,-2.6454545454545464,-0.9318181818181817,0.7,6.666666666666667,5.0,0.0,8.666666666666666,0.0,3.0,-3.9333333333333327,9.0,0.0,0.0,11.4,0.0,-1.8000000000000007,0,18,0.45,57.0,12,12,0,-1,0
2025,12,Silverstone,ANT,Mercedes,8.333333333333334,6.4,35.0,195.0,2.0,199.0,0.2037037037037037,0.7727272727272727,13.333333333333334,15.4,59.0,7.0,143.0,0.28125,0.6363636363636364,0.18181818181818182,6.333333333333333,9.4,8.090909090909092,6.0,1.8636363636363642,3.045454545454545,0.0,10.093333333333334,8.36,0.0,9.19,0.27666666666666667,0.0,-5.306666666666667,9.2,1.0,0.5,4.8,0.3333333333333333,2.799999999999999,0,18,0.45,57.0,12,12,0,-1,0
2025,12,Silverstone,BEA,Haas F1 Team,10.0,11.4,3.0,29.0,7.0,365.0,0.3148148148148148,0.6363636363636364,13.0,13.6,6.0,17.0,196.0,0.28125,0.6363636363636364,0.0,14.666666666666666,16.0,16.545454545454547,-2.4,0.7727272727272734,0.45454545454545503,0.2727272727272727,10.093333333333334,8.36,0.0,9.19,0.27666666666666667,0.0,-3.506666666666666,11.6,0.0,0.0,14.4,0.16666666666666666,0.1999999999999993,0,18,0.45,57.0,12,12,0,-1,0
2025,12,Silverstone,BOR,Kick Sauber,8.333333333333334,8.8,10.0,26.0,8.0,368.0,0.5,0.4090909090909091,11.333333333333334,13.2,4.0,18.0,198.0,0.46875,0.36363636363636365,0.0,12.0,13.2,15.272727272727273,0.0,-0.2727272727272734,1.4545454545454533,0.36363636363636365,10.093333333333334,8.36,0.0,9.19,0.27666666666666667,0.0,-3.1066666666666656,16.5,0.0,0.0,15.0,1.0,7.699999999999999,0,18,0.45,57.0,12,12,0,-1,0
2025,12,Silverstone,COL,Alpine,14.333333333333334,12.8,0.0,10.0,10.0,384.0,0.42592592592592593,0.5,14.333333333333334,14.4,0.0,20.0,202.0,0.35,0.4,0.0,15.0,16.0,16.0,-1.6,1.90909090909091,0.24545454545454604,0.4,10.093333333333334,8.36,0.0,9.19,0.27666666666666667,0.0,-4.306666666666667,17.8,0.0,0.0,15.2,0.8333333333333334,5.0,0,18,0.45,57.0,12,12,0,-1,0
2025,12,Silverstone,GAS,Alpine,16.0,15.2,0.0,10.0,10.0,384.0,0.44642857142857145,0.4782608695652174,12.0,13.8,10.0,15.0,192.0,0.34375,0.5454545454545454,0.0,12.666666666666666,13.2,12.181818181818182,0.6,-1.9090909090909083,-0.24545454545454604,0.6363636363636364,18.0,16.0,0.0,13.666666666666666,1.0,3.0,4.199999999999999,18.8,0.0,0.0,16.2,0.8571428571428571,3.6000000000000014,0,18,0.45,57.0,12,12,0,-1,0
2025,12,Silverstone,HAD,Racing Bulls,12.333333333333334,12.8,8.0,33.0,6.0,361.0,0.3148148148148148,0.6363636363636364,11.666666666666666,10.0,21.0,11.0,181.0,0.28125,0.6363636363636364,0.0,10.333333333333334,9.2,9.818181818181818,0.8,-2.3181818181818183,-1.0909090909090917,0.8181818181818182,10.093333333333334,8.36,0.0,9.19,0.27666666666666667,0.0,0.09333333333333371,10.180099502487563,0.0,0.16709310589907603,10.23681592039801,0.30547263681592035,-2.619900497512438,0,18,0.45,57.0,12,12,0,-1,0
2025,12,Silverstone,HAM,Ferrari,4.0,4.2,37.0,192.0,3.0,202.0,0.09259259259259259,0.9090909090909091,5.333333333333333,5.0,77.0,6.0,125.0,0.09375,0.9090909090909091,0.36363636363636365,4.666666666666667,6.0,7.181818181818182,-1.0,0.7727272727272725,0.8181818181818183,0.09090909090909091,2.3333333333333335,1.0,3.0,4.666666666666667,0.0,3.0,-2.6666666666666665,7.8,1.0,0.16666666666666666,5.6,0.16666666666666666,3.5999999999999996,0,18,0.45,57.0,12,12,0,-1,0
2025,12,Silverstone,HUL,Kick Sauber,11.666666666666666,11.4,6.0,26.0,8.0,368.0,0.5178571428571429,0.391304347826087,7.333333333333333,10.0,22.0,10.0,180.0,0.40625,0.45454545454545453,0.09090909090909091,16.333333333333332,15.8,15.818181818181818,-5.8,0.2727272727272716,-1.454545454545455,0.6363636363636364,9.5,6.0,0.0,8.5,0.0,2.0,-0.5,17.0,0.0,0.0,15.666666666666666,1.0,5.6,0,18,0.45,57.0,12,12,0,-1,0
2025,12,Silverstone,LAW,Racing Bulls,11.666666666666666,14.0,8.0,33.0,6.0,361.0,0.3392857142857143,0.6086956521739131,12.0,11.6,12.0,14.0,190.0,0.28125,0.6363636363636364,0.0,12.666666666666666,12.6,14.454545454545455,-1.0,2.3181818181818183,1.09090909090909,0.09090909090909091,10.093333333333334,8.36,0.0,9.19,0.27666666666666667,0.0,-1.506666666666666,17.0,0.0,0.0,13.0,1.0,3.0,0,18,0.45,57.0,12,12,0,-1,0
2025,12,Silverstone,LEC,Ferrari,3.6666666666666665,4.4,39.0,204.0,3.0,190.0,0.08928571428571429,0.9130434782608695,3.6666666666666665,3.8,115.0,5.0,87.0,0.09375,0.9090909090909091,0.6363636363636364,5.666666666666667,6.0,5.636363636363637,-2.2,-0.7727272727272725,-0.8181818181818175,0.9090909090909091,9.0,4.0,0.0,6.0,0.3333333333333333,3.0,5.2,8.4,0.0,0.14285714285714285,6.4,0.14285714285714285,4.0,0,18,0.45,57.0,12,12,0,-1,0
2025,12,Silverstone,NOR,McLaren,2.3333333333333335,5.2,55.0,394.0,1.0,0.0,0.05555555555555555,0.9545454545454546,7.0,4.8,192.0,2.0,10.0,0.09375,0.9090909090909091,0.9090909090909091,3.3333333333333335,3.0,3.5454545454545454,1.8,0.6818181818181821,0.40909090909090917,0.45454545454545453,3.6666666666666665,2.0,2.0,3.6666666666666665,0.0,3.0,-1.1333333333333333,5.2,0.0,0.3333333333333333,5.4,0.0,0.0,0,18,0.45,57.0,12,12,0,-1,1
2025,12,Silverstone,OCO,Haas F1 Team,10.666666666666666,10.4,1.0,29.0,7.0,365.0,0.30357142857142855,0.6521739130434783,11.666666666666666,12.4,23.0,9.0,179.0,0.28125,0.6363636363636364,0.09090909090909091,16.333333333333332,15.0,15.0,-2.6,-0.7727272727272734,-0.45454545454545325,0.7272727272727273,17.0,15.0,0.0,15.333333333333334,1.0,3.0,4.6,12.2,0.0,0.0,12.2,0.14285714285714285,1.799999999999999,0,18,0.45,57.0,12,12,0,-1,0
2025,12,Silverstone,PIA,McLaren,1.3333333333333333,5.2,68.0,419.0,1.0,-25.0,0.05357142857142857,0.9565217391304348,2.3333333333333335,2.6,202.0,1.0,0.0,0.03125,1.0,0.9090909090909091,2.3333333333333335,2.2,2.1818181818181817,0.4,-0.6818181818181817,-0.40909090909090917,0.5454545454545454,4.0,4.0,0.0,4.0,0.0,2.0,1.4,2.8,1.0,0.42857142857142855,3.2,0.0,-2.4000000000000004,0,18,0.45,57.0,12,12,0,-1,0
2025,12,Silverstone,RUS,Mercedes,13.333333333333334,8.8,10.0,195.0,2.0,199.0,0.23214285714285715,0.7391304347826086,3.3333333333333335,5.6,136.0,4.0,66.0,0.09375,0.9090909090909091,0.8181818181818182,3.3333333333333335,5.4,4.363636363636363,0.2,-1.8636363636363642,-3.045454545454546,1.0,14.0,5.0,0.0,5.0,0.6666666666666666,3.0,8.4,8.8,1.0,0.42857142857142855,4.6,0.42857142857142855,0.0,0,18,0.45,57.0,12,12,0,-1,0
2025,12,Silverstone,SAI,Williams,15.0,15.0,4.0,59.0,5.0,335.0,0.3392857142857143,0.6086956521739131,14.666666666666666,12.4,13.0,13.0,189.0,0.34375,0.5454545454545454,0.0,18.0,14.2,11.636363636363637,-1.8,0.9090909090909101,1.045454545454545,0.2727272727272727,5.333333333333333,1.0,1.0,4.333333333333333,0.0,3.0,-7.066666666666667,9.4,0.0,0.0,11.4,0.14285714285714285,-5.6,0,18,0.45,57.0,12,12,0,-1,0
2025,12,Silverstone,STR,Aston Martin,10.0,10.8,8.0,26.0,9.0,368.0,0.42592592592592593,0.5,15.333333333333334,15.4,10.0,15.0,192.0,0.43333333333333335,0.4,0.0,17.666666666666668,16.0,16.2,-0.6,2.6454545454545446,0.9318181818181817,0.3,10.666666666666666,7.0,0.0,13.333333333333334,0.0,3.0,-4.733333333333334,9.0,0.0,0.0,9.6,0.0,-1.8000000000000007,0,18,0.45,57.0,12,12,0,-1,0
2025,12,Silverstone,TSU,Red Bull Racing,12.0,11.6,18.0,153.0,4.0,241.0,0.24074074074074073,0.7272727272727273,13.666666666666666,13.6,4.0,18.0,198.0,0.34375,0.5454545454545454,0.0,16.333333333333332,16.2,12.545454545454545,-2.6,4.636363636363636,4.181818181818182,0.18181818181818182,13.333333333333334,10.0,0.0,14.0,0.0,3.0,-0.2666666666666657,6.6,1.0,0.5,8.2,0.16666666666666666,-5.0,0,18,0.45,57.0,12,12,0,-1,0
2025,12,Silverstone,VER,Red Bull Racing,16.333333333333332,12.6,0.0,153.0,4.0,241.0,0.26785714285714285,0.6956521739130435,10.0,7.0,149.0,3.0,53.0,0.09375,0.9090909090909091,0.7272727272727273,4.0,3.8,3.272727272727273,3.2,-4.636363636363637,-4.1818181818181825,0.9090909090909091,3.3333333333333335,1.0,2.0,2.3333333333333335,0.0,3.0,-3.6666666666666665,8.2,1.0,0.42857142857142855,10.2,0.2857142857142857,-4.4,0,18,0.45,57.0,12,12,0,-1,0
2025,13,Spa-Francorchamps,ALB,Williams,13.333333333333334,13.4,4.0,59.0,5.0,378.0,0.3275862068965517,0.625,15.0,14.6,46.0,8.0,174.0,0.2647058823529412,0.6666666666666666,0.25,12.0,11.4,10.166666666666666,3.2,-0.7083333333333339,-1.125,0.75,12.0,10.0,0.0,12.0,0.0,3.0,-2.5999999999999996,15.6,0.0,0.0,16.2,0.0,2.1999999999999993,0,18,0.45,57.0,13,11,0,-1,0
2025,13,Spa-Francorchamps,ALO,Aston Martin,10.0,10.8,8.0,32.0,8.0,405.0,0.4107142857142857,0.5217391304347826,7.666666666666667,10.2,16.0,13.0,204.0,0.3235294117647059,0.5833333333333334,0.0,8.666666666666666,8.6,10.75,1.6,-2.8068181818181817,-0.7424242424242422,0.6363636363636364,6.0,5.0,0.0,8.0,0.0,3.0,-4.199999999999999,8.2,0.0,0.0,11.8,0.0,-2.6000000000000014,0,18,0.45,57.0,13,11,0,-1,0
2025,13,Spa-Francorchamps,ANT,Mercedes,10.333333333333334,10.2,11.0,196.0,3.0,241.0,0.22413793103448276,0.75,12.666666666666666,14.8,59.0,7.0,161.0,0.3235294117647059,0.5833333333333334,0.16666666666666666,6.666666666666667,8.2,8.0,6.6,1.833333333333334,3.041666666666666,0.0,10.07843137254902,8.588235294117647,0.0,9.679738562091504,0.11764705882352941,0.0,-4.721568627450981,7.0,1.0,0.16666666666666666,6.2,0.3333333333333333,-3.1999999999999993,0,18,0.45,57.0,13,11,0,-1,0
2025,13,Spa-Francorchamps,BEA,Haas F1 Team,11.333333333333334,10.8,1.0,29.0,9.0,408.0,0.29310344827586204,0.6666666666666666,11.0,12.4,6.0,17.0,214.0,0.2647058823529412,0.6666666666666666,0.0,12.333333333333334,13.8,15.833333333333334,-1.4,0.4166666666666661,0.33333333333333215,0.3333333333333333,10.07843137254902,8.588235294117647,0.0,9.679738562091504,0.11764705882352941,0.0,-2.321568627450981,16.4,0.0,0.0,16.2,0.0,5.599999999999998,0,18,0.45,57.0,13,11,0,-1,0
2025,13,Spa-Francorchamps,BOR,Kick Sauber,10.0,9.2,17.0,41.0,6.0,396.0,0.5,0.4166666666666667,13.333333333333334,13.2,4.0,18.0,216.0,0.5,0.3333333333333333,0.0,13.666666666666666,13.8,15.416666666666666,-0.6,-0.3333333333333339,1.958333333333334,0.3333333333333333,10.07843137254902,8.588235294117647,0.0,9.679738562091504,0.11764705882352941,0.0,-3.12156862745098,17.0,0.0,0.0,17.0,0.5,7.800000000000001,0,18,0.45,57.0,13,11,0,-1,0
2025,13,Spa-Francorchamps,COL,Alpine,13.0,13.8,8.0,18.0,10.0,419.0,0.43103448275862066,0.5,16.0,15.2,0.0,20.0,220.0,0.4090909090909091,0.3333333333333333,0.0,15.333333333333334,17.0,16.666666666666668,-1.8,2.333333333333334,1.041666666666666,0.3333333333333333,10.07843137254902,8.588235294117647,0.0,9.679738562091504,0.11764705882352941,0.0,-5.12156862745098,9.6,0.0,0.0,10.8,0.0,-4.200000000000001,0,18,0.45,57.0,13,11,0,-1,0
2025,13,Spa-Francorchamps,GAS,Alpine,15.0,14.6,8.0,18.0,10.0,419.0,0.4166666666666667,0.52,11.333333333333334,12.4,18.0,12.0,202.0,0.3235294117647059,0.5833333333333334,0.0,13.333333333333334,13.2,12.0,-0.8,-2.333333333333334,-1.0416666666666679,0.6666666666666666,11.0,9.0,0.0,12.0,0.0,3.0,-1.4000000000000004,12.0,0.0,0.0,13.2,0.0,-2.5999999999999996,0,18,0.45,57.0,13,11,0,-1,0
2025,13,Spa-Francorchamps,HAD,Racing Bulls,14.0,14.6,8.0,33.0,7.0,404.0,0.3620689655172414,0.5833333333333334,15.0,11.6,21.0,11.0,199.0,0.3235294117647059,0.5833333333333334,0.0,11.666666666666666,10.0,10.083333333333334,1.6,-2.25,-1.083333333333334,0.8333333333333334,10.07843137254902,8.588235294117647,0.0,9.679738562091504,0.11764705882352941,0.0,-1.5215686274509803,10.49402985074627,0.0,0.15216773276474768,10.100746268656716,0.1207178393745558,-4.10597014925373,0,18,0.45,57.0,13,11,0,-1,0
2025,13,Spa-Francorchamps,HAM,Ferrari,7.0,6.0,27.0,204.0,2.0,233.0,0.08620689655172414,0.9166666666666666,4.666666666666667,5.0,89.0,6.0,131.0,0.08823529411764706,0.9166666666666666,0.4166666666666667,4.666666666666667,4.6,7.0,0.4,0.6666666666666661,0.33333333333333304,0.16666666666666666,8.333333333333334,1.0,1.0,5.0,0.3333333333333333,3.0,3.333333333333334,6.8,0.0,0.5,3.8,0.16666666666666666,0.7999999999999998,0,18,0.45,57.0,13,11,0,-1,0
2025,13,Spa-Francorchamps,HUL,Kick Sauber,10.0,9.4,17.0,43.0,6.0,394.0,0.48333333333333334,0.44,6.666666666666667,8.2,37.0,9.0,183.0,0.38235294117647056,0.5,0.16666666666666666,17.333333333333332,16.2,16.083333333333332,-8.0,0.33333333333333215,-1.958333333333334,0.6666666666666666,18.0,18.0,0.0,18.0,0.0,2.0,9.8,14.333333333333334,0.0,0.0,14.666666666666666,0.3333333333333333,4.933333333333334,0,18,0.45,57.0,13,11,0,-1,0
2025,13,Spa-Francorchamps,LAW,Racing Bulls,18.666666666666668,14.8,0.0,33.0,7.0,404.0,0.38333333333333336,0.56,14.666666666666666,12.6,12.0,16.0,208.0,0.3235294117647059,0.5833333333333334,0.0,13.666666666666666,12.6,14.583333333333334,0.0,2.25,1.083333333333334,0.08333333333333333,10.07843137254902,8.588235294117647,0.0,9.679738562091504,0.11764705882352941,0.0,-2.5215686274509803,20.0,0.0,0.0,8.0,1.0,5.199999999999999,0,18,0.45,57.0,13,11,0,-1,0
2025,13,Spa-Francorchamps,LEC,Ferrari,8.333333333333334,6.4,18.0,210.0,2.0,227.0,0.08333333333333333,0.92,7.333333333333333,5.4,115.0,5.0,105.0,0.08823529411764706,0.9166666666666666,0.5833333333333334,5.333333333333333,5.0,5.666666666666667,0.4,-0.666666666666667,-0.33333333333333304,0.8333333333333334,4.0,3.0,2.0,2.6666666666666665,0.0,3.0,-1.4000000000000004,7.6,0.0,0.42857142857142855,6.6,0.14285714285714285,1.1999999999999993,0,18,0.45,57.0,13,11,0,-1,0
2025,13,Spa-Francorchamps,NOR,McLaren,1.6666666666666667,2.0,61.0,437.0,1.0,0.0,0.05172413793103448,0.9583333333333334,6.666666666666667,4.6,217.0,2.0,3.0,0.08823529411764706,0.9166666666666666,0.9166666666666666,3.6666666666666665,2.8,3.5,1.8,0.666666666666667,0.33333333333333304,0.5,8.0,5.0,0.0,7.333333333333333,0.0,3.0,3.4000000000000004,9.8,0.0,0.16666666666666666,7.0,0.16666666666666666,7.800000000000001,0,18,0.45,57.0,13,11,0,-1,0
2025,13,Spa-Francorchamps,OCO,Haas F1 Team,11.666666666666666,11.2,0.0,29.0,9.0,408.0,0.2833333333333333,0.68,10.666666666666666,11.0,23.0,10.0,197.0,0.2647058823529412,0.6666666666666666,0.08333333333333333,15.666666666666666,14.4,15.0,-3.4,-0.41666666666666785,-0.3333333333333339,0.6666666666666666,8.0,7.0,0.0,10.0,0.0,3.0,-3.0,15.2,0.0,0.0,15.6,0.0,4.0,0,18,0.45,57.0,13,11,0,-1,0
2025,13,Spa-Francorchamps,PIA,McLaren,1.6666666666666667,1.6,61.0,455.0,1.0,-18.0,0.05,0.96,2.6666666666666665,2.4,220.0,1.0,0.0,0.029411764705882353,1.0,0.9166666666666666,2.6666666666666665,2.4,2.1666666666666665,0.0,-0.6666666666666665,-0.3333333333333335,0.5,11.0,2.0,1.0,6.0,0.5,2.0,8.6,7.2,0.0,0.2857142857142857,5.0,0.14285714285714285,5.6,0,18,0.45,57.0,13,11,0,-1,1
2025,13,Spa-Francorchamps,RUS,Mercedes,14.0,13.2,1.0,196.0,3.0,241.0,0.21666666666666667,0.76,5.333333333333333,6.2,137.0,4.0,83.0,0.08823529411764706,0.9166666666666666,0.75,3.3333333333333335,5.6,4.333333333333333,0.6,-1.833333333333333,-3.041666666666667,1.0,10.0,4.0,0.0,7.666666666666667,0.3333333333333333,3.0,3.8,9.4,1.0,0.14285714285714285,8.2,0.2857142857142857,-3.799999999999999,0,18,0.45,57.0,13,11,0,-1,0
2025,13,Spa-Francorchamps,SAI,Williams,8.666666666666666,12.6,12.0,67.0,5.0,370.0,0.31666666666666665,0.64,14.0,13.2,13.0,15.0,207.0,0.3235294117647059,0.5833333333333334,0.0,15.666666666666666,15.2,11.583333333333334,-2.0,0.7083333333333339,1.125,0.25,9.333333333333334,3.0,1.0,5.0,0.3333333333333333,3.0,-3.8666666666666654,13.2,0.0,0.0,13.8,0.0,0.5999999999999996,0,18,0.45,57.0,13,11,0,-1,0
2025,13,Spa-Francorchamps,STR,Aston Martin,11.0,10.8,8.0,32.0,8.0,405.0,0.39655172413793105,0.5416666666666666,12.666666666666666,13.6,16.0,13.0,204.0,0.40625,0.45454545454545453,0.0,17.333333333333332,15.8,16.363636363636363,-2.2,2.8068181818181817,0.7424242424242422,0.36363636363636365,10.333333333333334,9.0,0.0,13.0,0.0,3.0,-3.2666666666666657,10.0,0.0,0.0,12.4,0.0,-0.8000000000000007,0,18,0.45,57.0,13,11,0,-1,0
2025,13,Spa-Francorchamps,TSU,Red Bull Racing,12.666666666666666,11.2,10.0,163.0,4.0,274.0,0.25862068965517243,0.7083333333333334,14.333333333333334,14.6,4.0,18.0,216.0,0.38235294117647056,0.5,0.0,13.666666666666666,14.6,12.5,0.0,4.708333333333333,4.25,0.16666666666666666,13.0,10.0,0.0,16.0,0.0,3.0,-1.5999999999999996,3.0,2.0,0.6666666666666666,1.8,0.0,-8.2,0,18,0.45,57.0,13,11,0,-1,0
2025,13,Spa-Francorchamps,VER,Red Bull Racing,11.0,13.4,10.0,163.0,4.0,274.0,0.25,0.72,8.333333333333334,7.8,159.0,3.0,61.0,0.08823529411764706,0.9166666666666666,0.75,3.3333333333333335,3.6,3.0833333333333335,4.2,-4.708333333333334,-4.249999999999999,0.9166666666666666,2.0,1.0,2.0,1.0,0.0,3.0,-5.8,5.4,1.0,0.5714285714285714,3.0,0.0,-8.0,0,18,0.45,57.0,13,11,0,-1,0
2025,14,Budapest,ALB,Williams,12.0,12.8,8.0,67.0,5.0,413.0,0.3064516129032258,0.6538461538461539,10.333333333333334,14.0,54.0,8.0,191.0,0.25,0.6923076923076923,0.23076923076923078,10.333333333333334,10.4,9.76923076923077,3.6,-1.0384615384615383,-1.5,0.7692307692307693,14.0,11.0,0.0,15.333333333333334,0.6666666666666666,3.0,0.0,15.6,0.0,0.0,16.6,0.6666666666666666,2.799999999999999,0,18,0.45,57.0,14,10,0,-1,0
2025,14,Budapest,ALO,Aston Martin,12.666666666666666,12.2,6.0,32.0,8.0,448.0,0.38333333333333336,0.56,11.0,9.8,16.0,13.0,229.0,0.3055555555555556,0.6153846153846154,0.0,13.0,11.0,11.384615384615385,-1.2,-2.6410256410256405,-0.5705128205128212,0.5833333333333334,9.333333333333334,8.0,0.0,7.0,0.0,3.0,-0.4666666666666668,10.0,0.0,0.0,11.0,0.16666666666666666,-2.1999999999999993,0,18,0.45,57.0,14,10,0,-1,0
2025,14,Budapest,ANT,Mercedes,10.333333333333334,10.4,11.0,206.0,3.0,274.0,0.20967741935483872,0.7692307692307693,17.0,14.4,59.0,7.0,186.0,0.3055555555555556,0.6153846153846154,0.15384615384615385,11.333333333333334,8.8,8.76923076923077,5.6,2.153846153846154,3.2307692307692317,0.0,9.784313725490197,8.509803921568627,0.0,9.49673202614379,0.22875816993464052,0.0,-4.6156862745098035,4.8,0.0,0.5,8.4,0.0,-5.6000000000000005,0,18,0.45,57.0,14,10,0,-1,0
2025,14,Budapest,BEA,Haas F1 Team,13.0,12.0,0.0,29.0,9.0,451.0,0.27419354838709675,0.6923076923076923,11.0,12.2,6.0,17.0,239.0,0.25,0.6923076923076923,0.0,11.666666666666666,12.8,15.538461538461538,-0.6,0.42307692307692335,0.1538461538461533,0.38461538461538464,9.784313725490197,8.509803921568627,0.0,9.49673202614379,0.22875816993464052,0.0,-2.4156862745098024,14.6,0.0,0.0,14.0,0.6666666666666666,2.5999999999999996,0,18,0.45,57.0,14,10,0,-1,0
2025,14,Budapest,BOR,Kick Sauber,8.0,10.2,17.0,43.0,6.0,437.0,0.46774193548387094,0.46153846153846156,11.666666666666666,12.2,6.0,17.0,239.0,0.4722222222222222,0.38461538461538464,0.0,11.666666666666666,12.6,15.0,-0.4,-0.4615384615384617,1.6923076923076934,0.38461538461538464,9.784313725490197,8.509803921568627,0.0,9.49673202614379,0.22875816993464052,0.0,-2.4156862745098024,17.5,0.0,0.0,15.0,1.0,7.300000000000001,0,18,0.45,57.0,14,10,0,-1,0
2025,14,Budapest,COL,Alpine,11.666666666666666,13.6,9.0,19.0,10.0,461.0,0.4032258064516129,0.5384615384615384,18.0,16.4,0.0,20.0,245.0,0.375,0.42857142857142855,0.0,17.0,16.4,16.714285714285715,0.0,2.3186813186813193,1.4285714285714288,0.2857142857142857,9.784313725490197,8.509803921568627,0.0,9.49673202614379,0.22875816993464052,0.0,-6.615686274509802,17.2,0.0,0.0,14.2,0.6666666666666666,3.5999999999999996,0,18,0.45,57.0,14,10,0,-1,0
2025,14,Budapest,GAS,Alpine,15.666666666666666,14.6,1.0,19.0,10.0,461.0,0.421875,0.5185185185185185,9.666666666666666,10.4,19.0,12.0,226.0,0.3055555555555556,0.6153846153846154,0.0,11.0,12.2,12.076923076923077,-1.8,-2.3186813186813193,-1.4285714285714288,0.6923076923076923,17.333333333333332,12.0,0.0,18.0,0.6666666666666666,3.0,6.933333333333332,19.0,0.0,0.0,16.0,0.7142857142857143,4.4,0,18,0.45,57.0,14,10,0,-1,0
2025,14,Budapest,HAD,Racing Bulls,15.666666666666666,14.0,4.0,37.0,7.0,443.0,0.3709677419354839,0.5769230769230769,16.333333333333332,14.4,21.0,11.0,224.0,0.3611111111111111,0.5384615384615384,0.0,11.333333333333334,10.4,9.923076923076923,4.0,-2.115384615384615,-0.5384615384615383,0.7692307692307693,9.784313725490197,8.509803921568627,0.0,9.49673202614379,0.22875816993464052,0.0,-4.6156862745098035,10.272139303482588,0.0,0.15216773276474768,10.337562189054726,0.2507107320540156,-3.7278606965174124,0,18,0.45,57.0,14,10,0,-1,0
2025,14,Budapest,HAM,Ferrari,8.0,6.2,21.0,225.0,2.0,255.0,0.08064516129032258,0.9230769230769231,5.0,5.4,95.0,6.0,150.0,0.08333333333333333,0.9230769230769231,0.38461538461538464,8.333333333333334,7.0,7.6923076923076925,-1.6,1.1153846153846159,0.4615384615384617,0.15384615384615385,3.0,2.0,2.0,4.333333333333333,0.0,3.0,-2.4000000000000004,5.8,0.0,0.0,5.8,0.0,-0.40000000000000036,0,18,0.45,57.0,14,10,0,-1,0
2025,14,Budapest,HUL,Kick Sauber,9.0,9.6,10.0,51.0,6.0,429.0,0.453125,0.48148148148148145,8.0,7.4,37.0,9.0,208.0,0.3611111111111111,0.5384615384615384,0.15384615384615385,17.666666666666668,16.4,15.923076923076923,-9.0,0.4615384615384617,-1.6923076923076916,0.6153846153846154,13.5,13.0,0.0,10.5,1.0,2.0,6.1,13.666666666666666,0.0,0.0,12.333333333333334,0.6666666666666666,4.066666666666666,0,18,0.45,57.0,14,10,0,-1,0
2025,14,Budapest,LAW,Racing Bulls,13.0,15.0,4.0,37.0,7.0,443.0,0.390625,0.5555555555555556,11.0,12.6,16.0,13.0,229.0,0.3055555555555556,0.6153846153846154,0.0,10.333333333333334,12.6,14.153846153846153,0.0,2.115384615384615,0.5384615384615383,0.15384615384615385,9.784313725490197,8.509803921568627,0.0,9.49673202614379,0.22875816993464052,0.0,-2.815686274509803,11.0,0.0,0.0,10.0,1.0,-4.0,0,18,0.45,57.0,14,10,0,-1,0
2025,14,Budapest,LEC,Ferrari,7.333333333333333,8.0,21.0,225.0,2.0,255.0,0.109375,0.8888888888888888,6.666666666666667,5.6,130.0,5.0,115.0,0.08333333333333333,0.9230769230769231,0.6153846153846154,3.6666666666666665,5.2,5.461538461538462,0.4,-1.115384615384615,-0.4615384615384608,0.8461538461538461,5.666666666666667,4.0,0.0,5.0,0.0,3.0,0.06666666666666732,7.4,0.0,0.0,7.8,0.14285714285714285,-0.5999999999999996,0,18,0.45,57.0,14,10,0,-1,0
2025,14,Budapest,NOR,McLaren,1.6666666666666667,1.6,61.0,480.0,1.0,0.0,0.04838709677419355,0.9615384615384616,1.3333333333333333,4.8,235.0,2.0,10.0,0.08333333333333333,0.9230769230769231,0.9230769230769231,1.6666666666666667,2.8,3.3076923076923075,2.0,0.5769230769230766,0.34615384615384626,0.46153846153846156,3.6666666666666665,2.0,2.0,2.6666666666666665,0.0,3.0,-1.1333333333333333,5.0,1.0,0.5,3.8,0.0,3.4,0,18,0.45,57.0,14,10,0,-1,1
2025,14,Budapest,OCO,Haas F1 Team,15.333333333333334,14.0,0.0,29.0,9.0,451.0,0.296875,0.6666666666666666,12.666666666666666,12.6,23.0,10.0,222.0,0.25,0.6923076923076923,0.07692307692307693,14.333333333333334,15.0,14.692307692307692,-2.4,-0.42307692307692335,-0.1538461538461533,0.6153846153846154,15.333333333333334,9.0,0.0,12.0,0.6666666666666666,3.0,2.7333333333333343,15.8,0.0,0.0,13.2,0.7142857142857143,1.8000000000000007,0,18,0.45,57.0,14,10,0,-1,0
2025,14,Budapest,PIA,McLaren,1.3333333333333333,1.4,68.0,505.0,1.0,-25.0,0.046875,0.9629629629629629,1.6666666666666667,2.0,245.0,1.0,0.0,0.027777777777777776,1.0,0.9230769230769231,2.3333333333333335,2.2,2.1538461538461537,-0.2,-0.5769230769230771,-0.3461538461538458,0.5384615384615384,3.0,1.0,1.0,3.0,0.0,2.0,1.0,2.2,2.0,0.5714285714285714,2.6,0.0,0.8000000000000003,0,18,0.45,57.0,14,10,0,-1,0
2025,14,Budapest,RUS,Mercedes,10.333333333333334,11.4,11.0,207.0,3.0,273.0,0.234375,0.7407407407407407,6.666666666666667,5.0,147.0,4.0,98.0,0.08333333333333333,0.9230769230769231,0.7692307692307693,5.0,4.0,4.461538461538462,1.0,-2.153846153846154,-3.23076923076923,1.0,5.666666666666667,3.0,1.0,12.0,0.0,3.0,0.666666666666667,6.2,0.0,0.42857142857142855,11.2,0.14285714285714285,-5.2,0,18,0.45,57.0,14,10,0,-1,0
2025,14,Budapest,SAI,Williams,13.0,11.8,8.0,67.0,5.0,413.0,0.328125,0.6296296296296297,16.666666666666668,14.8,13.0,16.0,232.0,0.3055555555555556,0.6153846153846154,0.0,15.0,16.0,11.846153846153847,-1.2,1.0384615384615383,1.5,0.23076923076923078,6.0,4.0,0.0,5.666666666666667,0.0,3.0,-8.8,15.0,0.0,0.0,16.6,0.7142857142857143,3.1999999999999993,0,18,0.45,57.0,14,10,0,-1,0
2025,14,Budapest,STR,Aston Martin,12.0,10.4,10.0,42.0,8.0,438.0,0.3709677419354839,0.5769230769230769,11.666666666666666,13.4,16.0,13.0,229.0,0.38235294117647056,0.5,0.0,18.0,18.2,16.666666666666668,-4.8,2.6410256410256423,0.5705128205128212,0.4166666666666667,10.333333333333334,10.0,0.0,12.0,0.3333333333333333,3.0,-3.0666666666666664,9.0,0.0,0.0,8.4,0.14285714285714285,-1.4000000000000004,0,18,0.45,57.0,14,10,0,-1,0
2025,14,Budapest,TSU,Red Bull Racing,7.333333333333333,11.0,22.0,175.0,4.0,305.0,0.24193548387096775,0.7307692307692307,14.666666666666666,13.8,4.0,19.0,241.0,0.3611111111111111,0.5384615384615384,0.0,12.333333333333334,13.6,12.076923076923077,0.2,4.461538461538462,4.26923076923077,0.15384615384615385,14.333333333333334,9.0,0.0,14.333333333333334,0.3333333333333333,3.0,0.5333333333333332,3.4,2.0,0.5,8.0,0.0,-7.6,0,18,0.45,57.0,14,10,0,-1,0
2025,14,Budapest,VER,Red Bull Racing,11.333333333333334,10.8,12.0,175.0,4.0,305.0,0.265625,0.7037037037037037,9.0,7.8,171.0,3.0,74.0,0.08333333333333333,0.9230769230769231,0.7692307692307693,4.0,3.4,3.1538461538461537,4.4,-4.461538461538462,-4.269230769230769,0.9230769230769231,2.3333333333333335,1.0,2.0,5.0,0.0,3.0,-5.466666666666667,6.6,1.0,0.42857142857142855,9.2,0.14285714285714285,-4.200000000000001,0,18,0.45,57.0,14,10,0,-1,0
2025,15,Zandvoort,ALB,Williams,15.666666666666666,13.0,0.0,67.0,5.0,456.0,0.3484848484848485,0.6071428571428571,9.666666666666666,13.2,54.0,8.0,209.0,0.2894736842105263,0.6428571428571429,0.21428571428571427,13.0,12.2,10.5,1.0,-0.7142857142857153,-1.3571428571428559,0.7142857142857143,11.333333333333334,8.0,0.0,9.666666666666666,0.3333333333333333,3.0,-1.8666666666666654,15.2,0.0,0.0,12.8,0.5,2.1999999999999993,0,18,0.45,57.0,15,9,0,-1,0
2025,15,Zandvoort,ALO,Aston Martin,8.666666666666666,10.0,16.0,48.0,7.0,475.0,0.359375,0.5925925925925926,10.333333333333334,9.0,26.0,10.0,237.0,0.2894736842105263,0.6428571428571429,0.07142857142857142,11.0,10.0,10.928571428571429,-1.0,-2.45879120879121,-0.5824175824175839,0.6153846153846154,6.0,2.0,1.0,8.333333333333334,0.3333333333333333,3.0,-3.0,10.0,0.0,0.16666666666666666,10.0,0.3333333333333333,0.0,0,18,0.45,57.0,15,9,0,-1,0
2025,15,Zandvoort,ANT,Mercedes,6.0,8.8,26.0,222.0,3.0,301.0,0.22727272727272727,0.75,14.0,12.8,60.0,7.0,203.0,0.34210526315789475,0.5714285714285714,0.14285714285714285,13.333333333333334,10.6,9.214285714285714,2.2,2.3928571428571423,3.25,0.0,9.594771241830065,8.137254901960784,0.0,9.457516339869281,0.16013071895424835,0.0,-3.2052287581699357,8.0,0.0,0.16666666666666666,7.4,0.0,-0.8000000000000007,0,18,0.45,57.0,15,9,0,-1,0
2025,15,Zandvoort,BEA,Haas F1 Team,17.0,15.0,0.0,29.0,9.0,494.0,0.3181818181818182,0.6428571428571429,14.0,12.8,6.0,18.0,257.0,0.2894736842105263,0.6428571428571429,0.0,10.333333333333334,12.0,15.214285714285714,0.8,0.14285714285714235,0.2857142857142847,0.35714285714285715,9.594771241830065,8.137254901960784,0.0,9.457516339869281,0.16013071895424835,0.0,-3.2052287581699357,14.0,0.0,0.0,13.6,0.3333333333333333,-1.0,0,18,0.45,57.0,15,9,0,-1,0
2025,15,Zandvoort,BOR,Kick Sauber,10.333333333333334,8.6,8.0,51.0,6.0,472.0,0.4696969696969697,0.4642857142857143,11.0,11.0,14.0,16.0,249.0,0.4473684210526316,0.42857142857142855,0.0,11.333333333333334,11.6,14.428571428571429,-0.6,-0.8571428571428559,1.3214285714285712,0.42857142857142855,9.594771241830065,8.137254901960784,0.0,9.457516339869281,0.16013071895424835,0.0,-1.405228758169935,19.5,0.0,0.0,17.5,1.0,10.9,0,18,0.45,57.0,15,9,0,-1,0
2025,15,Zandvoort,COL,Alpine,15.666666666666666,14.4,1.0,19.0,10.0,504.0,0.4393939393939394,0.5,19.0,17.0,0.0,20.0,263.0,0.4230769230769231,0.375,0.0,17.0,15.4,16.375,1.6,1.9732142857142847,1.3482142857142847,0.375,9.594771241830065,8.137254901960784,0.0,9.457516339869281,0.16013071895424835,0.0,-7.405228758169935,9.2,0.0,0.16666666666666666,13.2,0.3333333333333333,-5.200000000000001,0,18,0.45,57.0,15,9,0,-1,0
2025,15,Zandvoort,GAS,Alpine,16.0,15.4,0.0,19.0,10.0,504.0,0.4264705882352941,0.5172413793103449,11.666666666666666,12.6,19.0,15.0,244.0,0.34210526315789475,0.5714285714285714,0.0,13.333333333333334,14.0,12.428571428571429,-1.4,-1.9732142857142865,-1.3482142857142865,0.6428571428571429,7.666666666666667,3.0,1.0,10.666666666666666,0.3333333333333333,3.0,-4.933333333333333,9.6,0.0,0.14285714285714285,14.0,0.2857142857142857,-5.800000000000001,0,18,0.45,57.0,15,9,0,-1,0
2025,15,Zandvoort,HAD,Racing Bulls,9.0,13.2,8.0,41.0,8.0,482.0,0.3787878787878788,0.5714285714285714,16.0,15.2,21.0,13.0,242.0,0.39473684210526316,0.5,0.0,10.333333333333334,10.6,9.928571428571429,4.6,-1.9285714285714288,-0.3928571428571441,0.7142857142857143,9.594771241830065,8.137254901960784,0.0,9.457516339869281,0.16013071895424835,0.0,-5.605228758169934,9.91542288557214,0.0,0.16496090973702915,10.093781094527364,0.1753375977256574,-3.2845771144278597,0,18,0.45,57.0,15,9,0,-1,0
2025,15,Zandvoort,HAM,Ferrari,6.333333333333333,8.0,27.0,237.0,2.0,286.0,0.10606060606060606,0.8928571428571429,7.666666666666667,6.6,95.0,6.0,168.0,0.13157894736842105,0.8571428571428571,0.35714285714285715,11.0,8.4,8.0,-1.8,1.4285714285714288,0.7142857142857144,0.14285714285714285,6.0,4.0,0.0,9.333333333333334,0.0,3.0,-0.5999999999999996,8.0,0.0,0.3333333333333333,6.8,0.16666666666666666,0.0,0,18,0.45,57.0,15,9,0,-1,0
2025,15,Zandvoort,HUL,Kick Sauber,11.333333333333334,11.0,8.0,51.0,6.0,472.0,0.45588235294117646,0.4827586206896552,9.333333333333334,9.0,37.0,9.0,226.0,0.39473684210526316,0.5,0.14285714285714285,17.333333333333332,17.0,16.142857142857142,-8.0,0.8571428571428577,-1.3214285714285712,0.5714285714285714,11.5,11.0,0.0,14.0,0.5,2.0,2.5,18.0,0.0,0.0,16.0,0.6666666666666666,7.0,0,18,0.45,57.0,15,9,0,-1,0
2025,15,Zandvoort,LAW,Racing Bulls,7.333333333333333,10.0,19.0,56.0,8.0,467.0,0.36764705882352944,0.5862068965517241,11.666666666666666,12.0,20.0,14.0,243.0,0.2894736842105263,0.6428571428571429,0.0,11.333333333333334,11.8,13.785714285714286,0.2,1.9285714285714288,0.39285714285714235,0.21428571428571427,13.0,13.0,0.0,20.0,0.0,1.0,1.0,3.0,0.0,1.0,4.0,0.0,-7.0,0,18,0.45,57.0,15,9,0,-1,0
2025,15,Zandvoort,LEC,Ferrari,12.0,9.2,12.0,237.0,2.0,286.0,0.1323529411764706,0.8620689655172413,7.0,5.8,142.0,5.0,121.0,0.07894736842105263,0.9285714285714286,0.6428571428571429,3.3333333333333335,4.0,5.142857142857143,1.8,-1.428571428571428,-0.7142857142857144,0.8571428571428571,8.333333333333334,3.0,2.0,5.666666666666667,0.3333333333333333,3.0,2.533333333333334,10.4,0.0,0.2857142857142857,7.6,0.2857142857142857,1.200000000000001,0,18,0.45,57.0,15,9,0,-1,0
2025,15,Zandvoort,NOR,McLaren,1.3333333333333333,1.6,68.0,523.0,1.0,0.0,0.045454545454545456,0.9642857142857143,1.3333333333333333,4.6,260.0,2.0,3.0,0.07894736842105263,0.9285714285714286,0.9285714285714286,2.3333333333333335,3.0,3.2857142857142856,1.6,0.5714285714285712,0.2857142857142856,0.5,5.0,1.0,1.0,3.3333333333333335,0.0,3.0,0.40000000000000036,7.6,1.0,0.16666666666666666,6.2,0.0,6.0,0,18,0.45,57.0,15,9,0,-1,0
2025,15,Zandvoort,OCO,Haas F1 Team,14.0,13.6,8.0,37.0,9.0,486.0,0.3088235294117647,0.6551724137931034,14.666666666666666,12.6,23.0,11.0,240.0,0.2894736842105263,0.6428571428571429,0.07142857142857142,14.666666666666666,15.2,14.928571428571429,-2.6,-0.14285714285714235,-0.2857142857142865,0.6428571428571429,11.333333333333334,9.0,0.0,15.0,0.3333333333333333,3.0,-1.2666666666666657,12.6,0.0,0.0,15.8,0.2857142857142857,-1.0,0,18,0.45,57.0,15,9,0,-1,0
2025,15,Zandvoort,PIA,McLaren,7.0,4.8,43.0,523.0,1.0,0.0,0.07352941176470588,0.9310344827586207,1.6666666666666667,2.2,263.0,1.0,0.0,0.02631578947368421,1.0,0.9285714285714286,2.0,2.4,2.142857142857143,-0.2,-0.5714285714285716,-0.28571428571428603,0.5,6.5,4.0,0.0,5.5,0.0,2.0,4.3,7.8,1.0,0.14285714285714285,3.2,0.14285714285714285,3.0,0,18,0.45,57.0,15,9,0,-1,1
2025,15,Zandvoort,RUS,Mercedes,9.666666666666666,10.0,16.0,222.0,3.0,301.0,0.22058823529411764,0.7586206896551724,6.0,4.8,162.0,4.0,101.0,0.07894736842105263,0.9285714285714286,0.7857142857142857,4.666666666666667,4.0,4.428571428571429,0.8,-2.3928571428571423,-3.250000000000001,1.0,8.666666666666666,2.0,1.0,4.333333333333333,0.0,3.0,3.8666666666666663,10.8,0.0,0.14285714285714285,8.4,0.0,0.8000000000000007,0,18,0.45,57.0,15,9,0,-1,0
2025,15,Zandvoort,SAI,Williams,11.333333333333334,11.6,10.0,77.0,5.0,446.0,0.3382352941176471,0.6206896551724138,14.666666666666666,14.8,13.0,17.0,250.0,0.34210526315789475,0.5714285714285714,0.0,13.0,15.0,11.928571428571429,-0.2,0.7142857142857135,1.3571428571428577,0.2857142857142857,6.0,5.0,0.0,6.333333333333333,0.0,3.0,-8.8,12.6,0.0,0.0,11.8,0.42857142857142855,1.0,0,18,0.45,57.0,15,9,0,-1,0
2025,15,Zandvoort,STR,Aston Martin,6.666666666666667,10.2,20.0,52.0,7.0,471.0,0.3484848484848485,0.6071428571428571,9.333333333333334,11.8,22.0,12.0,241.0,0.3611111111111111,0.5384615384615384,0.0,14.666666666666666,15.6,15.846153846153847,-3.8,2.458791208791208,0.5824175824175821,0.38461538461538464,11.333333333333334,10.0,0.0,9.666666666666666,0.3333333333333333,3.0,-0.4666666666666668,8.8,0.0,0.14285714285714285,8.2,0.2857142857142857,-1.3999999999999986,0,18,0.45,57.0,15,9,0,-1,0
2025,15,Zandvoort,TSU,Red Bull Racing,10.0,9.6,14.0,177.0,4.0,346.0,0.25757575757575757,0.7142857142857143,15.0,14.6,4.0,19.0,259.0,0.39473684210526316,0.5,0.0,11.666666666666666,12.8,12.357142857142858,1.8,4.428571428571429,4.25,0.14285714285714285,17.333333333333332,15.0,0.0,11.666666666666666,0.6666666666666666,3.0,2.7333333333333325,2.8,2.0,0.5,3.2,0.0,-6.8,0,18,0.45,57.0,15,9,0,-1,0
2025,15,Zandvoort,VER,Red Bull Racing,11.666666666666666,10.4,4.0,179.0,4.0,344.0,0.25,0.7241379310344828,6.0,7.6,173.0,3.0,90.0,0.07894736842105263,0.9285714285714286,0.7142857142857143,4.333333333333333,4.4,3.5,3.2,-4.428571428571429,-4.249999999999999,0.9285714285714286,1.3333333333333333,1.0,3.0,1.3333333333333333,0.0,3.0,-6.266666666666667,4.4,1.0,0.42857142857142855,5.4,0.0,-6.0,0,18,0.45,57.0,15,9,0,-1,0
2025,16,Monza,ALB,Williams,10.666666666666666,13.0,10.0,77.0,5.0,471.0,0.32857142857142857,0.6333333333333333,8.666666666666666,10.2,64.0,7.0,224.0,0.275,0.6666666666666666,0.26666666666666666,13.333333333333334,13.2,10.8,-3.0,-0.466666666666665,-1.5333333333333332,0.7333333333333333,8.0,7.0,0.0,7.5,0.0,2.0,-2.1999999999999993,11.2,0.0,0.0,12.8,0.0,-1.8000000000000007,0,18,0.45,57.0,16,8,0,-1,0
2025,16,Monza,ALO,Aston Martin,7.333333333333333,8.2,16.0,58.0,6.0,490.0,0.3382352941176471,0.6206896551724138,10.0,9.2,30.0,11.0,258.0,0.275,0.6666666666666666,0.06666666666666667,11.333333333333334,10.8,10.866666666666667,-1.6,-2.6380952380952376,-0.49523809523809526,0.5714285714285714,13.0,9.0,0.0,10.333333333333334,0.3333333333333333,3.0,3.8000000000000007,15.0,0.0,0.0,15.0,0.5,6.800000000000001,0,18,0.45,57.0,16,8,0,-1,0
2025,16,Monza,ANT,Mercedes,7.666666666666667,7.6,27.0,234.0,3.0,314.0,0.21428571428571427,0.7666666666666667,14.0,15.4,60.0,8.0,228.0,0.325,0.6,0.13333333333333333,14.666666666666666,12.0,9.333333333333334,3.4,2.4333333333333336,3.4333333333333336,0.0,9.79,8.6,0.0,9.326666666666666,0.2033333333333333,0.0,-5.610000000000001,5.2,0.0,0.16666666666666666,5.4,0.0,-2.3999999999999995,0,18,0.45,57.0,16,8,0,-1,0
2025,16,Monza,BEA,Haas F1 Team,10.666666666666666,13.4,9.0,38.0,9.0,510.0,0.3,0.6666666666666666,12.333333333333334,11.8,14.0,16.0,274.0,0.275,0.6666666666666666,0.0,14.0,13.0,15.466666666666667,-1.2,0.16666666666666607,0.13333333333333286,0.4,9.79,8.6,0.0,9.326666666666666,0.2033333333333333,0.0,-2.0100000000000016,14.8,0.0,0.0,15.0,0.5,1.4000000000000004,0,18,0.45,57.0,16,8,0,-1,0
2025,16,Monza,BOR,Kick Sauber,14.0,12.0,0.0,51.0,8.0,497.0,0.44285714285714284,0.5,10.0,11.2,14.0,16.0,274.0,0.425,0.4666666666666667,0.0,10.0,11.0,14.333333333333334,0.2,-0.9333333333333318,1.2666666666666675,0.4,9.79,8.6,0.0,9.326666666666666,0.2033333333333333,0.0,-1.4100000000000001,17.0,0.0,0.0,19.5,1.0,5.0,0,18,0.45,57.0,16,8,0,-1,0
2025,16,Monza,COL,Alpine,15.666666666666666,15.0,0.0,19.0,10.0,529.0,0.4142857142857143,0.5333333333333333,16.0,16.6,0.0,20.0,288.0,0.39285714285714285,0.4444444444444444,0.0,15.666666666666666,16.2,16.333333333333332,0.4,1.8999999999999986,0.9444444444444446,0.4444444444444444,12.0,12.0,0.0,18.0,0.0,1.0,-4.600000000000001,14.8,0.0,0.0,15.0,0.6666666666666666,-0.1999999999999993,0,18,0.45,57.0,16,8,0,-1,0
2025,16,Monza,GAS,Alpine,15.0,16.4,0.0,19.0,10.0,529.0,0.4305555555555556,0.5161290322580645,15.333333333333334,13.0,19.0,15.0,269.0,0.325,0.6,0.0,14.666666666666666,12.8,12.533333333333333,0.2,-1.9000000000000004,-0.9444444444444446,0.6,12.666666666666666,8.0,0.0,13.333333333333334,0.3333333333333333,3.0,-0.3333333333333339,16.0,0.0,0.0,16.4,0.7142857142857143,-0.3999999999999986,0,18,0.45,57.0,16,8,0,-1,0
2025,16,Monza,HAD,Racing Bulls,7.666666666666667,8.4,19.0,56.0,7.0,492.0,0.35714285714285715,0.6,11.333333333333334,12.6,36.0,10.0,252.0,0.375,0.5333333333333333,0.06666666666666667,7.333333333333333,9.6,9.533333333333333,3.0,-1.9333333333333336,-0.6666666666666661,0.7333333333333333,9.79,8.6,0.0,9.326666666666666,0.2033333333333333,0.0,-2.8100000000000005,10.272636815920398,0.0,0.14719260838663825,10.36641791044776,0.23244491826581376,1.8726368159203979,0,18,0.45,57.0,16,8,0,-1,0
2025,16,Monza,HAM,Ferrari,14.333333333333334,11.6,12.0,237.0,2.0,311.0,0.15714285714285714,0.8333333333333334,13.0,9.4,95.0,6.0,193.0,0.175,0.8,0.3333333333333333,11.666666666666666,8.8,7.933333333333334,0.6,1.3666666666666671,0.7000000000000011,0.13333333333333333,5.333333333333333,5.0,0.0,6.333333333333333,0.0,3.0,-4.066666666666667,3.2,1.0,0.5,3.2,0.0,-8.399999999999999,0,18,0.45,57.0,16,8,0,-1,0
2025,16,Monza,HUL,Kick Sauber,12.333333333333334,11.2,4.0,55.0,8.0,493.0,0.4305555555555556,0.5161290322580645,13.0,10.2,37.0,9.0,251.0,0.375,0.5333333333333333,0.13333333333333333,16.666666666666668,17.8,16.2,-7.6,0.9333333333333336,-1.2666666666666657,0.6,17.0,17.0,0.0,11.5,1.0,2.0,6.800000000000001,14.0,0.0,0.0,15.666666666666666,0.6666666666666666,2.8000000000000007,0,18,0.45,57.0,16,8,0,-1,0
2025,16,Monza,LAW,Racing Bulls,8.333333333333334,8.8,16.0,57.0,7.0,491.0,0.3472222222222222,0.6129032258064516,9.333333333333334,10.6,20.0,14.0,268.0,0.275,0.6666666666666666,0.0,8.666666666666666,9.6,13.4,1.0,1.9333333333333336,0.6666666666666679,0.2,11.0,11.0,0.0,12.0,0.0,1.0,0.40000000000000036,10.0,0.0,0.0,16.0,0.0,1.1999999999999993,0,18,0.45,57.0,16,8,0,-1,0
2025,16,Monza,LEC,Ferrari,15.0,12.2,8.0,245.0,2.0,303.0,0.1527777777777778,0.8387096774193549,8.666666666666666,8.6,142.0,5.0,146.0,0.125,0.8666666666666667,0.6,3.3333333333333335,3.6,5.2,5.0,-1.3666666666666663,-0.7000000000000002,0.8666666666666667,2.3333333333333335,1.0,2.0,2.6666666666666665,0.0,3.0,-6.266666666666666,3.6,1.0,0.42857142857142855,3.6,0.0,-8.6,0,18,0.45,57.0,16,8,0,-1,0
2025,16,Monza,NOR,McLaren,7.0,4.6,43.0,548.0,1.0,0.0,0.07142857142857142,0.9333333333333333,7.0,4.6,260.0,2.0,28.0,0.125,0.8666666666666667,0.8666666666666667,2.0,2.0,3.2,2.6,0.5666666666666664,0.833333333333333,0.4666666666666667,6.0,3.0,1.0,5.666666666666667,0.0,3.0,1.4000000000000004,8.4,0.0,0.3333333333333333,5.4,0.16666666666666666,3.8000000000000007,0,18,0.45,57.0,16,8,0,-1,0
2025,16,Monza,OCO,Haas F1 Team,9.333333333333334,12.8,9.0,38.0,9.0,510.0,0.2916666666666667,0.6774193548387096,13.666666666666666,12.8,24.0,13.0,264.0,0.275,0.6666666666666666,0.06666666666666667,15.666666666666666,15.8,15.133333333333333,-3.0,-0.16666666666666785,-0.13333333333333286,0.6,14.666666666666666,11.0,0.0,14.666666666666666,0.6666666666666666,3.0,1.8666666666666654,14.8,0.0,0.0,13.2,0.42857142857142855,2.0,0,18,0.45,57.0,16,8,0,-1,0
2025,16,Monza,PIA,McLaren,7.0,4.8,43.0,566.0,1.0,-18.0,0.06944444444444445,0.9354838709677419,1.3333333333333333,1.6,288.0,1.0,0.0,0.025,1.0,0.9333333333333333,1.6666666666666667,2.0,2.066666666666667,-0.4,-0.5666666666666669,-0.8333333333333335,0.5333333333333333,7.0,2.0,1.0,4.5,0.0,2.0,5.4,5.4,0.0,0.42857142857142855,4.2,0.14285714285714285,0.6000000000000005,0,18,0.45,57.0,16,8,0,-1,0
2025,16,Monza,RUS,Mercedes,9.666666666666666,8.4,14.0,236.0,3.0,312.0,0.20833333333333334,0.7741935483870968,4.0,5.4,174.0,4.0,114.0,0.075,0.9333333333333333,0.8,5.0,4.8,4.466666666666667,0.6,-2.4333333333333336,-3.4333333333333327,1.0,5.0,3.0,1.0,4.333333333333333,0.0,3.0,-0.40000000000000036,6.4,0.0,0.14285714285714285,5.6,0.0,-2.0,0,18,0.45,57.0,16,8,0,-1,0
2025,16,Monza,SAI,Williams,8.333333333333334,10.8,16.0,83.0,5.0,465.0,0.3194444444444444,0.6451612903225806,15.0,15.4,13.0,18.0,275.0,0.325,0.6,0.0,12.333333333333334,13.4,11.733333333333333,2.0,0.4666666666666668,1.5333333333333332,0.26666666666666666,3.6666666666666665,3.0,1.0,3.0,0.0,3.0,-11.733333333333334,9.6,0.0,0.0,12.4,0.0,-1.200000000000001,0,18,0.45,57.0,16,8,0,-1,0
2025,16,Monza,STR,Aston Martin,11.333333333333334,9.2,10.0,58.0,6.0,490.0,0.35714285714285715,0.6,9.333333333333334,9.8,28.0,12.0,260.0,0.34210526315789475,0.5714285714285714,0.0,15.333333333333334,16.0,16.142857142857142,-6.2,2.6380952380952376,0.49523809523809526,0.42857142857142855,17.666666666666668,16.0,0.0,18.333333333333332,0.6666666666666666,3.0,7.866666666666667,14.8,0.0,0.0,13.4,0.5714285714285714,5.600000000000001,0,18,0.45,57.0,16,8,0,-1,0
2025,16,Monza,TSU,Red Bull Racing,6.666666666666667,8.2,22.0,197.0,4.0,351.0,0.24285714285714285,0.7333333333333333,13.0,14.0,6.0,19.0,282.0,0.375,0.5333333333333333,0.0,11.666666666666666,13.0,12.333333333333334,1.0,4.433333333333334,4.200000000000001,0.13333333333333333,18.0,14.0,0.0,14.0,0.6666666666666666,3.0,4.0,3.6,2.0,0.5,4.8,0.0,-4.6,0,18,0.45,57.0,16,8,0,-1,0
2025,16,Monza,VER,Red Bull Racing,8.0,10.0,20.0,197.0,4.0,351.0,0.2361111111111111,0.7419354838709677,5.0,7.6,191.0,3.0,97.0,0.075,0.9333333333333333,0.7333333333333333,5.0,4.6,3.466666666666667,3.0,-4.433333333333334,-4.199999999999999,0.9333333333333333,2.6666666666666665,1.0,2.0,3.6666666666666665,0.0,3.0,-4.933333333333334,6.0,1.0,0.42857142857142855,6.4,0.0,-4.0,0,18,0.45,57.0,16,8,0,-1,1
2025,17,Baku,ALB,Williams,10.333333333333334,10.0,6.0,83.0,5.0,498.0,0.3108108108108108,0.65625,9.0,8.2,70.0,7.0,233.0,0.2619047619047619,0.6875,0.25,16.333333333333332,13.6,11.0,-5.4,-0.40625,-1.5625,0.75,10.333333333333334,7.0,0.0,13.333333333333334,0.0,3.0,2.1333333333333346,11.6,0.0,0.0,13.0,0.0,1.5999999999999996,1,18,0.45,57.0,17,7,0,-1,0
2025,17,Baku,ALO,Aston Martin,14.666666666666666,11.8,6.0,58.0,6.0,523.0,0.375,0.5806451612903226,10.666666666666666,11.6,30.0,11.0,273.0,0.30952380952380953,0.625,0.0625,8.0,10.4,10.75,1.2,-2.7249999999999996,-0.44374999999999964,0.5333333333333333,5.666666666666667,4.0,0.0,8.0,0.0,3.0,-5.933333333333333,8.4,0.0,0.0,9.2,0.3333333333333333,-3.4000000000000004,1,18,0.45,57.0,17,7,0,-1,0
2025,17,Baku,ANT,Mercedes,6.0,7.4,24.0,246.0,3.0,335.0,0.20270270270270271,0.78125,11.666666666666666,13.4,62.0,8.0,241.0,0.30952380952380953,0.625,0.125,11.0,11.6,9.1875,1.8,2.3125,3.34375,0.0,9.876666666666667,7.96,0.0,9.383333333333333,0.2366666666666667,0.0,-3.5233333333333334,5.8,0.0,0.3333333333333333,6.6,0.0,-1.6000000000000005,1,18,0.45,57.0,17,7,0,-1,0
2025,17,Baku,BEA,Haas F1 Team,12.333333333333334,11.8,1.0,38.0,9.0,543.0,0.3108108108108108,0.65625,12.666666666666666,12.0,14.0,17.0,289.0,0.2619047619047619,0.6875,0.0,13.666666666666666,12.2,15.1875,-0.2,0.03125,0.03125,0.4375,10.0,10.0,0.0,11.0,0.0,1.0,-2.0,13.0,0.0,0.0,15.8,0.3333333333333333,1.1999999999999993,1,18,0.45,57.0,17,7,0,-1,0
2025,17,Baku,BOR,Kick Sauber,14.0,14.0,4.0,55.0,8.0,526.0,0.44594594594594594,0.5,9.666666666666666,11.2,18.0,16.0,285.0,0.40476190476190477,0.5,0.0,9.333333333333334,11.0,13.9375,0.2,-1.0,0.8125,0.4375,9.876666666666667,7.96,0.0,9.383333333333333,0.2366666666666667,0.0,-1.3233333333333324,15.0,0.0,0.0,17.5,0.5,1.0,1,18,0.45,57.0,17,7,0,-1,0
2025,17,Baku,COL,Alpine,16.666666666666668,16.0,0.0,19.0,10.0,562.0,0.44594594594594594,0.5,15.333333333333334,17.0,0.0,20.0,303.0,0.43333333333333335,0.4,0.0,16.0,17.0,16.5,0.0,1.78125,0.9437499999999996,0.4,8.0,8.0,0.0,9.0,0.0,1.0,-9.0,13.2,0.0,0.0,15.6,0.16666666666666666,-2.8000000000000007,1,18,0.45,57.0,17,7,0,-1,0
2025,17,Baku,GAS,Alpine,17.333333333333332,16.0,0.0,19.0,10.0,562.0,0.4605263157894737,0.48484848484848486,17.333333333333332,13.6,19.0,15.0,284.0,0.35714285714285715,0.5625,0.0,16.666666666666668,14.6,12.9375,-1.0,-1.78125,-0.9437499999999996,0.625,10.333333333333334,5.0,0.0,13.333333333333334,0.0,3.0,-3.2666666666666657,15.0,0.0,0.0,16.2,0.2857142857142857,-1.0,1,18,0.45,57.0,17,7,0,-1,0
2025,17,Baku,HAD,Racing Bulls,12.0,9.4,1.0,57.0,7.0,524.0,0.33783783783783783,0.625,8.0,12.2,37.0,9.0,266.0,0.35714285714285715,0.5625,0.0625,10.0,10.2,9.9375,2.0,-1.9375,-0.75,0.75,9.876666666666667,7.96,0.0,9.383333333333333,0.2366666666666667,0.0,-2.3233333333333324,10.128855721393034,0.0,0.14705046197583513,10.421641791044776,0.22953091684434968,0.7288557213930336,1,18,0.45,57.0,17,7,0,-1,0
2025,17,Baku,HAM,Ferrari,9.666666666666666,10.6,20.0,257.0,2.0,324.0,0.14864864864864866,0.84375,12.666666666666666,9.8,103.0,6.0,200.0,0.16666666666666666,0.8125,0.3125,8.0,9.0,7.75,0.8,1.3125,0.71875,0.125,6.333333333333333,4.0,0.0,6.333333333333333,0.0,3.0,-3.4666666666666677,9.6,0.0,0.3333333333333333,2.6,0.5,-1.0,1,18,0.45,57.0,17,7,0,-1,0
2025,17,Baku,HUL,Kick Sauber,13.0,13.6,4.0,55.0,8.0,526.0,0.4342105263157895,0.5151515151515151,15.666666666666666,12.4,37.0,9.0,266.0,0.40476190476190477,0.5,0.125,16.0,16.2,15.9375,-3.8,1.0,-0.8125,0.5625,14.0,11.0,0.0,15.0,0.5,2.0,1.5999999999999996,13.666666666666666,0.0,0.0,16.0,0.3333333333333333,0.06666666666666643,1,18,0.45,57.0,17,7,0,-1,0
2025,17,Baku,LAW,Racing Bulls,11.333333333333334,9.8,2.0,58.0,7.0,523.0,0.32894736842105265,0.6363636363636364,11.333333333333334,12.2,20.0,14.0,283.0,0.2619047619047619,0.6875,0.0,12.333333333333334,12.4,13.8125,-0.2,1.9375,0.75,0.1875,9.876666666666667,7.96,0.0,9.383333333333333,0.2366666666666667,0.0,-2.3233333333333324,10.0,0.0,0.0,8.0,0.0,0.1999999999999993,1,18,0.45,57.0,17,7,0,-1,0
2025,17,Baku,LEC,Ferrari,6.0,11.4,24.0,261.0,2.0,320.0,0.14473684210526316,0.8484848484848485,9.0,8.8,154.0,5.0,149.0,0.11904761904761904,0.875,0.625,3.6666666666666665,4.0,5.125,4.8,-1.3125,-0.71875,0.875,8.0,2.0,2.0,1.0,0.3333333333333333,3.0,-0.8000000000000007,7.2,0.0,0.2857142857142857,4.2,0.42857142857142855,-4.2,1,18,0.45,57.0,17,7,0,-1,0
2025,17,Baku,NOR,McLaren,2.0,5.2,58.0,581.0,1.0,0.0,0.06756756756756757,0.9375,7.0,4.8,278.0,2.0,25.0,0.11904761904761904,0.875,0.875,2.3333333333333335,2.2,3.125,2.6,0.5,0.75,0.5,7.333333333333333,4.0,0.0,11.333333333333334,0.0,3.0,2.533333333333333,6.6,1.0,0.16666666666666666,9.4,0.0,1.3999999999999995,1,18,0.45,57.0,17,7,0,-1,0
2025,17,Baku,OCO,Haas F1 Team,13.0,11.0,0.0,38.0,9.0,543.0,0.3026315789473684,0.6666666666666666,13.666666666666666,13.8,24.0,13.0,279.0,0.30952380952380953,0.625,0.0625,17.0,15.4,15.125,-1.6,-0.03125,-0.03125,0.5625,13.333333333333334,10.0,0.0,14.666666666666666,0.3333333333333333,3.0,-0.4666666666666668,12.6,0.0,0.0,14.8,0.2857142857142857,1.5999999999999996,1,18,0.45,57.0,17,7,0,-1,0
2025,17,Baku,PIA,McLaren,4.0,6.2,39.0,587.0,1.0,-6.0,0.06578947368421052,0.9393939393939394,2.0,1.8,303.0,1.0,0.0,0.023809523809523808,1.0,0.9375,2.0,2.0,2.125,-0.2,-0.5,-0.75,0.5,6.0,1.0,1.0,6.0,0.0,2.0,4.2,6.4,1.0,0.14285714285714285,8.4,0.0,0.20000000000000018,1,18,0.45,57.0,17,7,0,-1,0
2025,17,Baku,RUS,Mercedes,6.0,7.6,24.0,258.0,3.0,323.0,0.19736842105263158,0.7878787878787878,4.0,5.4,184.0,4.0,119.0,0.07142857142857142,0.9375,0.8125,5.0,5.0,4.5625,0.4,-2.3125,-3.34375,1.0,4.666666666666667,3.0,2.0,7.0,0.0,3.0,-0.7333333333333334,6.0,0.0,0.2857142857142857,6.4,0.0,-1.5999999999999996,1,18,0.45,57.0,17,7,0,-1,0
2025,17,Baku,SAI,Williams,10.333333333333334,9.8,6.0,83.0,5.0,498.0,0.3026315789473684,0.6666666666666666,12.666666666666666,13.6,13.0,18.0,290.0,0.30952380952380953,0.625,0.0,11.666666666666666,12.2,11.8125,1.4,0.40625,1.5625,0.25,14.333333333333334,5.0,0.0,3.6666666666666665,0.6666666666666666,3.0,0.7333333333333343,11.2,0.0,0.0,13.2,0.0,1.3999999999999986,1,18,0.45,57.0,17,7,0,-1,0
2025,17,Baku,STR,Aston Martin,17.333333333333332,13.4,0.0,58.0,6.0,523.0,0.36486486486486486,0.59375,10.666666666666666,10.6,28.0,12.0,275.0,0.375,0.5333333333333333,0.0,14.333333333333334,16.2,16.2,-5.6,2.7249999999999996,0.44374999999999964,0.4666666666666667,14.0,7.0,0.0,14.0,0.6666666666666666,3.0,3.4000000000000004,10.2,0.0,0.0,9.6,0.2857142857142857,-3.200000000000001,1,18,0.45,57.0,17,7,0,-1,0
2025,17,Baku,TSU,Red Bull Racing,5.333333333333333,6.8,43.0,222.0,4.0,359.0,0.22972972972972974,0.75,13.0,13.4,6.0,19.0,297.0,0.35714285714285715,0.5625,0.0,12.666666666666666,11.4,12.1875,2.0,4.4375,4.3125,0.125,14.333333333333334,10.0,0.0,9.333333333333334,0.3333333333333333,3.0,0.9333333333333336,5.2,2.0,0.6666666666666666,3.6,0.16666666666666666,-1.5999999999999996,1,18,0.45,57.0,17,7,0,-1,0
2025,17,Baku,VER,Red Bull Racing,6.666666666666667,6.2,33.0,230.0,4.0,351.0,0.2236842105263158,0.7575757575757576,4.0,4.2,216.0,3.0,87.0,0.07142857142857142,0.9375,0.75,4.0,3.4,3.3125,0.8,-4.4375,-4.3125,0.9375,2.6666666666666665,1.0,2.0,3.6666666666666665,0.0,3.0,-1.5333333333333337,6.2,1.0,0.5714285714285714,4.2,0.14285714285714285,0.0,1,18,0.45,57.0,17,7,0,-1,1
2025,18,Marina Bay,ALB,Williams,9.0,9.4,15.0,98.0,5.0,489.0,0.2948717948717949,0.6764705882352942,8.333333333333334,9.2,70.0,8.0,233.0,0.25,0.7058823529411765,0.23529411764705882,16.0,14.6,11.470588235294118,-5.4,0.11764705882353077,-1.1764705882352935,0.7058823529411765,16.0,11.0,0.0,14.666666666666666,0.6666666666666666,3.0,6.800000000000001,15.0,0.0,0.0,15.0,0.6666666666666666,5.6,0,18,0.45,57.0,18,6,0,-1,0
2025,18,Marina Bay,ALO,Aston Martin,16.666666666666668,15.2,0.0,58.0,7.0,529.0,0.35526315789473684,0.6060606060606061,14.0,12.8,30.0,11.0,273.0,0.29545454545454547,0.6470588235294118,0.058823529411764705,10.0,10.8,10.764705882352942,2.0,-2.648897058823529,-0.48345588235294024,0.5625,13.666666666666666,8.0,0.0,6.333333333333333,0.6666666666666666,3.0,0.8666666666666654,11.25,0.0,0.0,13.0,0.5,-3.9499999999999993,0,18,0.45,57.0,18,6,0,-1,0
2025,18,Marina Bay,ANT,Mercedes,3.6666666666666665,4.8,40.0,276.0,2.0,311.0,0.19230769230769232,0.7941176470588235,9.666666666666666,11.0,74.0,7.0,229.0,0.29545454545454547,0.6470588235294118,0.17647058823529413,7.333333333333333,11.0,8.882352941176471,0.0,2.147058823529412,3.2058823529411766,0.0,9.771241830065359,8.254901960784315,0.0,9.493464052287582,0.3169934640522876,0.0,-1.2287581699346415,8.6,0.0,0.16666666666666666,5.0,0.16666666666666666,3.8,0,18,0.45,57.0,18,6,0,-1,0
2025,18,Marina Bay,BEA,Haas F1 Team,13.666666666666666,12.6,0.0,38.0,9.0,549.0,0.2948717948717949,0.6764705882352942,10.0,12.2,14.0,18.0,289.0,0.25,0.7058823529411765,0.0,15.0,13.6,15.176470588235293,-1.4,-0.117647058823529,-0.02941176470588225,0.47058823529411764,9.771241830065359,8.254901960784315,0.0,9.493464052287582,0.3169934640522876,0.0,-2.4287581699346408,12.8,0.0,0.0,9.6,0.3333333333333333,0.20000000000000107,0,18,0.45,57.0,18,6,0,-1,0
2025,18,Marina Bay,BOR,Kick Sauber,15.666666666666666,13.8,0.0,55.0,8.0,532.0,0.4230769230769231,0.5294117647058824,11.333333333333334,9.8,18.0,17.0,285.0,0.38636363636363635,0.5294117647058824,0.0,11.333333333333334,10.2,13.882352941176471,-0.4,-1.0588235294117645,0.617647058823529,0.47058823529411764,9.771241830065359,8.254901960784315,0.0,9.493464052287582,0.3169934640522876,0.0,-0.028758169934642197,15.5,0.0,0.0,19.5,1.0,1.6999999999999993,0,18,0.45,57.0,18,6,0,-1,0
2025,18,Marina Bay,COL,Alpine,17.666666666666668,17.4,0.0,19.0,10.0,568.0,0.47435897435897434,0.47058823529411764,15.666666666666666,16.8,0.0,20.0,303.0,0.46875,0.36363636363636365,0.0,16.666666666666668,16.2,16.454545454545453,0.6,1.6096256684491976,0.9705882352941178,0.36363636363636365,11.0,11.0,0.0,12.0,1.0,1.0,-5.800000000000001,14.0,0.0,0.0,14.2,0.8333333333333334,-3.3999999999999986,0,18,0.45,57.0,18,6,0,-1,0
2025,18,Marina Bay,GAS,Alpine,17.666666666666668,17.2,0.0,19.0,10.0,568.0,0.4875,0.45714285714285713,17.0,16.0,19.0,16.0,284.0,0.38636363636363635,0.5294117647058824,0.0,17.0,16.2,13.235294117647058,-0.2,-1.6096256684491976,-0.9705882352941178,0.6470588235294118,11.0,6.0,0.0,12.333333333333334,0.3333333333333333,3.0,-5.0,14.0,0.0,0.0,13.8,0.8571428571428571,-3.1999999999999993,0,18,0.45,57.0,18,6,0,-1,0
2025,18,Marina Bay,HAD,Racing Bulls,9.666666666666666,10.2,11.0,68.0,6.0,519.0,0.32051282051282054,0.6470588235294118,7.666666666666667,10.8,38.0,9.0,265.0,0.3409090909090909,0.5882352941176471,0.058823529411764705,9.333333333333334,9.2,9.823529411764707,1.6,-1.6764705882352935,-0.5588235294117645,0.7058823529411765,9.771241830065359,8.254901960784315,0.0,9.493464052287582,0.3169934640522876,0.0,-1.0287581699346422,9.977611940298507,0.0,0.16410803127221038,10.09502487562189,0.3263326226012793,-0.22238805970149222,0,18,0.45,57.0,18,6,0,-1,0
2025,18,Marina Bay,HAM,Ferrari,7.0,9.2,18.0,263.0,3.0,324.0,0.14102564102564102,0.8529411764705882,11.333333333333334,10.6,107.0,6.0,196.0,0.1590909090909091,0.8235294117647058,0.29411764705882354,8.0,10.4,8.0,0.2,1.2941176470588234,0.6470588235294112,0.17647058823529413,6.0,3.0,1.0,3.6666666666666665,0.0,3.0,-4.6,4.0,1.0,0.5,5.4,0.0,-5.199999999999999,0,18,0.45,57.0,18,6,0,-1,0
2025,18,Marina Bay,HUL,Kick Sauber,14.666666666666666,14.4,0.0,55.0,8.0,532.0,0.4375,0.5142857142857142,16.666666666666668,15.0,37.0,10.0,266.0,0.38636363636363635,0.5294117647058824,0.11764705882352941,15.333333333333334,15.8,16.0,-0.8,1.0588235294117645,-0.6176470588235308,0.5294117647058824,11.0,9.0,0.0,7.5,0.5,2.0,-4.0,16.0,0.0,0.0,17.666666666666668,1.0,1.5999999999999996,0,18,0.45,57.0,18,6,0,-1,0
2025,18,Marina Bay,LAW,Racing Bulls,8.666666666666666,10.0,11.0,68.0,6.0,519.0,0.3375,0.6285714285714286,10.333333333333334,9.4,30.0,11.0,273.0,0.25,0.7058823529411765,0.058823529411764705,10.333333333333334,9.8,13.176470588235293,-0.4,1.6764705882352935,0.5588235294117645,0.23529411764705882,9.0,9.0,0.0,10.0,0.0,1.0,-0.40000000000000036,11.0,0.0,0.0,8.0,1.0,1.0,0,18,0.45,57.0,18,6,0,-1,0
2025,18,Marina Bay,LEC,Ferrari,8.333333333333334,7.0,10.0,267.0,3.0,320.0,0.1375,0.8571428571428571,10.666666666666666,7.8,156.0,5.0,147.0,0.11363636363636363,0.8823529411764706,0.5882352941176471,6.666666666666667,4.8,5.411764705882353,3.0,-1.2941176470588234,-0.6470588235294121,0.8235294117647058,3.6666666666666665,2.0,1.0,4.333333333333333,0.0,3.0,-4.133333333333333,5.0,1.0,0.42857142857142855,5.8,0.0,-2.0,0,18,0.45,57.0,18,6,0,-1,0
2025,18,Marina Bay,NOR,McLaren,10.0,6.6,21.0,587.0,1.0,0.0,0.08974358974358974,0.9117647058823529,9.0,6.0,284.0,2.0,19.0,0.11363636363636363,0.8823529411764706,0.8235294117647058,3.6666666666666665,3.0,3.3529411764705883,3.0,0.4117647058823528,0.3235294117647056,0.5294117647058824,2.3333333333333335,1.0,2.0,3.6666666666666665,0.0,3.0,-3.6666666666666665,3.6,1.0,0.5,8.8,0.0,-2.9999999999999996,0,18,0.45,57.0,18,6,0,-1,0
2025,18,Marina Bay,OCO,Haas F1 Team,11.666666666666666,12.4,2.0,40.0,9.0,547.0,0.2875,0.6857142857142857,13.0,14.0,24.0,15.0,279.0,0.29545454545454547,0.6470588235294118,0.058823529411764705,17.666666666666668,16.4,15.411764705882353,-2.4,0.11764705882353077,0.02941176470588225,0.5294117647058824,15.666666666666666,13.0,0.0,13.666666666666666,1.0,3.0,1.666666666666666,12.0,0.0,0.0,8.8,0.2857142857142857,-0.40000000000000036,0,18,0.45,57.0,18,6,0,-1,0
2025,18,Marina Bay,PIA,McLaren,10.0,7.0,21.0,602.0,1.0,-15.0,0.0875,0.9142857142857143,8.0,5.4,303.0,1.0,0.0,0.06818181818181818,0.9411764705882353,0.8823529411764706,4.333333333333333,3.4,2.5294117647058822,2.0,-0.41176470588235325,-0.32352941176470607,0.47058823529411764,5.0,3.0,1.0,11.0,0.0,2.0,-0.40000000000000036,3.2,1.0,0.5714285714285714,6.4,0.0,-3.8,0,18,0.45,57.0,18,6,0,-1,0
2025,18,Marina Bay,RUS,Mercedes,3.6666666666666665,5.0,40.0,286.0,2.0,301.0,0.1875,0.8,3.6666666666666665,3.8,202.0,4.0,101.0,0.06818181818181818,0.9411764705882353,0.8235294117647058,5.333333333333333,5.2,4.588235294117647,-1.4,-2.147058823529412,-3.2058823529411766,1.0,11.333333333333334,4.0,0.0,5.666666666666667,0.3333333333333333,3.0,7.533333333333334,6.8,0.0,0.14285714285714285,3.6,0.14285714285714285,1.7999999999999998,0,18,0.45,57.0,18,6,0,-1,1
2025,18,Marina Bay,SAI,Williams,10.0,9.6,15.0,98.0,5.0,489.0,0.3125,0.6571428571428571,9.0,11.8,28.0,13.0,275.0,0.29545454545454547,0.6470588235294118,0.058823529411764705,8.0,10.4,11.235294117647058,1.4,-0.117647058823529,1.1764705882352953,0.29411764705882354,3.6666666666666665,1.0,2.0,5.0,0.0,3.0,-8.133333333333335,14.0,0.0,0.0,14.8,0.7142857142857143,4.4,0,18,0.45,57.0,18,6,0,-1,0
2025,18,Marina Bay,STR,Aston Martin,13.0,15.2,6.0,64.0,7.0,523.0,0.34615384615384615,0.6176470588235294,14.0,12.6,28.0,13.0,275.0,0.35714285714285715,0.5625,0.0,17.0,15.4,16.0625,-2.8,2.648897058823529,0.483455882352942,0.4375,10.0,6.0,0.0,16.333333333333332,0.6666666666666666,2.0,-2.5999999999999996,11.0,0.0,0.0,12.2,0.42857142857142855,-4.199999999999999,0,18,0.45,57.0,18,6,0,-1,0
2025,18,Marina Bay,TSU,Red Bull Racing,2.6666666666666665,4.6,58.0,255.0,4.0,332.0,0.21794871794871795,0.7647058823529411,9.333333333333334,11.6,14.0,18.0,289.0,0.3409090909090909,0.5882352941176471,0.0,9.333333333333334,10.2,11.823529411764707,1.4,4.3235294117647065,4.2058823529411775,0.11764705882352941,15.333333333333334,12.0,0.0,11.0,1.0,3.0,3.7333333333333343,6.4,0.0,0.3333333333333333,9.4,0.16666666666666666,1.8000000000000007,0,18,0.45,57.0,18,6,0,-1,0
2025,18,Marina Bay,VER,Red Bull Racing,6.333333333333333,6.6,33.0,255.0,4.0,332.0,0.2375,0.7428571428571429,1.3333333333333333,3.4,241.0,3.0,62.0,0.06818181818181818,0.9411764705882353,0.7647058823529411,1.6666666666666667,3.4,3.176470588235294,0.0,-4.3235294117647065,-4.205882352941176,0.9411764705882353,4.666666666666667,2.0,1.0,7.0,0.0,3.0,1.266666666666667,7.4,0.0,0.2857142857142857,10.4,0.2857142857142857,0.8000000000000007,0,18,0.45,57.0,18,6,0,-1,0
2025,19,Austin,ALB,Williams,9.0,10.2,16.0,99.0,5.0,515.0,0.32926829268292684,0.6388888888888888,11.333333333333334,10.8,70.0,8.0,245.0,0.2826086956521739,0.6666666666666666,0.2222222222222222,17.333333333333332,17.4,11.88888888888889,-6.6,0.08333333333333393,-1.0,0.6666666666666666,12.666666666666666,9.0,0.0,15.0,0.3333333333333333,3.0,1.8666666666666654,12.4,0.0,0.0,18.2,0.16666666666666666,2.200000000000001,0,18,0.45,57.0,19,5,0,-1,0
2025,19,Austin,ALO,Aston Martin,12.333333333333334,14.0,6.0,64.0,7.0,550.0,0.3625,0.6,13.666666666666666,10.8,36.0,11.0,279.0,0.2826086956521739,0.6666666666666666,0.05555555555555555,10.0,9.0,10.722222222222221,1.8,-2.6388888888888893,-0.6225490196078436,0.5882352941176471,12.0,7.0,0.0,11.333333333333334,0.6666666666666666,3.0,1.1999999999999993,11.8,0.0,0.0,14.0,0.6666666666666666,-2.1999999999999993,0,18,0.45,57.0,19,5,0,-1,0
2025,19,Austin,ANT,Mercedes,2.6666666666666665,3.4,53.0,311.0,2.0,303.0,0.18292682926829268,0.8055555555555556,6.0,8.8,84.0,7.0,231.0,0.2826086956521739,0.6666666666666666,0.2222222222222222,5.0,8.2,8.61111111111111,0.6,2.1111111111111107,3.1388888888888884,0.0,9.980392156862745,7.686274509803922,0.0,9.509803921568627,0.2549019607843137,0.0,1.1803921568627445,11.0,0.0,0.16666666666666666,7.8,0.3333333333333333,7.6,0,18,0.45,57.0,19,5,0,-1,0
2025,19,Austin,BEA,Haas F1 Team,13.666666666666666,13.6,2.0,40.0,9.0,574.0,0.3048780487804878,0.6666666666666666,11.0,11.8,16.0,18.0,299.0,0.2391304347826087,0.7222222222222222,0.0,11.666666666666666,13.0,14.833333333333334,-1.2,-0.3333333333333339,-0.27777777777777857,0.5,9.980392156862745,7.686274509803922,0.0,9.509803921568627,0.2549019607843137,0.0,-1.8196078431372555,11.8,0.0,0.0,14.0,0.16666666666666666,-1.799999999999999,0,18,0.45,57.0,19,5,0,-1,0
2025,19,Austin,BOR,Kick Sauber,17.666666666666668,16.8,0.0,55.0,8.0,559.0,0.45121951219512196,0.5,12.0,11.4,18.0,17.0,297.0,0.41304347826086957,0.5,0.0,11.666666666666666,11.0,13.88888888888889,0.4,-0.9166666666666661,0.5,0.5,9.980392156862745,7.686274509803922,0.0,9.509803921568627,0.2549019607843137,0.0,-1.4196078431372552,18.0,0.0,0.0,19.0,1.0,1.1999999999999993,0,18,0.45,57.0,19,5,0,-1,0
2025,19,Austin,COL,Alpine,17.666666666666668,17.6,0.0,19.0,10.0,595.0,0.5,0.4444444444444444,17.333333333333332,16.2,0.0,20.0,315.0,0.5,0.3333333333333333,0.0,16.666666666666668,16.0,16.416666666666668,0.2,1.458333333333334,0.8333333333333321,0.4166666666666667,10.0,10.0,0.0,17.0,0.0,1.0,-6.199999999999999,13.0,0.0,0.0,10.6,0.3333333333333333,-4.600000000000001,0,18,0.45,57.0,19,5,0,-1,0
2025,19,Austin,GAS,Alpine,17.333333333333332,17.8,0.0,19.0,10.0,595.0,0.5119047619047619,0.43243243243243246,17.666666666666668,17.8,19.0,16.0,296.0,0.41304347826086957,0.5,0.0,18.333333333333332,17.2,13.5,0.6,-1.458333333333334,-0.8333333333333339,0.6111111111111112,10.666666666666666,6.0,0.0,9.0,0.0,3.0,-7.133333333333335,14.2,0.0,0.0,10.0,0.42857142857142855,-3.6000000000000014,0,18,0.45,57.0,19,5,0,-1,0
2025,19,Austin,HAD,Racing Bulls,10.333333333333334,11.0,10.0,68.0,6.0,546.0,0.35365853658536583,0.6111111111111112,10.333333333333334,9.0,38.0,9.0,277.0,0.3695652173913043,0.5555555555555556,0.05555555555555555,10.666666666666666,9.2,9.722222222222221,-0.2,-1.6944444444444446,-0.6388888888888893,0.7222222222222222,9.980392156862745,7.686274509803922,0.0,9.509803921568627,0.2549019607843137,0.0,0.9803921568627452,10.505223880597015,0.0,0.15913290689410092,10.42860696517413,0.25671641791044775,-0.49477611940298516,0,18,0.45,57.0,19,5,0,-1,0
2025,19,Austin,HAM,Ferrari,7.666666666666667,7.0,14.0,275.0,3.0,339.0,0.13414634146341464,0.8611111111111112,7.333333333333333,10.8,111.0,6.0,204.0,0.15217391304347827,0.8333333333333334,0.2777777777777778,7.666666666666667,8.4,7.888888888888889,2.4,1.1944444444444446,0.6666666666666661,0.16666666666666666,13.666666666666666,2.0,1.0,9.0,0.6666666666666666,3.0,2.8666666666666654,9.2,1.0,0.6666666666666666,2.6,0.3333333333333333,2.1999999999999993,0,18,0.45,57.0,19,5,0,-1,0
2025,19,Austin,HUL,Kick Sauber,18.333333333333332,16.4,0.0,55.0,8.0,559.0,0.4642857142857143,0.4864864864864865,18.666666666666668,16.6,37.0,10.0,278.0,0.41304347826086957,0.5,0.1111111111111111,13.333333333333334,15.2,15.722222222222221,1.4,0.9166666666666661,-0.5,0.5,9.5,8.0,0.0,14.0,0.0,2.0,-7.100000000000001,18.0,0.0,0.0,18.0,1.0,1.6000000000000014,0,18,0.45,57.0,19,5,0,-1,0
2025,19,Austin,LAW,Racing Bulls,14.0,11.4,0.0,68.0,6.0,546.0,0.34523809523809523,0.6216216216216216,11.333333333333334,10.8,30.0,12.0,285.0,0.2826086956521739,0.6666666666666666,0.05555555555555555,11.666666666666666,10.4,13.11111111111111,0.4,1.6944444444444446,0.6388888888888875,0.2222222222222222,9.0,9.0,0.0,15.0,0.0,1.0,-1.8000000000000007,16.0,0.0,0.0,20.0,0.0,4.6,0,18,0.45,57.0,19,5,0,-1,0
2025,19,Austin,LEC,Ferrari,6.0,7.0,24.0,287.0,3.0,327.0,0.13095238095238096,0.8648648648648649,6.333333333333333,8.4,164.0,5.0,151.0,0.10869565217391304,0.8888888888888888,0.5555555555555556,7.0,5.6,5.5,2.8,-1.1944444444444446,-0.666666666666667,0.8333333333333334,8.0,1.0,2.0,2.3333333333333335,0.3333333333333333,3.0,-0.40000000000000036,6.0,1.0,0.5714285714285714,3.4,0.2857142857142857,-1.0,0,18,0.45,57.0,19,5,0,-1,0
2025,19,Austin,NOR,McLaren,9.0,7.4,27.0,614.0,1.0,0.0,0.08536585365853659,0.9166666666666666,4.0,6.2,299.0,2.0,16.0,0.10869565217391304,0.8888888888888888,0.8333333333333334,4.666666666666667,3.8,3.4444444444444446,2.4,0.44444444444444464,0.2777777777777777,0.5555555555555556,4.0,2.0,1.0,3.6666666666666665,0.0,3.0,-2.2,8.8,0.0,0.16666666666666666,7.0,0.16666666666666666,1.4000000000000004,0,18,0.45,57.0,19,5,0,-1,0
2025,19,Austin,OCO,Haas F1 Team,12.0,12.4,4.0,42.0,9.0,572.0,0.2976190476190476,0.6756756756756757,15.666666666666666,14.6,24.0,15.0,291.0,0.32608695652173914,0.6111111111111112,0.05555555555555555,17.333333333333332,17.6,15.5,-3.0,0.33333333333333215,0.2777777777777768,0.5,15.666666666666666,11.0,0.0,13.0,0.6666666666666666,3.0,1.0666666666666664,10.6,0.0,0.0,11.8,0.14285714285714285,-1.8000000000000007,0,18,0.45,57.0,19,5,0,-1,0
2025,19,Austin,PIA,McLaren,3.0,7.2,45.0,632.0,1.0,-18.0,0.08333333333333333,0.918918918918919,9.0,6.0,315.0,1.0,0.0,0.06521739130434782,0.9444444444444444,0.8888888888888888,5.0,3.6,2.5555555555555554,2.4,-0.44444444444444464,-0.2777777777777777,0.4444444444444444,11.0,5.0,0.0,7.5,0.5,2.0,5.0,6.0,0.0,0.2857142857142857,4.0,0.14285714285714285,-1.2000000000000002,0,18,0.45,57.0,19,5,0,-1,0
2025,19,Austin,RUS,Mercedes,6.333333333333333,5.0,35.0,311.0,2.0,303.0,0.17857142857142858,0.8108108108108109,2.6666666666666665,3.0,227.0,4.0,88.0,0.06521739130434782,0.9444444444444444,0.8333333333333334,4.0,4.2,4.388888888888889,-1.2,-2.1111111111111107,-3.1388888888888884,1.0,5.333333333333333,5.0,0.0,5.666666666666667,0.0,3.0,2.333333333333333,12.6,0.0,0.14285714285714285,8.0,0.2857142857142857,7.6,0,18,0.45,57.0,19,5,0,-1,0
2025,19,Austin,SAI,Williams,12.666666666666666,10.8,1.0,99.0,5.0,515.0,0.32142857142857145,0.6486486486486487,8.0,10.2,29.0,13.0,286.0,0.32608695652173914,0.6111111111111112,0.05555555555555555,11.666666666666666,11.4,11.722222222222221,-1.2,-0.08333333333333393,1.0,0.3333333333333333,8.333333333333334,2.0,2.0,2.6666666666666665,0.3333333333333333,3.0,-1.8666666666666654,11.8,0.0,0.0,18.0,0.14285714285714285,1.0,0,18,0.45,57.0,19,5,0,-1,0
2025,19,Austin,STR,Aston Martin,10.0,12.4,7.0,65.0,7.0,549.0,0.35365853658536583,0.6111111111111112,16.0,12.4,28.0,14.0,287.0,0.38636363636363635,0.5294117647058824,0.0,15.333333333333334,14.4,16.0,-2.0,2.6388888888888893,0.6225490196078436,0.4117647058823529,13.333333333333334,7.0,0.0,13.333333333333334,0.6666666666666666,3.0,0.9333333333333336,12.2,0.0,0.0,13.6,0.5714285714285714,-0.20000000000000107,0,18,0.45,57.0,19,5,0,-1,0
2025,19,Austin,TSU,Red Bull Racing,5.0,4.4,43.0,273.0,4.0,341.0,0.23170731707317074,0.75,10.333333333333334,11.4,14.0,19.0,301.0,0.3695652173913043,0.5555555555555556,0.0,9.666666666666666,11.4,11.88888888888889,0.0,4.388888888888889,4.25,0.1111111111111111,10.666666666666666,8.0,0.0,12.333333333333334,0.3333333333333333,3.0,-0.7333333333333343,3.2,2.0,0.5,6.0,0.0,-1.2000000000000002,0,18,0.45,57.0,19,5,0,-1,0
2025,19,Austin,VER,Red Bull Racing,7.0,5.6,24.0,279.0,4.0,335.0,0.2261904761904762,0.7567567567567568,1.3333333333333333,3.0,259.0,3.0,56.0,0.06521739130434782,0.9444444444444444,0.7777777777777778,1.3333333333333333,3.0,3.111111111111111,0.0,-4.388888888888889,-4.250000000000001,0.9444444444444444,1.6666666666666667,1.0,3.0,3.6666666666666665,0.0,3.0,-1.3333333333333333,4.4,1.0,0.42857142857142855,8.0,0.0,-1.1999999999999993,0,18,0.45,57.0,19,5,0,-1,1
2025,20,Mexico City,ALB,Williams,14.666666666666666,12.2,1.0,99.0,5.0,543.0,0.3372093023255814,0.631578947368421,13.666666666666666,10.6,70.0,8.0,255.0,0.2708333333333333,0.6842105263157895,0.21052631578947367,19.0,17.2,12.263157894736842,-6.6,0.3421052631578938,-1.1052631578947363,0.6842105263157895,13.333333333333334,9.0,0.0,14.0,0.3333333333333333,3.0,2.7333333333333343,14.8,0.0,0.0,15.8,0.5,2.6000000000000014,0,18,0.45,57.0,20,4,0,-1,0
2025,20,Mexico City,ALO,Aston Martin,11.666666666666666,11.8,1.0,65.0,7.0,577.0,0.34523809523809523,0.6216216216216216,10.666666666666666,11.8,37.0,11.0,288.0,0.2708333333333333,0.6842105263157895,0.05263157894736842,10.333333333333334,10.0,10.68421052631579,1.8,-2.7134502923976616,-0.6403508771929829,0.6111111111111112,18.333333333333332,18.0,0.0,11.666666666666666,1.0,3.0,6.533333333333331,15.6,0.0,0.0,15.0,0.6666666666666666,3.799999999999999,0,18,0.45,57.0,20,4,0,-1,0
2025,20,Mexico City,ANT,Mercedes,6.666666666666667,5.4,33.0,319.0,2.0,323.0,0.1744186046511628,0.8157894736842105,7.333333333333333,9.4,84.0,7.0,241.0,0.2708333333333333,0.6842105263157895,0.21052631578947367,5.0,6.6,8.526315789473685,2.8,2.078947368421053,3.1578947368421044,0.0,9.761437908496731,8.705882352941176,0.0,9.676470588235293,0.2124183006535948,0.0,0.36143790849673074,4.2,0.0,0.3333333333333333,5.4,0.0,-1.2000000000000002,0,18,0.45,57.0,20,4,0,-1,0
2025,20,Mexico City,BEA,Haas F1 Team,14.0,13.0,2.0,42.0,9.0,600.0,0.29069767441860467,0.6842105263157895,10.0,9.6,18.0,18.0,307.0,0.22916666666666666,0.7368421052631579,0.0,10.666666666666666,12.4,14.473684210526315,-2.8,-0.5526315789473699,-0.4210526315789469,0.5263157894736842,9.761437908496731,8.705882352941176,0.0,9.676470588235293,0.2124183006535948,0.0,0.16143790849673145,12.8,0.0,0.0,12.4,0.3333333333333333,-0.1999999999999993,0,18,0.45,57.0,20,4,0,-1,0
2025,20,Mexico City,BOR,Kick Sauber,15.333333333333334,15.8,4.0,59.0,8.0,583.0,0.45348837209302323,0.5,15.333333333333334,13.8,18.0,18.0,307.0,0.4375,0.47368421052631576,0.0,14.333333333333334,12.8,14.0,1.0,-0.7368421052631575,0.7368421052631575,0.47368421052631576,9.761437908496731,8.705882352941176,0.0,9.676470588235293,0.2124183006535948,0.0,-4.03856209150327,14.5,0.0,0.0,17.5,1.0,-1.3000000000000007,0,18,0.45,57.0,20,4,0,-1,0
2025,20,Mexico City,COL,Alpine,18.333333333333332,17.8,0.0,19.0,10.0,623.0,0.5232558139534884,0.42105263157894735,17.333333333333332,16.0,0.0,20.0,325.0,0.5277777777777778,0.3076923076923077,0.0,15.666666666666666,16.2,16.307692307692307,-0.2,1.3906882591093108,0.7489878542510127,0.46153846153846156,12.0,12.0,0.0,16.0,1.0,1.0,-4.0,10.4,0.0,0.0,12.8,0.5,-7.4,0,18,0.45,57.0,20,4,0,-1,0
2025,20,Mexico City,GAS,Alpine,17.333333333333332,17.4,0.0,19.0,10.0,623.0,0.5340909090909091,0.41025641025641024,18.666666666666668,17.8,19.0,17.0,306.0,0.4375,0.47368421052631576,0.0,16.666666666666668,16.6,13.526315789473685,1.2,-1.3906882591093108,-0.7489878542510109,0.5789473684210527,10.666666666666666,10.0,0.0,11.0,0.3333333333333333,3.0,-7.133333333333335,12.0,0.0,0.0,14.8,0.5714285714285714,-5.399999999999999,0,18,0.45,57.0,20,4,0,-1,0
2025,20,Mexico City,HAD,Racing Bulls,14.0,11.6,0.0,68.0,6.0,574.0,0.3372093023255814,0.631578947368421,12.333333333333334,10.0,38.0,10.0,287.0,0.3541666666666667,0.5789473684210527,0.05263157894736842,12.0,11.2,10.263157894736842,-1.2,-1.3947368421052637,-0.47368421052631504,0.6842105263157895,9.761437908496731,8.705882352941176,0.0,9.676470588235293,0.2124183006535948,0.0,-0.2385620915032689,10.387064676616914,0.0,0.16709310589907603,10.568407960199005,0.2457000710732054,-1.2129353233830855,0,18,0.45,57.0,20,4,0,-1,0
2025,20,Mexico City,HAM,Ferrari,4.333333333333333,6.0,35.0,302.0,4.0,340.0,0.12790697674418605,0.868421052631579,6.666666666666667,9.2,123.0,6.0,202.0,0.14583333333333334,0.8421052631578947,0.3157894736842105,7.666666666666667,7.0,7.7368421052631575,2.2,1.1842105263157894,0.6578947368421053,0.15789473684210525,2.6666666666666665,2.0,2.0,5.0,0.0,3.0,-6.533333333333333,3.2,1.0,0.5,2.6,0.0,-2.8,0,18,0.45,57.0,20,4,0,-1,0
2025,20,Mexico City,HUL,Kick Sauber,12.0,14.6,5.0,60.0,8.0,582.0,0.4431818181818182,0.5128205128205128,14.666666666666666,15.6,41.0,9.0,284.0,0.3958333333333333,0.5263157894736842,0.10526315789473684,13.0,13.6,15.473684210526315,2.0,0.7368421052631575,-0.7368421052631593,0.5263157894736842,11.0,9.0,0.0,11.0,0.5,2.0,-4.6,13.0,0.0,0.0,17.0,0.6666666666666666,-1.5999999999999996,0,18,0.45,57.0,20,4,0,-1,0
2025,20,Mexico City,LAW,Racing Bulls,13.333333333333334,13.2,0.0,68.0,6.0,574.0,0.3522727272727273,0.6153846153846154,10.333333333333334,11.4,30.0,12.0,295.0,0.2708333333333333,0.6842105263157895,0.05263157894736842,9.0,11.0,13.052631578947368,0.4,1.394736842105262,0.4736842105263168,0.2631578947368421,16.0,16.0,0.0,12.0,1.0,1.0,4.6,13.0,0.0,0.0,9.0,1.0,-0.1999999999999993,0,18,0.45,57.0,20,4,0,-1,0
2025,20,Mexico City,LEC,Ferrari,5.0,5.8,31.0,306.0,4.0,336.0,0.125,0.8717948717948718,6.0,8.2,179.0,5.0,146.0,0.10416666666666667,0.8947368421052632,0.5789473684210527,6.666666666666667,6.0,5.368421052631579,2.2,-1.1842105263157894,-0.6578947368421053,0.8421052631578947,4.0,3.0,2.0,4.0,0.0,3.0,-4.199999999999999,3.8,1.0,0.42857142857142855,2.2,0.0,-2.0,0,18,0.45,57.0,20,4,0,-1,0
2025,20,Mexico City,NOR,McLaren,3.6666666666666665,6.8,40.0,642.0,1.0,0.0,0.08139534883720931,0.9210526315789473,4.0,6.4,317.0,2.0,8.0,0.10416666666666667,0.8947368421052632,0.8421052631578947,4.666666666666667,3.6,3.3684210526315788,2.8,0.3157894736842106,0.18421052631578982,0.5789473684210527,5.333333333333333,2.0,1.0,10.0,0.0,3.0,-1.0666666666666673,6.0,0.0,0.16666666666666666,11.4,0.0,-0.7999999999999998,0,18,0.45,57.0,20,4,0,-1,1
2025,20,Mexico City,OCO,Haas F1 Team,9.333333333333334,11.0,14.0,54.0,9.0,588.0,0.2840909090909091,0.6923076923076923,15.666666666666666,14.4,24.0,15.0,301.0,0.3125,0.631578947368421,0.05263157894736842,18.0,17.4,15.578947368421053,-3.0,0.5526315789473681,0.4210526315789469,0.47368421052631576,10.333333333333334,8.0,0.0,15.0,0.3333333333333333,3.0,-4.066666666666666,10.4,0.0,0.0,11.2,0.2857142857142857,-0.5999999999999996,0,18,0.45,57.0,20,4,0,-1,0
2025,20,Mexico City,PIA,McLaren,2.6666666666666665,3.0,53.0,667.0,1.0,-25.0,0.07954545454545454,0.9230769230769231,9.666666666666666,6.6,325.0,1.0,0.0,0.0625,0.9473684210526315,0.8947368421052632,6.0,4.4,2.736842105263158,2.2,-0.3157894736842102,-0.18421052631578938,0.42105263157894735,8.0,8.0,0.0,12.0,0.0,2.0,1.4000000000000004,4.8,1.0,0.2857142857142857,9.4,0.0,1.7999999999999998,0,18,0.45,57.0,20,4,0,-1,0
2025,20,Mexico City,RUS,Mercedes,8.333333333333334,6.2,16.0,327.0,2.0,315.0,0.17045454545454544,0.8205128205128205,3.0,3.6,235.0,4.0,90.0,0.0625,0.9473684210526315,0.7894736842105263,3.3333333333333335,4.2,4.368421052631579,-0.6,-2.078947368421053,-3.1578947368421053,1.0,5.0,4.0,0.0,5.0,0.0,3.0,1.4,4.6,0.0,0.2857142857142857,6.2,0.0,-1.6000000000000005,0,18,0.45,57.0,20,4,0,-1,0
2025,20,Mexico City,SAI,Williams,15.333333333333334,14.0,0.0,99.0,5.0,543.0,0.3522727272727273,0.6153846153846154,11.0,11.4,29.0,13.0,296.0,0.3541666666666667,0.5789473684210527,0.05263157894736842,10.333333333333334,10.6,11.578947368421053,0.8,-0.3421052631578956,1.105263157894738,0.3157894736842105,3.3333333333333335,1.0,1.0,2.6666666666666665,0.0,3.0,-8.066666666666666,13.6,0.0,0.0,15.2,0.5714285714285714,-0.40000000000000036,0,18,0.45,57.0,20,4,0,-1,0
2025,20,Mexico City,STR,Aston Martin,13.333333333333334,12.0,1.0,65.0,7.0,577.0,0.36046511627906974,0.6052631578947368,14.0,13.4,28.0,14.0,297.0,0.3695652173913043,0.5555555555555556,0.0,15.666666666666666,16.8,16.11111111111111,-3.4,2.71345029239766,0.6403508771929829,0.3888888888888889,14.333333333333334,11.0,0.0,16.666666666666668,0.6666666666666666,3.0,0.9333333333333336,16.4,0.0,0.0,14.4,0.7142857142857143,4.399999999999999,0,18,0.45,57.0,20,4,0,-1,0
2025,20,Mexico City,TSU,Red Bull Racing,3.3333333333333335,4.6,49.0,304.0,3.0,338.0,0.22093023255813954,0.7631578947368421,8.333333333333334,9.4,20.0,16.0,305.0,0.3541666666666667,0.5789473684210527,0.0,10.666666666666666,10.8,11.947368421052632,-1.4,4.473684210526316,4.184210526315789,0.10526315789473684,17.333333333333332,12.0,0.0,13.0,0.6666666666666666,3.0,7.933333333333332,9.0,2.0,0.5,5.8,0.3333333333333333,4.4,0,18,0.45,57.0,20,4,0,-1,0
2025,20,Mexico City,VER,Red Bull Racing,6.333333333333333,6.6,31.0,304.0,3.0,338.0,0.2159090909090909,0.7692307692307693,1.3333333333333333,1.4,284.0,3.0,41.0,0.0625,0.9473684210526315,0.7894736842105263,1.3333333333333333,1.6,3.0,-0.2,-4.473684210526316,-4.18421052631579,0.9473684210526315,2.6666666666666665,1.0,2.0,2.0,0.0,3.0,1.2666666666666666,11.0,1.0,0.42857142857142855,7.8,0.2857142857142857,4.4,0,18,0.45,57.0,20,4,0,-1,0
2025,21,São Paulo,ALB,Williams,16.333333333333332,14.6,0.0,99.0,5.0,578.0,0.36666666666666664,0.6,13.333333333333334,12.0,70.0,8.0,272.0,0.3,0.65,0.2,18.333333333333332,17.6,12.5,-5.6,0.5749999999999993,-1.1750000000000007,0.7,17.333333333333332,15.0,0.0,11.0,0.6666666666666666,3.0,5.333333333333332,16.2,0.0,0.0,15.0,0.6666666666666666,1.5999999999999996,0,18,0.45,57.0,21,3,0,-1,0
2025,21,São Paulo,ALO,Aston Martin,14.666666666666666,13.4,0.0,65.0,7.0,612.0,0.375,0.5897435897435898,11.666666666666666,13.8,37.0,11.0,305.0,0.3,0.65,0.05,11.333333333333334,10.8,10.85,3.0,-2.7065789473684223,-0.5092105263157887,0.5789473684210527,7.333333333333333,3.0,1.0,6.666666666666667,0.0,3.0,-6.466666666666668,10.4,0.0,0.16666666666666666,7.8,0.16666666666666666,-3.0,0,18,0.45,57.0,21,3,0,-1,0
2025,21,São Paulo,ANT,Mercedes,6.333333333333333,6.6,22.0,333.0,2.0,344.0,0.16666666666666666,0.825,8.0,7.4,92.0,7.0,250.0,0.26,0.7,0.2,5.666666666666667,5.6,8.4,1.8,2.0250000000000004,2.9750000000000005,0.05,9.83986928104575,7.588235294117647,0.0,9.532679738562091,0.2679738562091503,0.0,2.43986928104575,7.6,1.0,0.3333333333333333,6.4,0.16666666666666666,1.0,0,18,0.45,57.0,21,3,0,-1,0
2025,21,São Paulo,BEA,Haas F1 Team,9.333333333333334,11.0,14.0,56.0,9.0,621.0,0.2777777777777778,0.7,7.333333333333333,9.2,30.0,12.0,312.0,0.22,0.75,0.05,9.0,10.6,14.25,-1.4,-0.5749999999999993,-0.5249999999999986,0.55,12.0,12.0,0.0,17.0,0.0,1.0,2.8000000000000007,15.0,0.0,0.0,16.2,0.6666666666666666,4.0,0,18,0.45,57.0,21,3,0,-1,0
2025,21,São Paulo,BOR,Kick Sauber,12.333333333333334,15.0,5.0,60.0,8.0,617.0,0.45555555555555555,0.5,15.0,12.8,19.0,18.0,323.0,0.42,0.5,0.0,15.333333333333334,13.4,14.1,-0.6,-0.625,0.4750000000000014,0.5,9.83986928104575,7.588235294117647,0.0,9.532679738562091,0.2679738562091503,0.0,-2.9601307189542503,14.0,0.0,0.0,15.5,0.0,-1.0,0,18,0.45,57.0,21,3,0,-1,0
2025,21,São Paulo,COL,Alpine,16.666666666666668,17.2,0.0,19.0,10.0,658.0,0.5444444444444444,0.4,16.333333333333332,17.0,0.0,20.0,342.0,0.5526315789473685,0.2857142857142857,0.0,17.0,17.0,16.571428571428573,0.0,1.4107142857142865,0.7357142857142875,0.42857142857142855,17.0,17.0,0.0,18.0,1.0,1.0,0.0,6.0,0.0,0.3333333333333333,10.0,0.16666666666666666,-11.2,0,18,0.45,57.0,21,3,0,-1,0
2025,21,São Paulo,GAS,Alpine,15.333333333333334,16.4,0.0,19.0,10.0,658.0,0.532608695652174,0.4146341463414634,17.666666666666668,17.4,19.0,18.0,323.0,0.46,0.45,0.0,16.666666666666668,17.4,13.75,0.0,-1.4107142857142865,-0.7357142857142858,0.6,8.0,3.0,1.0,13.333333333333334,0.0,3.0,-9.399999999999999,7.4,0.0,0.2857142857142857,12.4,0.14285714285714285,-8.999999999999998,0,18,0.45,57.0,21,3,0,-1,0
2025,21,São Paulo,HAD,Racing Bulls,14.666666666666666,15.0,0.0,68.0,6.0,609.0,0.36666666666666664,0.6,13.333333333333334,12.0,38.0,10.0,304.0,0.38,0.55,0.05,12.333333333333334,12.2,10.2,-0.2,-1.4750000000000014,-0.625,0.7,9.83986928104575,7.588235294117647,0.0,9.532679738562091,0.2679738562091503,0.0,-2.1601307189542496,10.300248756218906,0.0,0.1513148542999289,9.797263681592039,0.2499289267945984,-4.699751243781094,0,18,0.45,57.0,21,3,0,-1,0
2025,21,São Paulo,HAM,Ferrari,4.333333333333333,4.6,37.0,324.0,3.0,353.0,0.12222222222222222,0.875,6.666666666666667,6.8,127.0,6.0,215.0,0.14,0.85,0.3,4.666666666666667,6.2,7.5,0.6,1.1500000000000004,0.7750000000000004,0.15,6.666666666666667,2.0,1.0,9.666666666666666,0.0,3.0,-0.13333333333333286,10.0,0.0,0.16666666666666666,7.0,0.3333333333333333,5.4,0,18,0.45,57.0,21,3,0,-1,0
2025,21,São Paulo,HUL,Kick Sauber,16.333333333333332,15.0,1.0,60.0,8.0,617.0,0.4673913043478261,0.4878048780487805,15.666666666666666,16.6,41.0,9.0,301.0,0.42,0.5,0.1,11.666666666666666,12.8,15.35,3.8,0.625,-0.47499999999999964,0.5,16.0,12.0,0.0,15.0,1.0,2.0,-0.6000000000000014,16.0,0.0,0.0,15.5,0.3333333333333333,1.0,0,18,0.45,57.0,21,3,0,-1,0
2025,21,São Paulo,LAW,Racing Bulls,13.666666666666666,13.6,4.0,72.0,6.0,605.0,0.358695652173913,0.6097560975609756,15.333333333333334,13.0,30.0,12.0,312.0,0.3,0.65,0.05,13.0,12.4,13.15,0.6,1.4749999999999996,0.625,0.25,9.0,9.0,0.0,5.0,0.0,1.0,-4.0,8.0,0.0,0.0,5.0,0.0,-5.6,0,18,0.45,57.0,21,3,0,-1,0
2025,21,São Paulo,LEC,Ferrari,9.333333333333334,7.0,22.0,324.0,3.0,353.0,0.14130434782608695,0.8536585365853658,3.6666666666666665,4.8,197.0,5.0,145.0,0.1,0.9,0.6,4.0,5.2,5.2,-0.4,-1.1499999999999995,-0.7750000000000004,0.85,9.666666666666666,4.0,0.0,6.0,0.3333333333333333,3.0,4.866666666666666,13.0,0.0,0.14285714285714285,8.6,0.42857142857142855,6.0,0,18,0.45,57.0,21,3,0,-1,0
2025,21,São Paulo,NOR,McLaren,3.6666666666666665,3.4,45.0,677.0,1.0,0.0,0.07777777777777778,0.925,2.0,3.0,342.0,1.0,0.0,0.1,0.9,0.85,2.6666666666666665,3.4,3.25,-0.4,0.125,0.07500000000000018,0.6,8.666666666666666,2.0,1.0,4.0,0.3333333333333333,3.0,5.666666666666666,10.0,0.0,0.16666666666666666,8.0,0.5,6.6,0,18,0.45,57.0,21,3,0,-1,1
2025,21,São Paulo,OCO,Haas F1 Team,6.333333333333333,8.6,22.0,64.0,9.0,613.0,0.2717391304347826,0.7073170731707317,14.0,14.2,26.0,16.0,316.0,0.3,0.65,0.05,15.333333333333334,16.2,15.4,-2.0,0.5750000000000011,0.5250000000000004,0.45,6.666666666666667,2.0,1.0,7.333333333333333,0.3333333333333333,3.0,-7.533333333333332,13.6,0.0,0.0,13.8,0.5714285714285714,5.0,0,18,0.45,57.0,21,3,0,-1,0
2025,21,São Paulo,PIA,McLaren,2.3333333333333335,2.8,60.0,702.0,1.0,-25.0,0.07608695652173914,0.926829268292683,4.666666666666667,7.4,335.0,2.0,7.0,0.06,0.95,0.9,5.666666666666667,5.8,3.0,1.6,-0.125,-0.07499999999999973,0.4,11.0,8.0,0.0,9.0,0.5,2.0,3.5999999999999996,6.2,1.0,0.2857142857142857,5.4,0.42857142857142855,3.4000000000000004,0,18,0.45,57.0,21,3,0,-1,0
2025,21,São Paulo,RUS,Mercedes,5.0,6.8,32.0,351.0,2.0,326.0,0.16304347826086957,0.8292682926829268,4.666666666666667,4.2,241.0,4.0,101.0,0.06,0.95,0.75,3.0,4.0,4.35,0.2,-2.0250000000000004,-2.9750000000000005,0.95,6.666666666666667,1.0,1.0,3.6666666666666665,0.3333333333333333,3.0,2.466666666666667,7.8,0.0,0.42857142857142855,6.2,0.14285714285714285,1.0,0,18,0.45,57.0,21,3,0,-1,0
2025,21,São Paulo,SAI,Williams,13.333333333333334,14.8,0.0,99.0,5.0,578.0,0.358695652173913,0.6097560975609756,15.666666666666666,12.2,29.0,14.0,313.0,0.38,0.55,0.05,12.0,10.2,11.35,2.0,-0.5750000000000011,1.174999999999999,0.3,8.333333333333334,3.0,1.0,9.0,0.3333333333333333,3.0,-3.8666666666666654,15.2,0.0,0.0,14.2,0.5714285714285714,0.3999999999999986,0,18,0.45,57.0,21,3,0,-1,0
2025,21,São Paulo,STR,Aston Martin,15.333333333333334,13.6,0.0,65.0,7.0,612.0,0.36666666666666664,0.6,13.0,14.8,28.0,15.0,314.0,0.3958333333333333,0.5263157894736842,0.0,17.333333333333332,16.6,16.263157894736842,-1.8,2.7065789473684205,0.5092105263157904,0.42105263157894735,11.333333333333334,5.0,0.0,9.333333333333334,0.3333333333333333,3.0,-3.466666666666667,11.0,0.0,0.14285714285714285,7.4,0.14285714285714285,-2.5999999999999996,0,18,0.45,57.0,21,3,0,-1,0
2025,21,São Paulo,TSU,Red Bull Racing,5.0,4.8,40.0,319.0,4.0,358.0,0.2111111111111111,0.775,10.0,9.8,20.0,17.0,322.0,0.34,0.6,0.0,12.333333333333334,10.6,11.9,-0.8,4.4,4.175000000000001,0.1,11.0,7.0,0.0,12.666666666666666,0.0,3.0,1.1999999999999993,4.6,2.0,0.3333333333333333,7.4,0.0,-0.20000000000000018,0,18,0.45,57.0,21,3,0,-1,0
2025,21,São Paulo,VER,Red Bull Racing,10.333333333333334,7.8,15.0,319.0,4.0,358.0,0.20652173913043478,0.7804878048780488,2.0,1.6,299.0,3.0,43.0,0.06,0.95,0.8,2.6666666666666665,2.0,3.1,-0.4,-4.4,-4.174999999999999,0.95,2.6666666666666665,1.0,2.0,5.0,0.0,3.0,1.0666666666666664,6.8,2.0,0.2857142857142857,10.8,0.0,-1.0,0,18,0.45,57.0,21,3,0,-1,0
2025,22,Las Vegas,ALB,Williams,13.666666666666666,14.6,0.0,99.0,5.0,613.0,0.35106382978723405,0.6190476190476191,12.333333333333334,12.8,70.0,8.0,297.0,0.28846153846153844,0.6666666666666666,0.19047619047619047,16.0,17.2,12.476190476190476,-4.4,0.4761904761904763,-1.166666666666666,0.7142857142857143,15.5,12.0,0.0,12.0,0.5,2.0,2.6999999999999993,15.25,0.0,0.0,11.25,0.25,0.6500000000000004,1,18,0.55,57.0,22,2,0,-1,0
2025,22,Las Vegas,ALO,Aston Martin,14.666666666666666,14.8,0.0,65.0,7.0,647.0,0.358695652173913,0.6097560975609756,14.0,12.8,37.0,12.0,330.0,0.28846153846153844,0.6666666666666666,0.047619047619047616,11.666666666666666,11.2,10.857142857142858,1.6,-2.6464285714285705,-0.5357142857142865,0.6,10.0,9.0,0.0,13.5,0.0,2.0,-2.8000000000000007,10.0,0.0,0.0,15.25,0.0,-4.800000000000001,1,18,0.55,57.0,22,2,0,-1,0
2025,22,Las Vegas,ANT,Mercedes,4.333333333333333,5.0,36.0,363.0,2.0,349.0,0.1595744680851064,0.8333333333333334,7.0,6.0,110.0,7.0,257.0,0.25,0.7142857142857143,0.23809523809523808,5.0,4.6,8.095238095238095,1.4,1.833333333333333,2.7857142857142856,0.09523809523809523,9.985294117647058,8.529411764705882,0.0,10.235294117647058,0.17647058823529413,0.0,3.985294117647058,4.5,1.0,0.5,6.5,0.0,-0.5,1,18,0.55,57.0,22,2,0,-1,0
2025,22,Las Vegas,BEA,Haas F1 Team,9.0,9.2,10.0,64.0,8.0,648.0,0.26595744680851063,0.7142857142857143,6.333333333333333,8.0,38.0,11.0,329.0,0.21153846153846154,0.7619047619047619,0.047619047619047616,8.666666666666666,10.0,13.952380952380953,-2.0,-0.7619047619047628,-0.6428571428571441,0.5714285714285714,9.985294117647058,8.529411764705882,0.0,10.235294117647058,0.17647058823529413,0.0,1.985294117647058,13.0,0.0,0.0,10.75,0.25,3.8000000000000007,1,18,0.55,57.0,22,2,0,-1,0
2025,22,Las Vegas,BOR,Kick Sauber,16.0,13.2,2.0,62.0,9.0,650.0,0.4574468085106383,0.5,16.0,15.2,19.0,19.0,348.0,0.4423076923076923,0.47619047619047616,0.0,16.0,14.75,14.1,-0.75,-0.4976190476190485,0.7142857142857135,0.47619047619047616,9.985294117647058,8.529411764705882,0.0,10.235294117647058,0.17647058823529413,0.0,-5.214705882352941,15.5,0.0,0.0,16.0,0.5,2.3000000000000007,1,18,0.55,57.0,22,2,0,-1,0
2025,22,Las Vegas,COL,Alpine,13.333333333333334,15.0,1.0,20.0,10.0,692.0,0.5212765957446809,0.42857142857142855,16.0,16.6,0.0,20.0,367.0,0.525,0.3333333333333333,0.0,17.666666666666668,17.0,16.666666666666668,-0.4,1.571428571428573,0.8095238095238102,0.4,14.0,14.0,0.0,14.0,0.0,1.0,-2.6000000000000014,13.0,0.0,0.0,9.0,0.5,-2.0,1,18,0.55,57.0,22,2,0,-1,0
2025,22,Las Vegas,GAS,Alpine,13.333333333333334,14.2,1.0,20.0,10.0,692.0,0.53125,0.4186046511627907,14.666666666666666,16.2,20.0,17.0,347.0,0.4423076923076923,0.47619047619047616,0.0,13.666666666666666,15.4,13.523809523809524,0.8,-1.5714285714285712,-0.8095238095238084,0.6190476190476191,15.5,11.0,0.0,4.0,0.5,2.0,-0.6999999999999993,13.4,0.0,0.0,10.2,0.6,-0.7999999999999989,1,18,0.55,57.0,22,2,0,-1,0
2025,22,Las Vegas,HAD,Racing Bulls,11.666666666666666,11.8,10.0,78.0,6.0,634.0,0.35106382978723405,0.6190476190476191,12.333333333333334,11.6,42.0,10.0,325.0,0.36538461538461536,0.5714285714285714,0.047619047619047616,11.333333333333334,10.0,9.952380952380953,1.6,-1.4523809523809526,-0.5714285714285712,0.6666666666666666,9.985294117647058,8.529411764705882,0.0,10.235294117647058,0.17647058823529413,0.0,-1.6147058823529417,10.37517730496454,0.0,0.16453900709219857,10.267021276595745,0.19893617021276594,-1.424822695035461,1,18,0.55,57.0,22,2,0,-1,0
2025,22,Las Vegas,HAM,Ferrari,13.0,10.0,18.0,324.0,4.0,388.0,0.1595744680851064,0.8333333333333334,10.0,9.2,127.0,6.0,240.0,0.17307692307692307,0.8095238095238095,0.2857142857142857,7.0,7.8,7.761904761904762,1.4,1.333333333333333,0.7142857142857144,0.19047619047619047,4.5,2.0,1.0,10.5,0.0,2.0,-4.699999999999999,3.75,0.0,0.5,2.25,0.0,-6.25,1,18,0.55,57.0,22,2,0,-1,0
2025,22,Las Vegas,HUL,Kick Sauber,15.333333333333334,15.0,2.0,62.0,9.0,650.0,0.46875,0.4883720930232558,12.0,14.4,43.0,9.0,324.0,0.40384615384615385,0.5238095238095238,0.09523809523809523,11.333333333333334,12.4,15.095238095238095,2.0,0.49761904761904674,-0.7142857142857153,0.5238095238095238,13.5,8.0,0.0,11.0,0.5,2.0,-0.9000000000000004,16.0,0.0,0.0,16.666666666666668,0.6666666666666666,1.0,1,18,0.55,57.0,22,2,0,-1,0
2025,22,Las Vegas,LAW,Racing Bulls,7.0,10.8,18.0,86.0,6.0,626.0,0.34375,0.627906976744186,12.666666666666666,11.6,36.0,13.0,331.0,0.28846153846153844,0.6666666666666666,0.047619047619047616,11.333333333333334,9.8,12.857142857142858,1.8,1.4523809523809526,0.5714285714285712,0.2857142857142857,16.0,16.0,0.0,15.0,0.0,1.0,4.4,6.0,0.0,0.0,8.0,0.0,-4.800000000000001,1,18,0.55,57.0,22,2,0,-1,0
2025,22,Las Vegas,LEC,Ferrari,15.0,11.0,4.0,328.0,4.0,384.0,0.15625,0.8372093023255814,8.0,7.8,197.0,5.0,170.0,0.1346153846153846,0.8571428571428571,0.5714285714285714,2.6666666666666665,5.0,5.095238095238095,2.8,-1.333333333333334,-0.7142857142857144,0.8095238095238095,3.0,2.0,1.0,2.5,0.0,2.0,-4.8,4.6,0.0,0.4,5.8,0.0,-6.4,1,18,0.55,57.0,22,2,0,-1,0
2025,22,Las Vegas,NOR,McLaren,3.6666666666666665,3.4,45.0,712.0,1.0,0.0,0.07446808510638298,0.9285714285714286,1.3333333333333333,2.8,367.0,1.0,0.0,0.09615384615384616,0.9047619047619048,0.8571428571428571,1.3333333333333333,3.2,3.142857142857143,-0.4,0.047619047619047894,-0.023809523809523725,0.6190476190476191,13.0,6.0,0.0,11.0,0.5,2.0,10.2,10.75,0.0,0.0,12.25,0.25,7.35,1,18,0.55,57.0,22,2,0,-1,0
2025,22,Las Vegas,OCO,Haas F1 Team,9.333333333333334,8.2,9.0,65.0,8.0,647.0,0.2604166666666667,0.7209302325581395,12.0,13.6,26.0,16.0,341.0,0.28846153846153844,0.6666666666666666,0.047619047619047616,15.333333333333334,16.6,15.476190476190476,-3.0,0.761904761904761,0.6428571428571423,0.42857142857142855,10.5,4.0,0.0,14.0,0.5,2.0,-3.0999999999999996,12.4,0.0,0.0,11.4,0.2,4.200000000000001,1,18,0.55,57.0,22,2,0,-1,0
2025,22,Las Vegas,PIA,McLaren,8.333333333333334,6.2,35.0,712.0,1.0,0.0,0.09375,0.9069767441860465,5.0,7.8,345.0,2.0,22.0,0.057692307692307696,0.9523809523809523,0.9047619047619048,6.0,6.0,3.0476190476190474,1.8,-0.04761904761904745,0.023809523809523725,0.38095238095238093,8.5,7.0,0.0,13.5,0.0,2.0,0.7000000000000002,12.4,0.0,0.0,10.0,0.4,6.2,1,18,0.55,57.0,22,2,0,-1,0
2025,22,Las Vegas,RUS,Mercedes,3.0,4.4,45.0,378.0,2.0,334.0,0.15625,0.8372093023255814,5.666666666666667,4.0,253.0,4.0,114.0,0.057692307692307696,0.9523809523809523,0.7619047619047619,4.666666666666667,4.0,4.428571428571429,0.0,-1.833333333333333,-2.7857142857142856,0.9047619047619048,4.5,1.0,1.0,2.5,0.0,2.0,0.5,4.2,1.0,0.6,8.6,0.0,-0.20000000000000018,1,18,0.55,57.0,22,2,0,-1,0
2025,22,Las Vegas,SAI,Williams,13.333333333333334,13.8,0.0,99.0,5.0,613.0,0.3645833333333333,0.6046511627906976,16.666666666666668,12.6,29.0,14.0,338.0,0.36538461538461536,0.5714285714285714,0.047619047619047616,10.333333333333334,10.6,11.523809523809524,2.0,-0.4761904761904763,1.1666666666666679,0.2857142857142857,4.5,3.0,1.0,2.0,0.0,2.0,-8.1,15.4,0.0,0.0,12.2,0.4,1.5999999999999996,1,18,0.55,57.0,22,2,0,-1,0
2025,22,Las Vegas,STR,Aston Martin,13.666666666666666,14.6,0.0,65.0,7.0,647.0,0.35106382978723405,0.6190476190476191,14.0,14.4,28.0,15.0,339.0,0.38,0.55,0.0,17.0,16.0,16.15,-1.6,2.6464285714285705,0.5357142857142847,0.4,10.0,5.0,0.0,17.0,0.0,2.0,-4.4,10.2,0.0,0.0,13.6,0.0,-4.4,1,18,0.55,57.0,22,2,0,-1,0
2025,22,Las Vegas,TSU,Red Bull Racing,7.666666666666667,7.0,30.0,334.0,3.0,378.0,0.20212765957446807,0.7857142857142857,11.666666666666666,10.6,20.0,17.0,347.0,0.3269230769230769,0.6190476190476191,0.0,14.333333333333334,12.4,12.238095238095237,-1.8,4.261904761904761,4.309523809523808,0.09523809523809523,13.5,9.0,0.0,13.5,0.5,2.0,2.9000000000000004,4.75,1.0,0.5,9.0,0.0,-2.25,1,18,0.55,57.0,22,2,0,-1,0
2025,22,Las Vegas,VER,Red Bull Racing,10.666666666666666,9.2,15.0,334.0,3.0,378.0,0.19791666666666666,0.7906976744186046,2.3333333333333335,2.0,314.0,3.0,53.0,0.057692307692307696,0.9523809523809523,0.8095238095238095,7.333333333333333,5.0,3.7142857142857144,-3.0,-4.261904761904762,-4.30952380952381,0.9523809523809523,3.0,1.0,1.0,4.0,0.0,2.0,1.0,6.2,1.0,0.4,11.0,0.0,-2.999999999999999,1,18,0.55,57.0,22,2,0,-1,1
2025,23,Lusail,ALB,Williams,11.333333333333334,12.4,10.0,109.0,5.0,603.0,0.35714285714285715,0.6136363636363636,13.0,13.4,70.0,8.0,297.0,0.3148148148148148,0.6363636363636364,0.18181818181818182,15.0,16.6,12.636363636363637,-3.2,0.75,-0.8636363636363633,0.6818181818181818,14.0,13.0,0.0,15.0,0.5,2.0,0.5999999999999996,16.25,0.0,0.0,16.25,0.75,3.8499999999999996,0,18,0.45,57.0,23,1,0,-1,0
2025,23,Lusail,ALO,Aston Martin,15.0,14.6,0.0,65.0,9.0,647.0,0.3645833333333333,0.6046511627906976,14.333333333333334,12.0,37.0,13.0,330.0,0.2777777777777778,0.6818181818181818,0.045454545454545456,10.666666666666666,10.4,10.681818181818182,1.6,-2.6352813852813863,-0.6753246753246742,0.6190476190476191,6.5,6.0,0.0,6.0,0.0,2.0,-5.5,10.5,0.0,0.0,11.0,0.25,-4.1,0,18,0.45,57.0,23,1,0,-1,0
2025,23,Lusail,ANT,Mercedes,3.0,3.6,45.0,396.0,2.0,316.0,0.15306122448979592,0.8409090909090909,3.6666666666666665,5.8,125.0,7.0,242.0,0.24074074074074073,0.7272727272727273,0.2727272727272727,8.333333333333334,7.2,8.5,-1.4,2.045454545454545,2.6818181818181817,0.09090909090909091,10.271428571428572,9.314285714285715,0.0,10.085714285714285,0.32857142857142857,0.0,4.471428571428572,9.75,0.0,0.0,3.25,0.25,6.15,0,18,0.45,57.0,23,1,0,-1,0
2025,23,Lusail,BEA,Haas F1 Team,10.333333333333334,9.2,3.0,67.0,8.0,645.0,0.25510204081632654,0.7272727272727273,6.666666666666667,7.6,39.0,11.0,328.0,0.2037037037037037,0.7727272727272727,0.045454545454545456,10.666666666666666,9.8,13.954545454545455,-2.2,-0.704545454545455,-0.5909090909090917,0.5454545454545454,10.271428571428572,9.314285714285715,0.0,10.085714285714285,0.32857142857142857,0.0,2.6714285714285726,13.75,0.0,0.0,15.5,0.75,4.550000000000001,0,18,0.45,57.0,23,1,0,-1,0
2025,23,Lusail,BOR,Kick Sauber,11.0,14.4,8.0,68.0,7.0,644.0,0.45918367346938777,0.5,15.666666666666666,16.4,19.0,19.0,348.0,0.46296296296296297,0.45454545454545453,0.0,17.0,16.0,14.285714285714286,-0.5,-0.3116883116883109,0.9090909090909083,0.45454545454545453,10.271428571428572,9.314285714285715,0.0,10.085714285714285,0.32857142857142857,0.0,-6.128571428571426,9.5,0.0,0.0,12.5,0.0,-4.9,0,18,0.45,57.0,23,1,0,-1,0
2025,23,Lusail,COL,Alpine,12.666666666666666,13.6,1.0,20.0,10.0,692.0,0.5204081632653061,0.4318181818181818,15.333333333333334,15.8,0.0,20.0,367.0,0.5476190476190477,0.3125,0.0,17.666666666666668,16.8,16.5625,-1.0,1.5994318181818183,0.8096590909090899,0.375,19.0,19.0,0.0,19.0,1.0,1.0,3.1999999999999993,11.0,0.0,0.0,11.5,0.25,-2.5999999999999996,0,18,0.45,57.0,23,1,0,-1,0
2025,23,Lusail,GAS,Alpine,14.0,13.4,0.0,20.0,10.0,692.0,0.53,0.4222222222222222,12.666666666666666,15.2,20.0,17.0,347.0,0.42592592592592593,0.5,0.0,12.333333333333334,13.8,13.363636363636363,1.4,-1.5994318181818183,-0.8096590909090917,0.6363636363636364,8.5,5.0,0.0,9.0,0.0,2.0,-6.699999999999999,11.6,0.0,0.0,13.2,0.4,-1.8000000000000007,0,18,0.45,57.0,23,1,0,-1,0
2025,23,Lusail,HAD,Racing Bulls,9.0,11.0,14.0,86.0,6.0,626.0,0.35714285714285715,0.6136363636363636,9.0,10.8,50.0,9.0,317.0,0.35185185185185186,0.5909090909090909,0.045454545454545456,7.333333333333333,10.0,9.863636363636363,0.8,-1.34090909090909,-0.7272727272727266,0.6818181818181818,10.271428571428572,9.314285714285715,0.0,10.085714285714285,0.32857142857142857,0.0,-0.5285714285714285,10.574113475177306,0.0,0.13900709219858157,9.970212765957447,0.30886524822695033,-0.42588652482269396,0,18,0.45,57.0,23,1,0,-1,0
2025,23,Lusail,HAM,Ferrari,10.333333333333334,10.2,16.0,340.0,4.0,372.0,0.15306122448979592,0.8409090909090909,11.333333333333334,9.2,131.0,6.0,236.0,0.16666666666666666,0.8181818181818182,0.2727272727272727,12.0,9.4,8.318181818181818,-0.2,1.5227272727272734,0.7727272727272725,0.18181818181818182,15.5,12.0,0.0,4.5,0.5,2.0,6.300000000000001,8.25,0.0,0.25,7.25,0.25,-1.9499999999999993,0,18,0.45,57.0,23,1,0,-1,0
2025,23,Lusail,HUL,Kick Sauber,12.333333333333334,13.2,6.0,68.0,7.0,644.0,0.45,0.5111111111111111,11.666666666666666,12.6,49.0,10.0,318.0,0.3888888888888889,0.5454545454545454,0.09090909090909091,11.333333333333334,11.2,14.909090909090908,1.4,0.3116883116883109,-0.9090909090909101,0.5454545454545454,16.0,16.0,0.0,16.5,1.0,2.0,3.4000000000000004,10.666666666666666,0.0,0.0,13.0,0.0,-2.533333333333333,0,18,0.45,57.0,23,1,0,-1,0
2025,23,Lusail,LAW,Racing Bulls,12.666666666666666,10.6,8.0,86.0,6.0,626.0,0.37,0.6,13.666666666666666,13.4,36.0,14.0,331.0,0.3148148148148148,0.6363636363636364,0.045454545454545456,9.333333333333334,10.4,12.545454545454545,3.0,1.3409090909090917,0.7272727272727266,0.2727272727272727,15.5,14.0,0.0,17.5,0.5,2.0,2.0999999999999996,18.0,0.0,0.0,6.0,1.0,7.4,0,18,0.45,57.0,23,1,0,-1,0
2025,23,Lusail,LEC,Ferrari,8.0,12.2,16.0,340.0,4.0,372.0,0.15,0.8444444444444444,8.333333333333334,6.8,209.0,5.0,158.0,0.12962962962962962,0.8636363636363636,0.5909090909090909,4.666666666666667,4.8,5.2727272727272725,2.0,-1.5227272727272725,-0.7727272727272725,0.8181818181818182,3.5,2.0,1.0,5.0,0.0,2.0,-3.3,9.0,0.0,0.2,9.4,0.2,-3.1999999999999993,0,18,0.45,57.0,23,1,0,-1,0
2025,23,Lusail,NOR,McLaren,14.666666666666666,10.0,10.0,712.0,1.0,0.0,0.11224489795918367,0.8863636363636364,7.0,5.2,367.0,1.0,0.0,0.12962962962962962,0.8636363636363636,0.8181818181818182,1.0,2.0,3.0454545454545454,3.2,-0.045454545454545414,-0.04545454545454497,0.6363636363636364,6.5,3.0,1.0,6.5,0.0,2.0,1.2999999999999998,4.5,0.0,0.75,5.75,0.0,-5.5,0,18,0.45,57.0,23,1,0,-1,0
2025,23,Lusail,OCO,Haas F1 Team,12.666666666666666,11.2,3.0,67.0,8.0,645.0,0.27,0.7111111111111111,10.0,12.6,28.0,15.0,339.0,0.2777777777777778,0.6818181818181818,0.045454545454545456,14.0,15.2,15.363636363636363,-2.6,0.7045454545454533,0.5909090909090899,0.45454545454545453,13.5,7.0,0.0,14.0,0.5,2.0,0.9000000000000004,14.8,0.0,0.0,15.0,0.8,3.6000000000000014,0,18,0.45,57.0,23,1,0,-1,0
2025,23,Lusail,PIA,McLaren,14.333333333333334,9.8,12.0,724.0,1.0,-12.0,0.11,0.8888888888888888,10.0,7.8,345.0,2.0,22.0,0.09259259259259259,0.9090909090909091,0.8636363636363636,5.666666666666667,5.2,3.1363636363636362,2.6,0.045454545454545414,0.04545454545454586,0.36363636363636365,2.5,2.0,2.0,5.0,0.0,2.0,-5.3,4.4,0.0,0.6,5.0,0.0,-5.4,0,18,0.45,57.0,23,1,0,-1,0
2025,23,Lusail,RUS,Mercedes,3.3333333333333335,3.2,43.0,406.0,2.0,306.0,0.15,0.8444444444444444,4.333333333333333,4.0,271.0,4.0,96.0,0.05555555555555555,0.9545454545454546,0.7727272727272727,4.666666666666667,3.8,4.409090909090909,0.2,-2.045454545454546,-2.6818181818181825,0.9090909090909091,4.0,4.0,0.0,2.0,0.0,2.0,0.0,8.8,0.0,0.0,3.6,0.2,5.6000000000000005,0,18,0.45,57.0,23,1,0,-1,0
2025,23,Lusail,SAI,Williams,10.666666666666666,11.2,10.0,109.0,5.0,603.0,0.35,0.6222222222222222,11.666666666666666,13.0,39.0,11.0,328.0,0.35185185185185186,0.5909090909090909,0.09090909090909091,8.333333333333334,10.8,11.136363636363637,2.2,-0.75,0.8636363636363633,0.3181818181818182,13.0,6.0,0.0,9.5,0.5,2.0,0.0,15.2,0.0,0.0,16.0,0.6,4.0,0,18,0.45,57.0,23,1,0,-1,0
2025,23,Lusail,STR,Aston Martin,12.0,13.2,6.0,71.0,9.0,641.0,0.35714285714285715,0.6136363636363636,16.0,14.6,28.0,15.0,339.0,0.40384615384615385,0.5238095238095238,0.0,15.0,15.6,15.952380952380953,-1.0,2.6352813852813846,0.675324675324676,0.38095238095238093,14.5,11.0,0.0,16.0,0.5,2.0,-0.09999999999999964,9.8,0.0,0.0,10.4,0.2,-3.3999999999999986,0,18,0.45,57.0,23,1,0,-1,0
2025,23,Lusail,TSU,Red Bull Racing,5.333333333333333,7.2,40.0,359.0,3.0,353.0,0.19387755102040816,0.7954545454545454,13.333333333333334,11.8,20.0,17.0,347.0,0.3148148148148148,0.6363636363636364,0.0,16.333333333333332,15.0,12.545454545454545,-3.2,4.454545454545455,4.363636363636363,0.09090909090909091,14.0,13.0,0.0,12.5,0.5,2.0,2.1999999999999993,7.25,2.0,0.5,6.0,0.25,0.04999999999999982,0,18,0.45,57.0,23,1,0,-1,0
2025,23,Lusail,VER,Red Bull Racing,7.666666666666667,8.6,26.0,360.0,3.0,352.0,0.19,0.8,2.3333333333333335,2.0,339.0,3.0,28.0,0.05555555555555555,0.9545454545454546,0.8181818181818182,7.666666666666667,5.2,3.6363636363636362,-3.2,-4.454545454545453,-4.363636363636364,0.9545454545454546,1.0,1.0,2.0,1.0,0.0,2.0,-1.0,7.8,2.0,0.4,8.0,0.2,-0.7999999999999998,0,18,0.45,57.0,23,1,0,-1,1
2025,24,Yas Island,ALB,Williams,6.333333333333333,9.6,25.0,124.0,5.0,618.0,0.3431372549019608,0.6304347826086957,12.666666666666666,12.8,70.0,8.0,309.0,0.30357142857142855,0.6521739130434783,0.17391304347826086,14.333333333333334,15.8,12.73913043478261,-3.0,0.891304347826086,-0.6521739130434785,0.6521739130434783,12.666666666666666,11.0,0.0,16.333333333333332,0.3333333333333333,3.0,-0.13333333333333464,15.8,0.0,0.0,17.8,0.5,6.200000000000001,0,18,0.45,57.0,24,0,0,-1,0
2025,24,Yas Island,ALO,Aston Martin,14.0,13.8,6.0,71.0,7.0,671.0,0.37,0.6,10.666666666666666,12.0,43.0,12.0,336.0,0.26785714285714285,0.6956521739130435,0.043478260869565216,8.666666666666666,10.0,10.565217391304348,2.0,-2.762845849802371,-0.866600790513834,0.6363636363636364,12.0,7.0,0.0,8.666666666666666,0.3333333333333333,3.0,0.0,10.0,0.0,0.0,10.0,0.16666666666666666,-3.8000000000000007,0,18,0.45,57.0,24,0,0,-1,0
2025,24,Yas Island,ANT,Mercedes,4.333333333333333,4.0,36.0,414.0,2.0,328.0,0.14705882352941177,0.8478260869565217,3.3333333333333335,5.8,135.0,6.0,244.0,0.23214285714285715,0.7391304347826086,0.30434782608695654,8.0,7.4,8.347826086956522,-1.6,1.9782608695652169,2.5434782608695645,0.13043478260869565,9.783333333333333,8.34,0.0,9.523333333333333,0.17,0.0,3.9833333333333334,5.2,0.0,0.16666666666666666,9.2,0.16666666666666666,1.2000000000000002,0,18,0.45,57.0,24,0,0,-1,0
2025,24,Yas Island,BEA,Haas F1 Team,14.333333333333334,13.0,2.0,67.0,9.0,675.0,0.28431372549019607,0.6956521739130435,11.666666666666666,9.6,39.0,13.0,340.0,0.23214285714285715,0.7391304347826086,0.043478260869565216,11.666666666666666,10.6,13.91304347826087,-1.0,-0.7608695652173925,-0.47826086956521685,0.5217391304347826,9.783333333333333,8.34,0.0,9.523333333333333,0.17,0.0,0.18333333333333357,15.0,0.0,0.0,11.4,0.3333333333333333,2.0,0,18,0.45,57.0,24,0,0,-1,0
2025,24,Yas Island,BOR,Kick Sauber,13.333333333333334,13.2,6.0,68.0,8.0,674.0,0.46078431372549017,0.5,16.666666666666668,15.6,19.0,19.0,360.0,0.44642857142857145,0.4782608695652174,0.0,16.0,16.0,14.272727272727273,-1.5,-0.23320158102766797,0.7173913043478262,0.4782608695652174,9.783333333333333,8.34,0.0,9.523333333333333,0.17,0.0,-5.816666666666666,15.5,0.0,0.0,13.0,1.0,2.3000000000000007,0,18,0.45,57.0,24,0,0,-1,0
2025,24,Yas Island,COL,Alpine,14.333333333333334,13.6,0.0,20.0,10.0,722.0,0.5392156862745098,0.41304347826086957,14.666666666666666,15.4,0.0,20.0,379.0,0.5681818181818182,0.29411764705882354,0.0,17.666666666666668,17.6,16.764705882352942,-2.2,1.7953964194373402,0.7161125319693085,0.4117647058823529,19.0,19.0,0.0,19.0,1.0,1.0,3.5999999999999996,10.8,0.0,0.0,11.2,0.3333333333333333,-2.799999999999999,0,18,0.45,57.0,24,0,0,-1,0
2025,24,Yas Island,GAS,Alpine,16.666666666666668,15.6,0.0,20.0,10.0,722.0,0.5480769230769231,0.40425531914893614,13.0,14.6,20.0,18.0,359.0,0.44642857142857145,0.4782608695652174,0.0,9.333333333333334,12.0,13.173913043478262,2.6,-1.7953964194373402,-0.7161125319693102,0.6086956521739131,11.333333333333334,7.0,0.0,11.0,0.0,3.0,-3.2666666666666657,13.4,0.0,0.0,13.6,0.42857142857142855,-2.1999999999999993,0,18,0.45,57.0,24,0,0,-1,0
2025,24,Yas Island,HAD,Racing Bulls,13.666666666666666,10.8,2.0,88.0,6.0,654.0,0.3627450980392157,0.6086956521739131,10.666666666666666,12.2,50.0,10.0,329.0,0.375,0.5652173913043478,0.043478260869565216,6.333333333333333,9.6,9.695652173913043,2.6,-1.413043478260871,-0.5,0.6521739130434783,9.783333333333333,8.34,0.0,9.523333333333333,0.17,0.0,-2.416666666666666,10.679850746268656,0.0,0.1621179815209666,10.235820895522387,0.2372778962331201,-0.12014925373134488,0,18,0.45,57.0,24,0,0,-1,0
2025,24,Yas Island,HAM,Ferrari,8.0,10.2,16.0,344.0,4.0,398.0,0.14705882352941177,0.8478260869565217,12.666666666666666,10.0,131.0,7.0,248.0,0.16071428571428573,0.8260869565217391,0.2608695652173913,17.0,11.8,8.73913043478261,-1.8,1.6304347826086953,0.8260869565217392,0.17391304347826086,10.333333333333334,4.0,0.0,11.333333333333334,0.3333333333333333,3.0,0.3333333333333339,5.8,0.0,0.6666666666666666,7.8,0.16666666666666666,-4.3999999999999995,0,18,0.45,57.0,24,0,0,-1,0
2025,24,Yas Island,HUL,Kick Sauber,14.666666666666666,13.6,0.0,68.0,8.0,674.0,0.4519230769230769,0.5106382978723404,12.0,12.6,49.0,11.0,330.0,0.4107142857142857,0.5217391304347826,0.08695652173913043,10.666666666666666,11.2,14.73913043478261,1.4,0.23320158102766797,-0.7173913043478262,0.5217391304347826,11.5,8.0,0.0,6.0,0.0,2.0,-1.0999999999999996,14.0,0.0,0.0,11.0,0.6666666666666666,0.40000000000000036,0,18,0.45,57.0,24,0,0,-1,0
2025,24,Yas Island,LAW,Racing Bulls,14.666666666666666,12.8,2.0,88.0,6.0,654.0,0.375,0.5957446808510638,10.0,12.2,38.0,14.0,341.0,0.30357142857142855,0.6521739130434783,0.043478260869565216,8.333333333333334,10.4,12.521739130434783,1.8,1.4130434782608692,0.5,0.30434782608695654,17.0,17.0,0.0,12.0,1.0,1.0,4.800000000000001,17.0,0.0,0.0,9.0,1.0,4.199999999999999,0,18,0.45,57.0,24,0,0,-1,0
2025,24,Yas Island,LEC,Ferrari,9.333333333333334,8.0,8.0,348.0,4.0,394.0,0.14423076923076922,0.851063829787234,10.333333333333334,7.2,213.0,5.0,166.0,0.125,0.8695652173913043,0.5652173913043478,7.333333333333333,5.4,5.478260869565218,1.8,-1.6304347826086962,-0.8260869565217392,0.8260869565217391,2.3333333333333335,2.0,3.0,6.333333333333333,0.0,3.0,-4.866666666666667,6.6,0.0,0.5714285714285714,10.2,0.14285714285714285,-1.4000000000000004,0,18,0.45,57.0,24,0,0,-1,0
2025,24,Yas Island,NOR,McLaren,8.666666666666666,10.0,30.0,742.0,1.0,0.0,0.10784313725490197,0.8913043478260869,8.0,5.4,379.0,1.0,0.0,0.125,0.8695652173913043,0.8260869565217391,1.3333333333333333,1.4,3.0,4.0,-0.021739130434782705,0.0,0.6086956521739131,4.0,1.0,1.0,4.333333333333333,0.0,3.0,-1.4000000000000004,6.2,1.0,0.16666666666666666,4.2,0.0,-3.8,0,18,0.45,57.0,24,0,0,-1,0
2025,24,Yas Island,OCO,Haas F1 Team,15.333333333333334,13.0,0.0,67.0,9.0,675.0,0.27884615384615385,0.7021276595744681,12.0,12.0,28.0,15.0,351.0,0.30357142857142855,0.6521739130434783,0.043478260869565216,15.666666666666666,15.2,15.434782608695652,-3.2,0.7608695652173907,0.4782608695652186,0.4782608695652174,9.5,7.0,0.0,10.0,0.0,2.0,-2.5,14.2,0.0,0.0,11.0,0.2857142857142857,1.1999999999999993,0,18,0.45,57.0,24,0,0,-1,0
2025,24,Yas Island,PIA,McLaren,3.0,9.6,45.0,757.0,1.0,-15.0,0.10576923076923077,0.8936170212765957,9.0,7.4,363.0,3.0,16.0,0.08928571428571429,0.9130434782608695,0.8695652173913043,3.3333333333333335,4.8,3.0434782608695654,2.6,0.021739130434782705,0.0,0.391304347826087,8.0,6.0,0.0,2.5,0.0,2.0,0.5999999999999996,5.0,1.0,0.2857142857142857,2.6,0.0,-4.6,0,18,0.45,57.0,24,0,0,-1,0
2025,24,Yas Island,RUS,Mercedes,8.666666666666666,6.2,18.0,414.0,2.0,328.0,0.14423076923076922,0.851063829787234,4.0,5.0,279.0,4.0,100.0,0.05357142857142857,0.9565217391304348,0.7391304347826086,4.666666666666667,4.4,4.391304347826087,0.6,-1.9782608695652177,-2.5434782608695654,0.8695652173913043,4.333333333333333,3.0,1.0,5.666666666666667,0.0,3.0,-0.666666666666667,7.2,0.0,0.14285714285714285,10.8,0.14285714285714285,1.0,0,18,0.45,57.0,24,0,0,-1,0
2025,24,Yas Island,SAI,Williams,10.0,10.2,15.0,124.0,5.0,618.0,0.33653846153846156,0.6382978723404256,7.0,11.6,54.0,9.0,325.0,0.3392857142857143,0.6086956521739131,0.13043478260869565,8.333333333333334,8.2,10.956521739130435,3.4,-0.8913043478260878,0.6521739130434785,0.34782608695652173,8.0,2.0,1.0,7.666666666666667,0.3333333333333333,3.0,-3.5999999999999996,15.2,0.0,0.0,17.2,0.42857142857142855,5.0,0,18,0.45,57.0,24,0,0,-1,0
2025,24,Yas Island,STR,Aston Martin,10.0,11.8,14.0,79.0,7.0,663.0,0.3627450980392157,0.6086956521739131,17.0,15.4,28.0,15.0,351.0,0.42592592592592593,0.5,0.0,15.0,16.4,16.09090909090909,-1.0,2.762845849802371,0.866600790513834,0.36363636363636365,10.666666666666666,8.0,0.0,13.333333333333334,0.3333333333333333,3.0,-4.733333333333334,9.2,0.0,0.0,9.4,0.14285714285714285,-2.6000000000000014,0,18,0.45,57.0,24,0,0,-1,0
2025,24,Yas Island,TSU,Red Bull Racing,4.0,5.4,51.0,385.0,3.0,357.0,0.18627450980392157,0.8043478260869565,13.0,11.4,21.0,17.0,358.0,0.30357142857142855,0.6521739130434783,0.0,18.0,15.6,12.695652173913043,-4.2,4.5434782608695645,4.369565217391305,0.08695652173913043,10.333333333333334,8.0,0.0,9.666666666666666,0.3333333333333333,3.0,-1.0666666666666664,6.4,2.0,0.5,5.2,0.16666666666666666,1.0,0,18,0.45,57.0,24,0,0,-1,0
2025,24,Yas Island,VER,Red Bull Racing,8.333333333333334,7.6,26.0,385.0,3.0,357.0,0.18269230769230768,0.8085106382978723,1.6666666666666667,1.8,364.0,2.0,15.0,0.05357142857142857,0.9565217391304348,0.8260869565217391,7.0,5.4,3.608695652173913,-3.6,-4.543478260869565,-4.369565217391305,0.9565217391304348,2.6666666666666665,1.0,2.0,2.3333333333333335,0.0,3.0,0.8666666666666665,9.0,1.0,0.42857142857142855,7.0,0.14285714285714285,1.4000000000000004,0,18,0.45,57.0,24,0,0,-1,1
