season,round,circuit_id,driver,team,finish_position,grid_position,points,status,dnf_flag,winner,circuit_type_encoded,circuit_avg_overtakes_last3years,circuit_safety_car_probability,circuit_lap_count,pit_stop_avg_time_loss_at_circuit
2022,1,Sakhir,LEC,Ferrari,1.0,1.0,26.0,Finished,0,1,0,18,0.45,,21.5
2022,1,Sakhir,SAI,Ferrari,2.0,3.0,18.0,Finished,0,0,0,18,0.45,,21.5
2022,1,Sakhir,HAM,Mercedes,3.0,5.0,15.0,Finished,0,0,0,18,0.45,,21.5
2022,1,Sakhir,RUS,Mercedes,4.0,9.0,12.0,Finished,0,0,0,18,0.45,,21.5
2022,1,Sakhir,MAG,Haas F1 Team,5.0,7.0,10.0,Finished,0,0,0,18,0.45,,21.5
2022,1,Sakhir,BOT,Alfa Romeo,6.0,6.0,8.0,Finished,0,0,0,18,0.45,,21.5
2022,1,Sakhir,OCO,Alpine,7.0,11.0,6.0,Finished,0,0,0,18,0.45,,21.5
2022,1,Sakhir,TSU,AlphaTauri,8.0,16.0,4.0,Finished,0,0,0,18,0.45,,21.5
2022,1,Sakhir,ALO,Alpine,9.0,8.0,2.0,Finished,0,0,0,18,0.45,,21.5
2022,1,Sakhir,ZHO,Alfa Romeo,10.0,15.0,1.0,Finished,0,0,0,18,0.45,,21.5
2022,1,Sakhir,MSC,Haas F1 Team,11.0,12.0,0.0,Finished,0,0,0,18,0.45,,21.5
2022,1,Sakhir,STR,Aston Martin,12.0,19.0,0.0,Finished,0,0,0,18,0.45,,21.5
2022,1,Sakhir,ALB,Williams,13.0,14.0,0.0,Finished,0,0,0,18,0.45,,21.5
2022,1,Sakhir,RIC,McLaren,14.0,18.0,0.0,Finished,0,0,0,18,0.45,,21.5
2022,1,Sakhir,NOR,McLaren,15.0,13.0,0.0,Finished,0,0,0,18,0.45,,21.5
2022,1,Sakhir,LAT,Williams,16.0,20.0,0.0,Finished,0,0,0,18,0.45,,21.5
2022,1,Sakhir,HUL,Aston Martin,17.0,17.0,0.0,Finished,0,0,0,18,0.45,,21.5
2022,1,Sakhir,PER,Red Bull Racing,18.0,4.0,0.0,Fuel pressure,1,0,0,18,0.45,,21.5
2022,1,Sakhir,VER,Red Bull Racing,19.0,2.0,0.0,Fuel pressure,1,0,0,18,0.45,,21.5
2022,1,Sakhir,GAS,AlphaTauri,20.0,10.0,0.0,Power Unit,1,0,0,18,0.45,,21.5
2022,2,Jeddah,VER,Red Bull Racing,1.0,4.0,25.0,Finished,0,1,1,18,0.45,,22.0
2022,2,Jeddah,LEC,Ferrari,2.0,2.0,19.0,Finished,0,0,1,18,0.45,,22.0
2022,2,Jeddah,SAI,Ferrari,3.0,3.0,15.0,Finished,0,0,1,18,0.45,,22.0
2022,2,Jeddah,PER,Red Bull Racing,4.0,1.0,12.0,Finished,0,0,1,18,0.45,,22.0
2022,2,Jeddah,RUS,Mercedes,5.0,6.0,10.0,Finished,0,0,1,18,0.45,,22.0
2022,2,Jeddah,OCO,Alpine,6.0,5.0,8.0,Finished,0,0,1,18,0.45,,22.0
2022,2,Jeddah,NOR,McLaren,7.0,11.0,6.0,Finished,0,0,1,18,0.45,,22.0
2022,2,Jeddah,GAS,AlphaTauri,8.0,9.0,4.0,Finished,0,0,1,18,0.45,,22.0
2022,2,Jeddah,MAG,Haas F1 Team,9.0,10.0,2.0,Finished,0,0,1,18,0.45,,22.0
2022,2,Jeddah,HAM,Mercedes,10.0,15.0,1.0,Finished,0,0,1,18,0.45,,22.0
2022,2,Jeddah,ZHO,Alfa Romeo,11.0,12.0,0.0,Finished,0,0,1,18,0.45,,22.0
2022,2,Jeddah,HUL,Aston Martin,12.0,17.0,0.0,Finished,0,0,1,18,0.45,,22.0
2022,2,Jeddah,STR,Aston Martin,13.0,13.0,0.0,+1 Lap,0,0,1,18,0.45,,22.0
2022,2,Jeddah,ALB,Williams,14.0,16.0,0.0,Collision damage,1,0,1,18,0.45,,22.0
2022,2,Jeddah,BOT,Alfa Romeo,15.0,8.0,0.0,Cooling system,1,0,1,18,0.45,,22.0
2022,2,Jeddah,ALO,Alpine,16.0,7.0,0.0,Water pump,1,0,1,18,0.45,,22.0
2022,2,Jeddah,RIC,McLaren,17.0,14.0,0.0,Gearbox,1,0,1,18,0.45,,22.0
2022,2,Jeddah,LAT,Williams,18.0,18.0,0.0,Accident,1,0,1,18,0.45,,22.0
2022,2,Jeddah,TSU,AlphaTauri,19.0,19.0,0.0,Power Unit,1,0,1,18,0.45,,22.0
2022,2,Jeddah,MSC,Haas F1 Team,,,0.0,Withdrew,1,0,1,18,0.45,,22.0
2022,3,Melbourne,LEC,Ferrari,1.0,1.0,26.0,Finished,0,1,1,18,0.45,,22.5
2022,3,Melbourne,PER,Red Bull Racing,2.0,3.0,18.0,Finished,0,0,1,18,0.45,,22.5
2022,3,Melbourne,RUS,Mercedes,3.0,6.0,15.0,Finished,0,0,1,18,0.45,,22.5
2022,3,Melbourne,HAM,Mercedes,4.0,5.0,12.0,Finished,0,0,1,18,0.45,,22.5
2022,3,Melbourne,NOR,McLaren,5.0,4.0,10.0,Finished,0,0,1,18,0.45,,22.5
2022,3,Melbourne,RIC,McLaren,6.0,7.0,8.0,Finished,0,0,1,18,0.45,,22.5
2022,3,Melbourne,OCO,Alpine,7.0,8.0,6.0,Finished,0,0,1,18,0.45,,22.5
2022,3,Melbourne,BOT,Alfa Romeo,8.0,12.0,4.0,Finished,0,0,1,18,0.45,,22.5
2022,3,Melbourne,GAS,AlphaTauri,9.0,11.0,2.0,Finished,0,0,1,18,0.45,,22.5
2022,3,Melbourne,ALB,Williams,10.0,20.0,1.0,Finished,0,0,1,18,0.45,,22.5
2022,3,Melbourne,ZHO,Alfa Romeo,11.0,14.0,0.0,Finished,0,0,1,18,0.45,,22.5
2022,3,Melbourne,STR,Aston Martin,12.0,19.0,0.0,Finished,0,0,1,18,0.45,,22.5
2022,3,Melbourne,MSC,Haas F1 Team,13.0,15.0,0.0,+1 Lap,0,0,1,18,0.45,,22.5
2022,3,Melbourne,MAG,Haas F1 Team,14.0,16.0,0.0,+1 Lap,0,0,1,18,0.45,,22.5
2022,3,Melbourne,TSU,AlphaTauri,15.0,13.0,0.0,+1 Lap,0,0,1,18,0.45,,22.5
2022,3,Melbourne,LAT,Williams,16.0,18.0,0.0,+1 Lap,0,0,1,18,0.45,,22.5
2022,3,Melbourne,ALO,Alpine,17.0,10.0,0.0,+1 Lap,0,0,1,18,0.45,,22.5
2022,3,Melbourne,VER,Red Bull Racing,18.0,2.0,0.0,Fuel leak,1,0,1,18,0.45,,22.5
2022,3,Melbourne,VET,Aston Martin,19.0,17.0,0.0,Accident,1,0,1,18,0.45,,22.5
2022,3,Melbourne,SAI,Ferrari,20.0,9.0,0.0,Spun off,1,0,1,18,0.45,,22.5
2022,4,Imola,VER,Red Bull Racing,1.0,1.0,26.0,Finished,0,1,0,10,0.45,,22.0
2022,4,Imola,PER,Red Bull Racing,2.0,3.0,18.0,Finished,0,0,0,10,0.45,,22.0
2022,4,Imola,NOR,McLaren,3.0,5.0,15.0,Finished,0,0,0,10,0.45,,22.0
2022,4,Imola,RUS,Mercedes,4.0,11.0,12.0,Finished,0,0,0,10,0.45,,22.0
2022,4,Imola,BOT,Alfa Romeo,5.0,7.0,10.0,Finished,0,0,0,10,0.45,,22.0
2022,4,Imola,LEC,Ferrari,6.0,2.0,8.0,Finished,0,0,0,10,0.45,,22.0
2022,4,Imola,TSU,AlphaTauri,7.0,12.0,6.0,Finished,0,0,0,10,0.45,,22.0
2022,4,Imola,VET,Aston Martin,8.0,13.0,4.0,Finished,0,0,0,10,0.45,,22.0
2022,4,Imola,MAG,Haas F1 Team,9.0,8.0,2.0,Finished,0,0,0,10,0.45,,22.0
2022,4,Imola,STR,Aston Martin,10.0,15.0,1.0,+1 Lap,0,0,0,10,0.45,,22.0
2022,4,Imola,ALB,Williams,11.0,18.0,0.0,+1 Lap,0,0,0,10,0.45,,22.0
2022,4,Imola,GAS,AlphaTauri,12.0,17.0,0.0,+1 Lap,0,0,0,10,0.45,,22.0
2022,4,Imola,HAM,Mercedes,13.0,14.0,0.0,+1 Lap,0,0,0,10,0.45,,22.0
2022,4,Imola,OCO,Alpine,14.0,16.0,0.0,+1 Lap,0,0,0,10,0.45,,22.0
2022,4,Imola,ZHO,Alfa Romeo,15.0,0.0,0.0,+1 Lap,0,0,0,10,0.45,,22.0
2022,4,Imola,LAT,Williams,16.0,19.0,0.0,+1 Lap,0,0,0,10,0.45,,22.0
2022,4,Imola,MSC,Haas F1 Team,17.0,10.0,0.0,+1 Lap,0,0,0,10,0.45,,22.0
2022,4,Imola,RIC,McLaren,18.0,6.0,0.0,+1 Lap,0,0,0,10,0.45,,22.0
2022,4,Imola,ALO,Alpine,19.0,9.0,0.0,Collision damage,1,0,0,10,0.45,,22.0
2022,4,Imola,SAI,Ferrari,20.0,4.0,0.0,Collision,1,0,0,10,0.45,,22.0
2022,5,Miami,VER,Red Bull Racing,1.0,3.0,26.0,Finished,0,1,1,20,0.6,,22.0
2022,5,Miami,LEC,Ferrari,2.0,1.0,18.0,Finished,0,0,1,20,0.6,,22.0
2022,5,Miami,SAI,Ferrari,3.0,2.0,15.0,Finished,0,0,1,20,0.6,,22.0
2022,5,Miami,PER,Red Bull Racing,4.0,4.0,12.0,Finished,0,0,1,20,0.6,,22.0
2022,5,Miami,RUS,Mercedes,5.0,12.0,10.0,Finished,0,0,1,20,0.6,,22.0
2022,5,Miami,HAM,Mercedes,6.0,6.0,8.0,Finished,0,0,1,20,0.6,,22.0
2022,5,Miami,BOT,Alfa Romeo,7.0,5.0,6.0,Finished,0,0,1,20,0.6,,22.0
2022,5,Miami,OCO,Alpine,8.0,20.0,4.0,Finished,0,0,1,20,0.6,,22.0
2022,5,Miami,ALB,Williams,9.0,18.0,2.0,Finished,0,0,1,20,0.6,,22.0
2022,5,Miami,STR,Aston Martin,10.0,0.0,1.0,Finished,0,0,1,20,0.6,,22.0
2022,5,Miami,ALO,Alpine,11.0,11.0,0.0,Finished,0,0,1,20,0.6,,22.0
2022,5,Miami,TSU,AlphaTauri,12.0,9.0,0.0,Finished,0,0,1,20,0.6,,22.0
2022,5,Miami,RIC,McLaren,13.0,14.0,0.0,Finished,0,0,1,20,0.6,,22.0
2022,5,Miami,LAT,Williams,14.0,19.0,0.0,Finished,0,0,1,20,0.6,,22.0
2022,5,Miami,MSC,Haas F1 Team,15.0,15.0,0.0,Finished,0,0,1,20,0.6,,22.0
2022,5,Miami,MAG,Haas F1 Team,16.0,16.0,0.0,Front wing,1,0,1,20,0.6,,22.0
2022,5,Miami,VET,Aston Martin,17.0,0.0,0.0,Collision,1,0,1,20,0.6,,22.0
2022,5,Miami,GAS,AlphaTauri,18.0,7.0,0.0,Suspension,1,0,1,20,0.6,,22.0
2022,5,Miami,NOR,McLaren,19.0,8.0,0.0,Collision,1,0,1,20,0.6,,22.0
2022,5,Miami,ZHO,Alfa Romeo,20.0,17.0,0.0,Water leak,1,0,1,20,0.6,,22.0
2022,6,Barcelona,VER,Red Bull Racing,1.0,2.0,25.0,Finished,0,1,0,18,0.45,,21.5
2022,6,Barcelona,PER,Red Bull Racing,2.0,5.0,19.0,Finished,0,0,0,18,0.45,,21.5
2022,6,Barcelona,RUS,Mercedes,3.0,4.0,15.0,Finished,0,0,0,18,0.45,,21.5
2022,6,Barcelona,SAI,Ferrari,4.0,3.0,12.0,Finished,0,0,0,18,0.45,,21.5
2022,6,Barcelona,HAM,Mercedes,5.0,6.0,10.0,Finished,0,0,0,18,0.45,,21.5
2022,6,Barcelona,BOT,Alfa Romeo,6.0,7.0,8.0,Finished,0,0,0,18,0.45,,21.5
2022,6,Barcelona,OCO,Alpine,7.0,12.0,6.0,Finished,0,0,0,18,0.45,,21.5
2022,6,Barcelona,NOR,McLaren,8.0,11.0,4.0,Finished,0,0,0,18,0.45,,21.5
2022,6,Barcelona,ALO,Alpine,9.0,20.0,2.0,+1 Lap,0,0,0,18,0.45,,21.5
2022,6,Barcelona,TSU,AlphaTauri,10.0,13.0,1.0,+1 Lap,0,0,0,18,0.45,,21.5
2022,6,Barcelona,VET,Aston Martin,11.0,16.0,0.0,+1 Lap,0,0,0,18,0.45,,21.5
2022,6,Barcelona,RIC,McLaren,12.0,9.0,0.0,+1 Lap,0,0,0,18,0.45,,21.5
2022,6,Barcelona,GAS,AlphaTauri,13.0,14.0,0.0,+1 Lap,0,0,0,18,0.45,,21.5
2022,6,Barcelona,MSC,Haas F1 Team,14.0,10.0,0.0,+1 Lap,0,0,0,18,0.45,,21.5
2022,6,Barcelona,STR,Aston Martin,15.0,17.0,0.0,+1 Lap,0,0,0,18,0.45,,21.5
2022,6,Barcelona,LAT,Williams,16.0,19.0,0.0,+2 Laps,0,0,0,18,0.45,,21.5
2022,6,Barcelona,MAG,Haas F1 Team,17.0,8.0,0.0,+2 Laps,0,0,0,18,0.45,,21.5
2022,6,Barcelona,ALB,Williams,18.0,18.0,0.0,+2 Laps,0,0,0,18,0.45,,21.5
2022,6,Barcelona,ZHO,Alfa Romeo,19.0,15.0,0.0,Power loss,1,0,0,18,0.45,,21.5
2022,6,Barcelona,LEC,Ferrari,20.0,1.0,0.0,Turbo,1,0,0,18,0.45,,21.5
2022,7,Monaco,PER,Red Bull Racing,1.0,3.0,25.0,Finished,0,1,1,3,0.75,,24.0
2022,7,Monaco,SAI,Ferrari,2.0,2.0,18.0,Finished,0,0,1,3,0.75,,24.0
2022,7,Monaco,VER,Red Bull Racing,3.0,4.0,15.0,Finished,0,0,1,3,0.75,,24.0
2022,7,Monaco,LEC,Ferrari,4.0,1.0,12.0,Finished,0,0,1,3,0.75,,24.0
2022,7,Monaco,RUS,Mercedes,5.0,6.0,10.0,Finished,0,0,1,3,0.75,,24.0
2022,7,Monaco,NOR,McLaren,6.0,5.0,9.0,Finished,0,0,1,3,0.75,,24.0
2022,7,Monaco,ALO,Alpine,7.0,7.0,6.0,Finished,0,0,1,3,0.75,,24.0
2022,7,Monaco,HAM,Mercedes,8.0,8.0,4.0,Finished,0,0,1,3,0.75,,24.0
2022,7,Monaco,BOT,Alfa Romeo,9.0,12.0,2.0,Finished,0,0,1,3,0.75,,24.0
2022,7,Monaco,VET,Aston Martin,10.0,9.0,1.0,Finished,0,0,1,3,0.75,,24.0
2022,7,Monaco,GAS,AlphaTauri,11.0,17.0,0.0,Finished,0,0,1,3,0.75,,24.0
2022,7,Monaco,OCO,Alpine,12.0,10.0,0.0,Finished,0,0,1,3,0.75,,24.0
2022,7,Monaco,RIC,McLaren,13.0,14.0,0.0,Finished,0,0,1,3,0.75,,24.0
2022,7,Monaco,STR,Aston Martin,14.0,18.0,0.0,Finished,0,0,1,3,0.75,,24.0
2022,7,Monaco,LAT,Williams,15.0,19.0,0.0,+1 Lap,0,0,1,3,0.75,,24.0
2022,7,Monaco,ZHO,Alfa Romeo,16.0,20.0,0.0,+1 Lap,0,0,1,3,0.75,,24.0
2022,7,Monaco,TSU,AlphaTauri,17.0,11.0,0.0,+1 Lap,0,0,1,3,0.75,,24.0
2022,7,Monaco,ALB,Williams,18.0,16.0,0.0,Mechanical,1,0,1,3,0.75,,24.0
2022,7,Monaco,MSC,Haas F1 Team,19.0,15.0,0.0,Accident,1,0,1,3,0.75,,24.0
2022,7,Monaco,MAG,Haas F1 Team,20.0,13.0,0.0,Water pressure,1,0,1,3,0.75,,24.0
2022,8,Baku,VER,Red Bull Racing,1.0,3.0,25.0,Finished,0,1,1,18,0.45,,22.0
2022,8,Baku,PER,Red Bull Racing,2.0,2.0,19.0,Finished,0,0,1,18,0.45,,22.0
2022,8,Baku,RUS,Mercedes,3.0,5.0,15.0,Finished,0,0,1,18,0.45,,22.0
2022,8,Baku,HAM,Mercedes,4.0,7.0,12.0,Finished,0,0,1,18,0.45,,22.0
2022,8,Baku,GAS,AlphaTauri,5.0,6.0,10.0,Finished,0,0,1,18,0.45,,22.0
2022,8,Baku,VET,Aston Martin,6.0,9.0,8.0,Finished,0,0,1,18,0.45,,22.0
2022,8,Baku,ALO,Alpine,7.0,10.0,6.0,Finished,0,0,1,18,0.45,,22.0
2022,8,Baku,RIC,McLaren,8.0,12.0,4.0,Finished,0,0,1,18,0.45,,22.0
2022,8,Baku,NOR,McLaren,9.0,11.0,2.0,Finished,0,0,1,18,0.45,,22.0
2022,8,Baku,OCO,Alpine,10.0,13.0,1.0,Finished,0,0,1,18,0.45,,22.0
2022,8,Baku,BOT,Alfa Romeo,11.0,15.0,0.0,+1 Lap,0,0,1,18,0.45,,22.0
2022,8,Baku,ALB,Williams,12.0,17.0,0.0,+1 Lap,0,0,1,18,0.45,,22.0
2022,8,Baku,TSU,AlphaTauri,13.0,8.0,0.0,+1 Lap,0,0,1,18,0.45,,22.0
2022,8,Baku,MSC,Haas F1 Team,14.0,20.0,0.0,+1 Lap,0,0,1,18,0.45,,22.0
2022,8,Baku,LAT,Williams,15.0,18.0,0.0,+1 Lap,0,0,1,18,0.45,,22.0
2022,8,Baku,STR,Aston Martin,16.0,19.0,0.0,Vibrations,1,0,1,18,0.45,,22.0
2022,8,Baku,MAG,Haas F1 Team,17.0,16.0,0.0,Power Unit,1,0,1,18,0.45,,22.0
2022,8,Baku,ZHO,Alfa Romeo,18.0,14.0,0.0,Hydraulics,1,0,1,18,0.45,,22.0
2022,8,Baku,LEC,Ferrari,19.0,1.0,0.0,Power Unit,1,0,1,18,0.45,,22.0
2022,8,Baku,SAI,Ferrari,20.0,4.0,0.0,Hydraulics,1,0,1,18,0.45,,22.0
2022,9,Montréal,VER,Red Bull Racing,1.0,1.0,25.0,Finished,0,1,1,18,0.45,,23.0
2022,9,Montréal,SAI,Ferrari,2.0,3.0,19.0,Finished,0,0,1,18,0.45,,23.0
2022,9,Montréal,HAM,Mercedes,3.0,4.0,15.0,Finished,0,0,1,18,0.45,,23.0
2022,9,Montréal,RUS,Mercedes,4.0,8.0,12.0,Finished,0,0,1,18,0.45,,23.0
2022,9,Montréal,LEC,Ferrari,5.0,19.0,10.0,Finished,0,0,1,18,0.45,,23.0
2022,9,Montréal,OCO,Alpine,6.0,7.0,8.0,Finished,0,0,1,18,0.45,,23.0
2022,9,Montréal,BOT,Alfa Romeo,7.0,11.0,6.0,Finished,0,0,1,18,0.45,,23.0
2022,9,Montréal,ZHO,Alfa Romeo,8.0,10.0,4.0,Finished,0,0,1,18,0.45,,23.0
2022,9,Montréal,ALO,Alpine,9.0,2.0,2.0,Finished,0,0,1,18,0.45,,23.0
2022,9,Montréal,STR,Aston Martin,10.0,17.0,1.0,Finished,0,0,1,18,0.45,,23.0
2022,9,Montréal,RIC,McLaren,11.0,9.0,0.0,Finished,0,0,1,18,0.45,,23.0
2022,9,Montréal,VET,Aston Martin,12.0,16.0,0.0,Finished,0,0,1,18,0.45,,23.0
2022,9,Montréal,ALB,Williams,13.0,12.0,0.0,Finished,0,0,1,18,0.45,,23.0
2022,9,Montréal,GAS,AlphaTauri,14.0,15.0,0.0,Finished,0,0,1,18,0.45,,23.0
2022,9,Montréal,NOR,McLaren,15.0,14.0,0.0,Finished,0,0,1,18,0.45,,23.0
2022,9,Montréal,LAT,Williams,16.0,18.0,0.0,Finished,0,0,1,18,0.45,,23.0
2022,9,Montréal,MAG,Haas F1 Team,17.0,5.0,0.0,Finished,0,0,1,18,0.45,,23.0
2022,9,Montréal,TSU,AlphaTauri,18.0,20.0,0.0,Accident,1,0,1,18,0.45,,23.0
2022,9,Montréal,MSC,Haas F1 Team,19.0,6.0,0.0,Engine,1,0,1,18,0.45,,23.0
2022,9,Montréal,PER,Red Bull Racing,20.0,13.0,0.0,Gearbox,1,0,1,18,0.45,,23.0
2022,10,Silverstone,SAI,Ferrari,1.0,1.0,25.0,Finished,0,1,0,18,0.45,,21.5
2022,10,Silverstone,PER,Red Bull Racing,2.0,4.0,18.0,Finished,0,0,0,18,0.45,,21.5
2022,10,Silverstone,HAM,Mercedes,3.0,5.0,16.0,Finished,0,0,0,18,0.45,,21.5
2022,10,Silverstone,LEC,Ferrari,4.0,3.0,12.0,Finished,0,0,0,18,0.45,,21.5
2022,10,Silverstone,ALO,Alpine,5.0,7.0,10.0,Finished,0,0,0,18,0.45,,21.5
2022,10,Silverstone,NOR,McLaren,6.0,6.0,8.0,Finished,0,0,0,18,0.45,,21.5
2022,10,Silverstone,VER,Red Bull Racing,7.0,2.0,6.0,Finished,0,0,0,18,0.45,,21.5
2022,10,Silverstone,MSC,Haas F1 Team,8.0,19.0,4.0,Finished,0,0,0,18,0.45,,21.5
2022,10,Silverstone,VET,Aston Martin,9.0,18.0,2.0,Finished,0,0,0,18,0.45,,21.5
2022,10,Silverstone,MAG,Haas F1 Team,10.0,17.0,1.0,Finished,0,0,0,18,0.45,,21.5
2022,10,Silverstone,STR,Aston Martin,11.0,20.0,0.0,Finished,0,0,0,18,0.45,,21.5
2022,10,Silverstone,LAT,Williams,12.0,10.0,0.0,Finished,0,0,0,18,0.45,,21.5
2022,10,Silverstone,RIC,McLaren,13.0,14.0,0.0,Finished,0,0,0,18,0.45,,21.5
2022,10,Silverstone,TSU,AlphaTauri,14.0,13.0,0.0,Finished,0,0,0,18,0.45,,21.5
2022,10,Silverstone,OCO,Alpine,15.0,15.0,0.0,Fuel pump,1,0,0,18,0.45,,21.5
2022,10,Silverstone,GAS,AlphaTauri,16.0,11.0,0.0,Collision damage,1,0,0,18,0.45,,21.5
2022,10,Silverstone,BOT,Alfa Romeo,17.0,12.0,0.0,Gearbox,1,0,0,18,0.45,,21.5
2022,10,Silverstone,RUS,Mercedes,18.0,8.0,0.0,Collision,1,0,0,18,0.45,,21.5
2022,10,Silverstone,ZHO,Alfa Romeo,19.0,9.0,0.0,Collision,1,0,0,18,0.45,,21.5
2022,10,Silverstone,ALB,Williams,20.0,16.0,0.0,Collision,1,0,0,18,0.45,,21.5
2022,11,Spielberg,LEC,Ferrari,1.0,2.0,25.0,Finished,0,1,0,18,0.45,,21.5
2022,11,Spielberg,VER,Red Bull Racing,2.0,1.0,19.0,Finished,0,0,0,18,0.45,,21.5
2022,11,Spielberg,HAM,Mercedes,3.0,8.0,15.0,Finished,0,0,0,18,0.45,,21.5
2022,11,Spielberg,RUS,Mercedes,4.0,4.0,12.0,Finished,0,0,0,18,0.45,,21.5
2022,11,Spielberg,OCO,Alpine,5.0,6.0,10.0,Finished,0,0,0,18,0.45,,21.5
2022,11,Spielberg,MSC,Haas F1 Team,6.0,9.0,8.0,+1 Lap,0,0,0,18,0.45,,21.5
2022,11,Spielberg,NOR,McLaren,7.0,10.0,6.0,+1 Lap,0,0,0,18,0.45,,21.5
2022,11,Spielberg,MAG,Haas F1 Team,8.0,7.0,4.0,+1 Lap,0,0,0,18,0.45,,21.5
2022,11,Spielberg,RIC,McLaren,9.0,11.0,2.0,+1 Lap,0,0,0,18,0.45,,21.5
2022,11,Spielberg,ALO,Alpine,10.0,19.0,1.0,+1 Lap,0,0,0,18,0.45,,21.5
2022,11,Spielberg,BOT,Alfa Romeo,11.0,0.0,0.0,+1 Lap,0,0,0,18,0.45,,21.5
2022,11,Spielberg,ALB,Williams,12.0,15.0,0.0,+1 Lap,0,0,0,18,0.45,,21.5
2022,11,Spielberg,STR,Aston Martin,13.0,12.0,0.0,+1 Lap,0,0,0,18,0.45,,21.5
2022,11,Spielberg,ZHO,Alfa Romeo,14.0,13.0,0.0,+1 Lap,0,0,0,18,0.45,,21.5
2022,11,Spielberg,GAS,AlphaTauri,15.0,14.0,0.0,+1 Lap,0,0,0,18,0.45,,21.5
2022,11,Spielberg,TSU,AlphaTauri,16.0,16.0,0.0,+1 Lap,0,0,0,18,0.45,,21.5
2022,11,Spielberg,VET,Aston Martin,17.0,18.0,0.0,+1 Lap,0,0,0,18,0.45,,21.5
2022,11,Spielberg,SAI,Ferrari,18.0,3.0,0.0,Power Unit,1,0,0,18,0.45,,21.5
2022,11,Spielberg,LAT,Williams,19.0,17.0,0.0,Undertray,1,0,0,18,0.45,,21.5
2022,11,Spielberg,PER,Red Bull Racing,20.0,5.0,0.0,Collision damage,1,0,0,18,0.45,,21.5
2022,12,Le Castellet,VER,Red Bull Racing,1.0,2.0,25.0,Finished,0,1,0,18,0.45,,21.5
2022,12,Le Castellet,HAM,Mercedes,2.0,4.0,18.0,Finished,0,0,0,18,0.45,,21.5
2022,12,Le Castellet,RUS,Mercedes,3.0,6.0,15.0,Finished,0,0,0,18,0.45,,21.5
2022,12,Le Castellet,PER,Red Bull Racing,4.0,3.0,12.0,Finished,0,0,0,18,0.45,,21.5
2022,12,Le Castellet,SAI,Ferrari,5.0,19.0,11.0,Finished,0,0,0,18,0.45,,21.5
2022,12,Le Castellet,ALO,Alpine,6.0,7.0,8.0,Finished,0,0,0,18,0.45,,21.5
2022,12,Le Castellet,NOR,McLaren,7.0,5.0,6.0,Finished,0,0,0,18,0.45,,21.5
2022,12,Le Castellet,OCO,Alpine,8.0,10.0,4.0,Finished,0,0,0,18,0.45,,21.5
2022,12,Le Castellet,RIC,McLaren,9.0,9.0,2.0,Finished,0,0,0,18,0.45,,21.5
2022,12,Le Castellet,STR,Aston Martin,10.0,15.0,1.0,Finished,0,0,0,18,0.45,,21.5
2022,12,Le Castellet,VET,Aston Martin,11.0,12.0,0.0,Finished,0,0,0,18,0.45,,21.5
2022,12,Le Castellet,GAS,AlphaTauri,12.0,14.0,0.0,Finished,0,0,0,18,0.45,,21.5
2022,12,Le Castellet,ALB,Williams,13.0,13.0,0.0,Finished,0,0,0,18,0.45,,21.5
2022,12,Le Castellet,BOT,Alfa Romeo,14.0,11.0,0.0,Finished,0,0,0,18,0.45,,21.5
2022,12,Le Castellet,MSC,Haas F1 Team,15.0,17.0,0.0,Finished,0,0,0,18,0.45,,21.5
2022,12,Le Castellet,ZHO,Alfa Romeo,16.0,16.0,0.0,+6 Laps,0,0,0,18,0.45,,21.5
2022,12,Le Castellet,LAT,Williams,17.0,18.0,0.0,Collision damage,1,0,0,18,0.45,,21.5
2022,12,Le Castellet,MAG,Haas F1 Team,18.0,20.0,0.0,Collision damage,1,0,0,18,0.45,,21.5
2022,12,Le Castellet,LEC,Ferrari,19.0,1.0,0.0,Accident,1,0,0,18,0.45,,21.5
2022,12,Le Castellet,TSU,AlphaTauri,20.0,8.0,0.0,Undertray,1,0,0,18,0.45,,21.5
2022,13,Budapest,VER,Red Bull Racing,1.0,10.0,25.0,Finished,0,1,0,18,0.45,,21.5
2022,13,Budapest,HAM,Mercedes,2.0,7.0,19.0,Finished,0,0,0,18,0.45,,21.5
2022,13,Budapest,RUS,Mercedes,3.0,1.0,15.0,Finished,0,0,0,18,0.45,,21.5
2022,13,Budapest,SAI,Ferrari,4.0,2.0,12.0,Finished,0,0,0,18,0.45,,21.5
2022,13,Budapest,PER,Red Bull Racing,5.0,11.0,10.0,Finished,0,0,0,18,0.45,,21.5
2022,13,Budapest,LEC,Ferrari,6.0,3.0,8.0,Finished,0,0,0,18,0.45,,21.5
2022,13,Budapest,NOR,McLaren,7.0,4.0,6.0,Finished,0,0,0,18,0.45,,21.5
2022,13,Budapest,ALO,Alpine,8.0,6.0,4.0,+1 Lap,0,0,0,18,0.45,,21.5
2022,13,Budapest,OCO,Alpine,9.0,5.0,2.0,+1 Lap,0,0,0,18,0.45,,21.5
2022,13,Budapest,VET,Aston Martin,10.0,18.0,1.0,+1 Lap,0,0,0,18,0.45,,21.5
2022,13,Budapest,STR,Aston Martin,11.0,14.0,0.0,+1 Lap,0,0,0,18,0.45,,21.5
2022,13,Budapest,GAS,AlphaTauri,12.0,0.0,0.0,+1 Lap,0,0,0,18,0.45,,21.5
2022,13,Budapest,ZHO,Alfa Romeo,13.0,12.0,0.0,+1 Lap,0,0,0,18,0.45,,21.5
2022,13,Budapest,MSC,Haas F1 Team,14.0,15.0,0.0,+1 Lap,0,0,0,18,0.45,,21.5
2022,13,Budapest,RIC,McLaren,15.0,9.0,0.0,+1 Lap,0,0,0,18,0.45,,21.5
2022,13,Budapest,MAG,Haas F1 Team,16.0,13.0,0.0,+1 Lap,0,0,0,18,0.45,,21.5
2022,13,Budapest,ALB,Williams,17.0,17.0,0.0,+1 Lap,0,0,0,18,0.45,,21.5
2022,13,Budapest,LAT,Williams,18.0,19.0,0.0,+1 Lap,0,0,0,18,0.45,,21.5
2022,13,Budapest,TSU,AlphaTauri,19.0,16.0,0.0,+2 Laps,0,0,0,18,0.45,,21.5
2022,13,Budapest,BOT,Alfa Romeo,20.0,8.0,0.0,Power Unit,1,0,0,18,0.45,,21.5
2022,14,Spa-Francorchamps,VER,Red Bull Racing,1.0,14.0,26.0,Finished,0,1,0,18,0.45,,21.5
2022,14,Spa-Francorchamps,PER,Red Bull Racing,2.0,2.0,18.0,Finished,0,0,0,18,0.45,,21.5
2022,14,Spa-Francorchamps,SAI,Ferrari,3.0,1.0,15.0,Finished,0,0,0,18,0.45,,21.5
2022,14,Spa-Francorchamps,RUS,Mercedes,4.0,5.0,12.0,Finished,0,0,0,18,0.45,,21.5
2022,14,Spa-Francorchamps,ALO,Alpine,5.0,3.0,10.0,Finished,0,0,0,18,0.45,,21.5
2022,14,Spa-Francorchamps,LEC,Ferrari,6.0,15.0,8.0,Finished,0,0,0,18,0.45,,21.5
2022,14,Spa-Francorchamps,OCO,Alpine,7.0,16.0,6.0,Finished,0,0,0,18,0.45,,21.5
2022,14,Spa-Francorchamps,VET,Aston Martin,8.0,10.0,4.0,Finished,0,0,0,18,0.45,,21.5
2022,14,Spa-Francorchamps,GAS,AlphaTauri,9.0,0.0,2.0,Finished,0,0,0,18,0.45,,21.5
2022,14,Spa-Francorchamps,ALB,Williams,10.0,6.0,1.0,Finished,0,0,0,18,0.45,,21.5
2022,14,Spa-Francorchamps,STR,Aston Martin,11.0,9.0,0.0,Finished,0,0,0,18,0.45,,21.5
2022,14,Spa-Francorchamps,NOR,McLaren,12.0,17.0,0.0,Finished,0,0,0,18,0.45,,21.5
2022,14,Spa-Francorchamps,TSU,AlphaTauri,13.0,0.0,0.0,Finished,0,0,0,18,0.45,,21.5
2022,14,Spa-Francorchamps,ZHO,Alfa Romeo,14.0,18.0,0.0,Finished,0,0,0,18,0.45,,21.5
2022,14,Spa-Francorchamps,RIC,McLaren,15.0,7.0,0.0,Finished,0,0,0,18,0.45,,21.5
2022,14,Spa-Francorchamps,MAG,Haas F1 Team,16.0,12.0,0.0,+1 Lap,0,0,0,18,0.45,,21.5
2022,14,Spa-Francorchamps,MSC,Haas F1 Team,17.0,19.0,0.0,+1 Lap,0,0,0,18,0.45,,21.5
2022,14,Spa-Francorchamps,LAT,Williams,18.0,11.0,0.0,+1 Lap,0,0,0,18,0.45,,21.5
2022,14,Spa-Francorchamps,BOT,Alfa Romeo,19.0,13.0,0.0,Accident,1,0,0,18,0.45,,21.5
2022,14,Spa-Francorchamps,HAM,Mercedes,20.0,4.0,0.0,Collision damage,1,0,0,18,0.45,,21.5
2022,15,Zandvoort,VER,Red Bull Racing,1.0,1.0,26.0,Finished,0,1,0,18,0.45,,21.5
2022,15,Zandvoort,RUS,Mercedes,2.0,6.0,18.0,Finished,0,0,0,18,0.45,,21.5
2022,15,Zandvoort,LEC,Ferrari,3.0,2.0,15.0,Finished,0,0,0,18,0.45,,21.5
2022,15,Zandvoort,HAM,Mercedes,4.0,4.0,12.0,Finished,0,0,0,18,0.45,,21.5
2022,15,Zandvoort,PER,Red Bull Racing,5.0,5.0,10.0,Finished,0,0,0,18,0.45,,21.5
2022,15,Zandvoort,ALO,Alpine,6.0,13.0,8.0,Finished,0,0,0,18,0.45,,21.5
2022,15,Zandvoort,NOR,McLaren,7.0,7.0,6.0,Finished,0,0,0,18,0.45,,21.5
2022,15,Zandvoort,SAI,Ferrari,8.0,3.0,4.0,Finished,0,0,0,18,0.45,,21.5
2022,15,Zandvoort,OCO,Alpine,9.0,12.0,2.0,Finished,0,0,0,18,0.45,,21.5
2022,15,Zandvoort,STR,Aston Martin,10.0,10.0,1.0,Finished,0,0,0,18,0.45,,21.5
2022,15,Zandvoort,GAS,AlphaTauri,11.0,11.0,0.0,Finished,0,0,0,18,0.45,,21.5
2022,15,Zandvoort,ALB,Williams,12.0,15.0,0.0,Finished,0,0,0,18,0.45,,21.5
2022,15,Zandvoort,MSC,Haas F1 Team,13.0,8.0,0.0,Finished,0,0,0,18,0.45,,21.5
2022,15,Zandvoort,VET,Aston Martin,14.0,19.0,0.0,Finished,0,0,0,18,0.45,,21.5
2022,15,Zandvoort,MAG,Haas F1 Team,15.0,18.0,0.0,Finished,0,0,0,18,0.45,,21.5
2022,15,Zandvoort,ZHO,Alfa Romeo,16.0,14.0,0.0,Finished,0,0,0,18,0.45,,21.5
2022,15,Zandvoort,RIC,McLaren,17.0,17.0,0.0,Finished,0,0,0,18,0.45,,21.5
2022,15,Zandvoort,LAT,Williams,18.0,20.0,0.0,+1 Lap,0,0,0,18,0.45,,21.5
2022,15,Zandvoort,BOT,Alfa Romeo,19.0,16.0,0.0,Engine,1,0,0,18,0.45,,21.5
2022,15,Zandvoort,TSU,AlphaTauri,20.0,9.0,0.0,Differential,1,0,0,18,0.45,,21.5
2022,16,Monza,VER,Red Bull Racing,1.0,7.0,25.0,Finished,0,1,0,18,0.45,,21.5
2022,16,Monza,LEC,Ferrari,2.0,1.0,18.0,Finished,0,0,0,18,0.45,,21.5
2022,16,Monza,RUS,Mercedes,3.0,2.0,15.0,Finished,0,0,0,18,0.45,,21.5
2022,16,Monza,SAI,Ferrari,4.0,18.0,12.0,Finished,0,0,0,18,0.45,,21.5
2022,16,Monza,HAM,Mercedes,5.0,19.0,10.0,Finished,0,0,0,18,0.45,,21.5
2022,16,Monza,PER,Red Bull Racing,6.0,13.0,9.0,Finished,0,0,0,18,0.45,,21.5
2022,16,Monza,NOR,McLaren,7.0,3.0,6.0,Finished,0,0,0,18,0.45,,21.5
2022,16,Monza,GAS,AlphaTauri,8.0,5.0,4.0,Finished,0,0,0,18,0.45,,21.5
2022,16,Monza,DEV,Williams,9.0,8.0,2.0,Finished,0,0,0,18,0.45,,21.5
2022,16,Monza,ZHO,Alfa Romeo,10.0,9.0,1.0,Finished,0,0,0,18,0.45,,21.5
2022,16,Monza,OCO,Alpine,11.0,14.0,0.0,Finished,0,0,0,18,0.45,,21.5
2022,16,Monza,MSC,Haas F1 Team,12.0,17.0,0.0,Finished,0,0,0,18,0.45,,21.5
2022,16,Monza,BOT,Alfa Romeo,13.0,15.0,0.0,+1 Lap,0,0,0,18,0.45,,21.5
2022,16,Monza,TSU,AlphaTauri,14.0,20.0,0.0,+1 Lap,0,0,0,18,0.45,,21.5
2022,16,Monza,LAT,Williams,15.0,10.0,0.0,+1 Lap,0,0,0,18,0.45,,21.5
2022,16,Monza,MAG,Haas F1 Team,16.0,16.0,0.0,+1 Lap,0,0,0,18,0.45,,21.5
2022,16,Monza,RIC,McLaren,17.0,4.0,0.0,Oil leak,1,0,0,18,0.45,,21.5
2022,16,Monza,STR,Aston Martin,18.0,12.0,0.0,Engine,1,0,0,18,0.45,,21.5
2022,16,Monza,ALO,Alpine,19.0,6.0,0.0,Water pressure,1,0,0,18,0.45,,21.5
2022,16,Monza,VET,Aston Martin,20.0,11.0,0.0,Engine,1,0,0,18,0.45,,21.5
2022,17,Marina Bay,PER,Red Bull Racing,1.0,2.0,25.0,Finished,0,1,0,18,0.45,,21.5
2022,17,Marina Bay,LEC,Ferrari,2.0,1.0,18.0,Finished,0,0,0,18,0.45,,21.5
2022,17,Marina Bay,SAI,Ferrari,3.0,4.0,15.0,Finished,0,0,0,18,0.45,,21.5
2022,17,Marina Bay,NOR,McLaren,4.0,6.0,12.0,Finished,0,0,0,18,0.45,,21.5
2022,17,Marina Bay,RIC,McLaren,5.0,16.0,10.0,Finished,0,0,0,18,0.45,,21.5
2022,17,Marina Bay,STR,Aston Martin,6.0,11.0,8.0,Finished,0,0,0,18,0.45,,21.5
2022,17,Marina Bay,VER,Red Bull Racing,7.0,8.0,6.0,Finished,0,0,0,18,0.45,,21.5
2022,17,Marina Bay,VET,Aston Martin,8.0,13.0,4.0,Finished,0,0,0,18,0.45,,21.5
2022,17,Marina Bay,HAM,Mercedes,9.0,3.0,2.0,Finished,0,0,0,18,0.45,,21.5
2022,17,Marina Bay,GAS,AlphaTauri,10.0,7.0,1.0,Finished,0,0,0,18,0.45,,21.5
2022,17,Marina Bay,BOT,Alfa Romeo,11.0,15.0,0.0,Finished,0,0,0,18,0.45,,21.5
2022,17,Marina Bay,MAG,Haas F1 Team,12.0,9.0,0.0,Finished,0,0,0,18,0.45,,21.5
2022,17,Marina Bay,MSC,Haas F1 Team,13.0,12.0,0.0,+1 Lap,0,0,0,18,0.45,,21.5
2022,17,Marina Bay,RUS,Mercedes,14.0,0.0,0.0,+2 Laps,0,0,0,18,0.45,,21.5
2022,17,Marina Bay,TSU,AlphaTauri,15.0,10.0,0.0,Accident,1,0,0,18,0.45,,21.5
2022,17,Marina Bay,OCO,Alpine,16.0,17.0,0.0,Engine,1,0,0,18,0.45,,21.5
2022,17,Marina Bay,ALB,Williams,17.0,18.0,0.0,Collision damage,1,0,0,18,0.45,,21.5
2022,17,Marina Bay,ALO,Alpine,18.0,5.0,0.0,Engine,1,0,0,18,0.45,,21.5
2022,17,Marina Bay,LAT,Williams,19.0,19.0,0.0,Collision damage,1,0,0,18,0.45,,21.5
2022,17,Marina Bay,ZHO,Alfa Romeo,20.0,14.0,0.0,Collision,1,0,0,18,0.45,,21.5
2022,18,Suzuka,VER,Red Bull Racing,1.0,1.0,25.0,Finished,0,1,0,18,0.45,,21.5
2022,18,Suzuka,PER,Red Bull Racing,2.0,4.0,18.0,Finished,0,0,0,18,0.45,,21.5
2022,18,Suzuka,LEC,Ferrari,3.0,2.0,15.0,Finished,0,0,0,18,0.45,,21.5
2022,18,Suzuka,OCO,Alpine,4.0,5.0,12.0,Finished,0,0,0,18,0.45,,21.5
2022,18,Suzuka,HAM,Mercedes,5.0,6.0,10.0,Finished,0,0,0,18,0.45,,21.5
2022,18,Suzuka,VET,Aston Martin,6.0,9.0,8.0,Finished,0,0,0,18,0.45,,21.5
2022,18,Suzuka,ALO,Alpine,7.0,7.0,6.0,Finished,0,0,0,18,0.45,,21.5
2022,18,Suzuka,RUS,Mercedes,8.0,8.0,4.0,Finished,0,0,0,18,0.45,,21.5
2022,18,Suzuka,LAT,Williams,9.0,20.0,2.0,Finished,0,0,0,18,0.45,,21.5
2022,18,Suzuka,NOR,McLaren,10.0,10.0,1.0,Finished,0,0,0,18,0.45,,21.5
2022,18,Suzuka,RIC,McLaren,11.0,11.0,0.0,Finished,0,0,0,18,0.45,,21.5
2022,18,Suzuka,STR,Aston Martin,12.0,19.0,0.0,Finished,0,0,0,18,0.45,,21.5
2022,18,Suzuka,TSU,AlphaTauri,13.0,13.0,0.0,Finished,0,0,0,18,0.45,,21.5
2022,18,Suzuka,MAG,Haas F1 Team,14.0,18.0,0.0,Finished,0,0,0,18,0.45,,21.5
2022,18,Suzuka,BOT,Alfa Romeo,15.0,12.0,0.0,Finished,0,0,0,18,0.45,,21.5
2022,18,Suzuka,ZHO,Alfa Romeo,16.0,14.0,0.0,Finished,0,0,0,18,0.45,,21.5
2022,18,Suzuka,MSC,Haas F1 Team,17.0,15.0,0.0,Finished,0,0,0,18,0.45,,21.5
2022,18,Suzuka,GAS,AlphaTauri,18.0,17.0,0.0,Finished,0,0,0,18,0.45,,21.5
2022,18,Suzuka,SAI,Ferrari,19.0,3.0,0.0,Accident,1,0,0,18,0.45,,21.5
2022,18,Suzuka,ALB,Williams,20.0,16.0,0.0,Hydraulics,1,0,0,18,0.45,,21.5
2022,19,Austin,VER,Red Bull Racing,1.0,2.0,25.0,Finished,0,1,0,18,0.45,,21.5
2022,19,Austin,HAM,Mercedes,2.0,3.0,18.0,Finished,0,0,0,18,0.45,,21.5
2022,19,Austin,LEC,Ferrari,3.0,12.0,15.0,Finished,0,0,0,18,0.45,,21.5
2022,19,Austin,PER,Red Bull Racing,4.0,9.0,12.0,Finished,0,0,0,18,0.45,,21.5
2022,19,Austin,RUS,Mercedes,5.0,4.0,11.0,Finished,0,0,0,18,0.45,,21.5
2022,19,Austin,NOR,McLaren,6.0,6.0,8.0,Finished,0,0,0,18,0.45,,21.5
2022,19,Austin,ALO,Alpine,7.0,14.0,6.0,Finished,0,0,0,18,0.45,,21.5
2022,19,Austin,VET,Aston Martin,8.0,10.0,4.0,Finished,0,0,0,18,0.45,,21.5
2022,19,Austin,MAG,Haas F1 Team,9.0,13.0,2.0,Finished,0,0,0,18,0.45,,21.5
2022,19,Austin,TSU,AlphaTauri,10.0,19.0,1.0,Finished,0,0,0,18,0.45,,21.5
2022,19,Austin,OCO,Alpine,11.0,0.0,0.0,Finished,0,0,0,18,0.45,,21.5
2022,19,Austin,ZHO,Alfa Romeo,12.0,18.0,0.0,Finished,0,0,0,18,0.45,,21.5
2022,19,Austin,ALB,Williams,13.0,8.0,0.0,Finished,0,0,0,18,0.45,,21.5
2022,19,Austin,GAS,AlphaTauri,14.0,11.0,0.0,Finished,0,0,0,18,0.45,,21.5
2022,19,Austin,MSC,Haas F1 Team,15.0,16.0,0.0,Finished,0,0,0,18,0.45,,21.5
2022,19,Austin,RIC,McLaren,16.0,15.0,0.0,Finished,0,0,0,18,0.45,,21.5
2022,19,Austin,LAT,Williams,17.0,17.0,0.0,Finished,0,0,0,18,0.45,,21.5
2022,19,Austin,STR,Aston Martin,18.0,5.0,0.0,Collision,1,0,0,18,0.45,,21.5
2022,19,Austin,BOT,Alfa Romeo,19.0,7.0,0.0,Spun off,1,0,0,18,0.45,,21.5
2022,19,Austin,SAI,Ferrari,20.0,1.0,0.0,Collision damage,1,0,0,18,0.45,,21.5
2022,20,Mexico City,VER,Red Bull Racing,1.0,1.0,25.0,Finished,0,1,0,18,0.45,,21.5
2022,20,Mexico City,HAM,Mercedes,2.0,3.0,18.0,Finished,0,0,0,18,0.45,,21.5
2022,20,Mexico City,PER,Red Bull Racing,3.0,4.0,15.0,Finished,0,0,0,18,0.45,,21.5
2022,20,Mexico City,RUS,Mercedes,4.0,2.0,13.0,Finished,0,0,0,18,0.45,,21.5
2022,20,Mexico City,SAI,Ferrari,5.0,5.0,10.0,Finished,0,0,0,18,0.45,,21.5
2022,20,Mexico City,LEC,Ferrari,6.0,7.0,8.0,Finished,0,0,0,18,0.45,,21.5
2022,20,Mexico City,RIC,McLaren,7.0,11.0,6.0,+1 Lap,0,0,0,18,0.45,,21.5
2022,20,Mexico City,OCO,Alpine,8.0,10.0,4.0,+1 Lap,0,0,0,18,0.45,,21.5
2022,20,Mexico City,NOR,McLaren,9.0,8.0,2.0,+1 Lap,0,0,0,18,0.45,,21.5
2022,20,Mexico City,BOT,Alfa Romeo,10.0,6.0,1.0,+1 Lap,0,0,0,18,0.45,,21.5
2022,20,Mexico City,GAS,AlphaTauri,11.0,14.0,0.0,+1 Lap,0,0,0,18,0.45,,21.5
2022,20,Mexico City,ALB,Williams,12.0,17.0,0.0,+1 Lap,0,0,0,18,0.45,,21.5
2022,20,Mexico City,ZHO,Alfa Romeo,13.0,12.0,0.0,+1 Lap,0,0,0,18,0.45,,21.5
2022,20,Mexico City,VET,Aston Martin,14.0,16.0,0.0,+1 Lap,0,0,0,18,0.45,,21.5
2022,20,Mexico City,STR,Aston Martin,15.0,20.0,0.0,+1 Lap,0,0,0,18,0.45,,21.5
2022,20,Mexico City,MSC,Haas F1 Team,16.0,15.0,0.0,+1 Lap,0,0,0,18,0.45,,21.5
2022,20,Mexico City,MAG,Haas F1 Team,17.0,19.0,0.0,+1 Lap,0,0,0,18,0.45,,21.5
2022,20,Mexico City,LAT,Williams,18.0,18.0,0.0,+2 Laps,0,0,0,18,0.45,,21.5
2022,20,Mexico City,ALO,Alpine,19.0,9.0,0.0,Engine,1,0,0,18,0.45,,21.5
2022,20,Mexico City,TSU,AlphaTauri,20.0,13.0,0.0,Collision damage,1,0,0,18,0.45,,21.5
2022,21,São Paulo,RUS,Mercedes,1.0,1.0,26.0,Finished,0,1,0,18,0.45,,21.5
2022,21,São Paulo,HAM,Mercedes,2.0,2.0,18.0,Finished,0,0,0,18,0.45,,21.5
2022,21,São Paulo,SAI,Ferrari,3.0,7.0,15.0,Finished,0,0,0,18,0.45,,21.5
2022,21,São Paulo,LEC,Ferrari,4.0,5.0,12.0,Finished,0,0,0,18,0.45,,21.5
2022,21,São Paulo,ALO,Alpine,5.0,17.0,10.0,Finished,0,0,0,18,0.45,,21.5
2022,21,São Paulo,VER,Red Bull Racing,6.0,3.0,8.0,Finished,0,0,0,18,0.45,,21.5
2022,21,São Paulo,PER,Red Bull Racing,7.0,4.0,6.0,Finished,0,0,0,18,0.45,,21.5
2022,21,São Paulo,OCO,Alpine,8.0,16.0,4.0,Finished,0,0,0,18,0.45,,21.5
2022,21,São Paulo,BOT,Alfa Romeo,9.0,14.0,2.0,Finished,0,0,0,18,0.45,,21.5
2022,21,São Paulo,STR,Aston Martin,10.0,15.0,1.0,Finished,0,0,0,18,0.45,,21.5
2022,21,São Paulo,VET,Aston Martin,11.0,9.0,0.0,Finished,0,0,0,18,0.45,,21.5
2022,21,São Paulo,ZHO,Alfa Romeo,12.0,13.0,0.0,Finished,0,0,0,18,0.45,,21.5
2022,21,São Paulo,MSC,Haas F1 Team,13.0,12.0,0.0,Finished,0,0,0,18,0.45,,21.5
2022,21,São Paulo,GAS,AlphaTauri,14.0,10.0,0.0,Finished,0,0,0,18,0.45,,21.5
2022,21,São Paulo,ALB,Williams,15.0,19.0,0.0,Finished,0,0,0,18,0.45,,21.5
2022,21,São Paulo,LAT,Williams,16.0,18.0,0.0,Finished,0,0,0,18,0.45,,21.5
2022,21,São Paulo,TSU,AlphaTauri,17.0,0.0,0.0,+1 Lap,0,0,0,18,0.45,,21.5
2022,21,São Paulo,NOR,McLaren,18.0,6.0,0.0,Gearbox,1,0,0,18,0.45,,21.5
2022,21,São Paulo,MAG,Haas F1 Team,19.0,8.0,0.0,Collision,1,0,0,18,0.45,,21.5
2022,21,São Paulo,RIC,McLaren,20.0,11.0,0.0,Collision,1,0,0,18,0.45,,21.5
2022,22,Yas Island,VER,Red Bull Racing,1.0,1.0,25.0,Finished,0,1,0,18,0.45,,21.5
2022,22,Yas Island,LEC,Ferrari,2.0,3.0,18.0,Finished,0,0,0,18,0.45,,21.5
2022,22,Yas Island,PER,Red Bull Racing,3.0,2.0,15.0,Finished,0,0,0,18,0.45,,21.5
2022,22,Yas Island,SAI,Ferrari,4.0,4.0,12.0,Finished,0,0,0,18,0.45,,21.5
2022,22,Yas Island,RUS,Mercedes,5.0,6.0,10.0,Finished,0,0,0,18,0.45,,21.5
2022,22,Yas Island,NOR,McLaren,6.0,7.0,9.0,Finished,0,0,0,18,0.45,,21.5
2022,22,Yas Island,OCO,Alpine,7.0,8.0,6.0,Finished,0,0,0,18,0.45,,21.5
2022,22,Yas Island,STR,Aston Martin,8.0,14.0,4.0,Finished,0,0,0,18,0.45,,21.5
2022,22,Yas Island,RIC,McLaren,9.0,13.0,2.0,Finished,0,0,0,18,0.45,,21.5
2022,22,Yas Island,VET,Aston Martin,10.0,9.0,1.0,Finished,0,0,0,18,0.45,,21.5
2022,22,Yas Island,TSU,AlphaTauri,11.0,11.0,0.0,Finished,0,0,0,18,0.45,,21.5
2022,22,Yas Island,ZHO,Alfa Romeo,12.0,15.0,0.0,+1 Lap,0,0,0,18,0.45,,21.5
2022,22,Yas Island,ALB,Williams,13.0,19.0,0.0,+1 Lap,0,0,0,18,0.45,,21.5
2022,22,Yas Island,GAS,AlphaTauri,14.0,17.0,0.0,+1 Lap,0,0,0,18,0.45,,21.5
2022,22,Yas Island,BOT,Alfa Romeo,15.0,18.0,0.0,+1 Lap,0,0,0,18,0.45,,21.5
2022,22,Yas Island,MSC,Haas F1 Team,16.0,12.0,0.0,+1 Lap,0,0,0,18,0.45,,21.5
2022,22,Yas Island,MAG,Haas F1 Team,17.0,16.0,0.0,+1 Lap,0,0,0,18,0.45,,21.5
2022,22,Yas Island,HAM,Mercedes,18.0,5.0,0.0,Hydraulics,1,0,0,18,0.45,,21.5
2022,22,Yas Island,LAT,Williams,19.0,20.0,0.0,Collision damage,1,0,0,18,0.45,,21.5
2022,22,Yas Island,ALO,Alpine,20.0,10.0,0.0,Water leak,1,0,0,18,0.45,,21.5
2023,1,Sakhir,VER,Red Bull Racing,1.0,1.0,25.0,Finished,0,1,0,18,0.45,,21.5
2023,1,Sakhir,PER,Red Bull Racing,2.0,2.0,18.0,Finished,0,0,0,18,0.45,,21.5
2023,1,Sakhir,ALO,Aston Martin,3.0,5.0,15.0,Finished,0,0,0,18,0.45,,21.5
2023,1,Sakhir,SAI,Ferrari,4.0,4.0,12.0,Finished,0,0,0,18,0.45,,21.5
2023,1,Sakhir,HAM,Mercedes,5.0,7.0,10.0,Finished,0,0,0,18,0.45,,21.5
2023,1,Sakhir,STR,Aston Martin,6.0,8.0,8.0,Finished,0,0,0,18,0.45,,21.5
2023,1,Sakhir,RUS,Mercedes,7.0,6.0,6.0,Finished,0,0,0,18,0.45,,21.5
2023,1,Sakhir,BOT,Alfa Romeo,8.0,12.0,4.0,Finished,0,0,0,18,0.45,,21.5
2023,1,Sakhir,GAS,Alpine,9.0,20.0,2.0,Finished,0,0,0,18,0.45,,21.5
2023,1,Sakhir,ALB,Williams,10.0,15.0,1.0,Finished,0,0,0,18,0.45,,21.5
2023,1,Sakhir,TSU,AlphaTauri,11.0,14.0,0.0,Finished,0,0,0,18,0.45,,21.5
2023,1,Sakhir,SAR,Williams,12.0,16.0,0.0,Lapped,1,0,0,18,0.45,,21.5
2023,1,Sakhir,MAG,Haas F1 Team,13.0,17.0,0.0,Lapped,1,0,0,18,0.45,,21.5
2023,1,Sakhir,DEV,AlphaTauri,14.0,19.0,0.0,Lapped,1,0,0,18,0.45,,21.5
2023,1,Sakhir,HUL,Haas F1 Team,15.0,10.0,0.0,Lapped,1,0,0,18,0.45,,21.5
2023,1,Sakhir,ZHO,Alfa Romeo,16.0,13.0,0.0,Lapped,1,0,0,18,0.45,,21.5
2023,1,Sakhir,NOR,McLaren,17.0,11.0,0.0,Lapped,1,0,0,18,0.45,,21.5
2023,1,Sakhir,OCO,Alpine,18.0,9.0,0.0,Retired,1,0,0,18,0.45,,21.5
2023,1,Sakhir,LEC,Ferrari,19.0,3.0,0.0,Retired,1,0,0,18,0.45,,21.5
2023,1,Sakhir,PIA,McLaren,20.0,18.0,0.0,Retired,1,0,0,18,0.45,,21.5
2023,2,Jeddah,PER,Red Bull Racing,1.0,1.0,25.0,Finished,0,1,1,18,0.45,,22.0
2023,2,Jeddah,VER,Red Bull Racing,2.0,15.0,19.0,Finished,0,0,1,18,0.45,,22.0
2023,2,Jeddah,ALO,Aston Martin,3.0,2.0,15.0,Finished,0,0,1,18,0.45,,22.0
2023,2,Jeddah,RUS,Mercedes,4.0,3.0,12.0,Finished,0,0,1,18,0.45,,22.0
2023,2,Jeddah,HAM,Mercedes,5.0,7.0,10.0,Finished,0,0,1,18,0.45,,22.0
2023,2,Jeddah,SAI,Ferrari,6.0,4.0,8.0,Finished,0,0,1,18,0.45,,22.0
2023,2,Jeddah,LEC,Ferrari,7.0,12.0,6.0,Finished,0,0,1,18,0.45,,22.0
2023,2,Jeddah,OCO,Alpine,8.0,6.0,4.0,Finished,0,0,1,18,0.45,,22.0
2023,2,Jeddah,GAS,Alpine,9.0,9.0,2.0,Finished,0,0,1,18,0.45,,22.0
2023,2,Jeddah,MAG,Haas F1 Team,10.0,13.0,1.0,Finished,0,0,1,18,0.45,,22.0
2023,2,Jeddah,TSU,AlphaTauri,11.0,16.0,0.0,Finished,0,0,1,18,0.45,,22.0
2023,2,Jeddah,HUL,Haas F1 Team,12.0,10.0,0.0,Finished,0,0,1,18,0.45,,22.0
2023,2,Jeddah,ZHO,Alfa Romeo,13.0,11.0,0.0,Finished,0,0,1,18,0.45,,22.0
2023,2,Jeddah,DEV,AlphaTauri,14.0,18.0,0.0,Finished,0,0,1,18,0.45,,22.0
2023,2,Jeddah,PIA,McLaren,15.0,8.0,0.0,Finished,0,0,1,18,0.45,,22.0
2023,2,Jeddah,SAR,Williams,16.0,20.0,0.0,Finished,0,0,1,18,0.45,,22.0
2023,2,Jeddah,NOR,McLaren,17.0,19.0,0.0,Finished,0,0,1,18,0.45,,22.0
2023,2,Jeddah,BOT,Alfa Romeo,18.0,14.0,0.0,Lapped,1,0,1,18,0.45,,22.0
2023,2,Jeddah,ALB,Williams,19.0,17.0,0.0,Retired,1,0,1,18,0.45,,22.0
2023,2,Jeddah,STR,Aston Martin,20.0,5.0,0.0,Retired,1,0,1,18,0.45,,22.0
2023,3,Melbourne,VER,Red Bull Racing,1.0,1.0,25.0,Finished,0,1,1,18,0.45,,22.5
2023,3,Melbourne,HAM,Mercedes,2.0,3.0,18.0,Finished,0,0,1,18,0.45,,22.5
2023,3,Melbourne,ALO,Aston Martin,3.0,4.0,15.0,Finished,0,0,1,18,0.45,,22.5
2023,3,Melbourne,STR,Aston Martin,4.0,6.0,12.0,Finished,0,0,1,18,0.45,,22.5
2023,3,Melbourne,PER,Red Bull Racing,5.0,20.0,11.0,Finished,0,0,1,18,0.45,,22.5
2023,3,Melbourne,NOR,McLaren,6.0,13.0,8.0,Finished,0,0,1,18,0.45,,22.5
2023,3,Melbourne,HUL,Haas F1 Team,7.0,10.0,6.0,Finished,0,0,1,18,0.45,,22.5
2023,3,Melbourne,PIA,McLaren,8.0,16.0,4.0,Finished,0,0,1,18,0.45,,22.5
2023,3,Melbourne,ZHO,Alfa Romeo,9.0,17.0,2.0,Finished,0,0,1,18,0.45,,22.5
2023,3,Melbourne,TSU,AlphaTauri,10.0,12.0,1.0,Finished,0,0,1,18,0.45,,22.5
2023,3,Melbourne,BOT,Alfa Romeo,11.0,19.0,0.0,Finished,0,0,1,18,0.45,,22.5
2023,3,Melbourne,SAI,Ferrari,12.0,5.0,0.0,Finished,0,0,1,18,0.45,,22.5
2023,3,Melbourne,GAS,Alpine,13.0,9.0,0.0,Retired,1,0,1,18,0.45,,22.5
2023,3,Melbourne,OCO,Alpine,14.0,11.0,0.0,Retired,1,0,1,18,0.45,,22.5
2023,3,Melbourne,DEV,AlphaTauri,15.0,15.0,0.0,Retired,1,0,1,18,0.45,,22.5
2023,3,Melbourne,SAR,Williams,16.0,18.0,0.0,Retired,1,0,1,18,0.45,,22.5
2023,3,Melbourne,MAG,Haas F1 Team,17.0,14.0,0.0,Retired,1,0,1,18,0.45,,22.5
2023,3,Melbourne,RUS,Mercedes,18.0,2.0,0.0,Retired,1,0,1,18,0.45,,22.5
2023,3,Melbourne,ALB,Williams,19.0,8.0,0.0,Retired,1,0,1,18,0.45,,22.5
2023,3,Melbourne,LEC,Ferrari,20.0,7.0,0.0,Retired,1,0,1,18,0.45,,22.5
2023,4,Baku,PER,Red Bull Racing,1.0,3.0,25.0,Finished,0,1,1,18,0.45,,22.0
2023,4,Baku,VER,Red Bull Racing,2.0,2.0,18.0,Finished,0,0,1,18,0.45,,22.0
2023,4,Baku,LEC,Ferrari,3.0,1.0,15.0,Finished,0,0,1,18,0.45,,22.0
2023,4,Baku,ALO,Aston Martin,4.0,6.0,12.0,Finished,0,0,1,18,0.45,,22.0
2023,4,Baku,SAI,Ferrari,5.0,4.0,10.0,Finished,0,0,1,18,0.45,,22.0
2023,4,Baku,HAM,Mercedes,6.0,5.0,8.0,Finished,0,0,1,18,0.45,,22.0
2023,4,Baku,STR,Aston Martin,7.0,9.0,6.0,Finished,0,0,1,18,0.45,,22.0
2023,4,Baku,RUS,Mercedes,8.0,11.0,5.0,Finished,0,0,1,18,0.45,,22.0
2023,4,Baku,NOR,McLaren,9.0,7.0,2.0,Finished,0,0,1,18,0.45,,22.0
2023,4,Baku,TSU,AlphaTauri,10.0,8.0,1.0,Finished,0,0,1,18,0.45,,22.0
2023,4,Baku,PIA,McLaren,11.0,10.0,0.0,Finished,0,0,1,18,0.45,,22.0
2023,4,Baku,ALB,Williams,12.0,12.0,0.0,Finished,0,0,1,18,0.45,,22.0
2023,4,Baku,MAG,Haas F1 Team,13.0,16.0,0.0,Finished,0,0,1,18,0.45,,22.0
2023,4,Baku,GAS,Alpine,14.0,17.0,0.0,Finished,0,0,1,18,0.45,,22.0
2023,4,Baku,OCO,Alpine,15.0,19.0,0.0,Finished,0,0,1,18,0.45,,22.0
2023,4,Baku,SAR,Williams,16.0,14.0,0.0,Finished,0,0,1,18,0.45,,22.0
2023,4,Baku,HUL,Haas F1 Team,17.0,20.0,0.0,Lapped,1,0,1,18,0.45,,22.0
2023,4,Baku,BOT,Alfa Romeo,18.0,13.0,0.0,Lapped,1,0,1,18,0.45,,22.0
2023,4,Baku,ZHO,Alfa Romeo,19.0,15.0,0.0,Retired,1,0,1,18,0.45,,22.0
2023,4,Baku,DEV,AlphaTauri,20.0,18.0,0.0,Retired,1,0,1,18,0.45,,22.0
2023,5,Miami,VER,Red Bull Racing,1.0,9.0,26.0,Finished,0,1,1,20,0.6,,22.0
2023,5,Miami,PER,Red Bull Racing,2.0,1.0,18.0,Finished,0,0,1,20,0.6,,22.0
2023,5,Miami,ALO,Aston Martin,3.0,2.0,15.0,Finished,0,0,1,20,0.6,,22.0
2023,5,Miami,RUS,Mercedes,4.0,6.0,12.0,Finished,0,0,1,20,0.6,,22.0
2023,5,Miami,SAI,Ferrari,5.0,3.0,10.0,Finished,0,0,1,20,0.6,,22.0
2023,5,Miami,HAM,Mercedes,6.0,13.0,8.0,Finished,0,0,1,20,0.6,,22.0
2023,5,Miami,LEC,Ferrari,7.0,7.0,6.0,Finished,0,0,1,20,0.6,,22.0
2023,5,Miami,GAS,Alpine,8.0,5.0,4.0,Finished,0,0,1,20,0.6,,22.0
2023,5,Miami,OCO,Alpine,9.0,8.0,2.0,Finished,0,0,1,20,0.6,,22.0
2023,5,Miami,MAG,Haas F1 Team,10.0,4.0,1.0,Finished,0,0,1,20,0.6,,22.0
2023,5,Miami,TSU,AlphaTauri,11.0,17.0,0.0,Finished,0,0,1,20,0.6,,22.0
2023,5,Miami,STR,Aston Martin,12.0,18.0,0.0,Finished,0,0,1,20,0.6,,22.0
2023,5,Miami,BOT,Alfa Romeo,13.0,10.0,0.0,Finished,0,0,1,20,0.6,,22.0
2023,5,Miami,ALB,Williams,14.0,11.0,0.0,Finished,0,0,1,20,0.6,,22.0
2023,5,Miami,HUL,Haas F1 Team,15.0,12.0,0.0,Finished,0,0,1,20,0.6,,22.0
2023,5,Miami,ZHO,Alfa Romeo,16.0,14.0,0.0,Finished,0,0,1,20,0.6,,22.0
2023,5,Miami,NOR,McLaren,17.0,16.0,0.0,Finished,0,0,1,20,0.6,,22.0
2023,5,Miami,DEV,AlphaTauri,18.0,15.0,0.0,Finished,0,0,1,20,0.6,,22.0
2023,5,Miami,PIA,McLaren,19.0,19.0,0.0,Lapped,1,0,1,20,0.6,,22.0
2023,5,Miami,SAR,Williams,20.0,20.0,0.0,Lapped,1,0,1,20,0.6,,22.0
2023,6,Monaco,VER,Red Bull Racing,1.0,1.0,25.0,Finished,0,1,1,3,0.75,,24.0
2023,6,Monaco,ALO,Aston Martin,2.0,2.0,18.0,Finished,0,0,1,3,0.75,,24.0
2023,6,Monaco,OCO,Alpine,3.0,3.0,15.0,Finished,0,0,1,3,0.75,,24.0
2023,6,Monaco,HAM,Mercedes,4.0,5.0,13.0,Finished,0,0,1,3,0.75,,24.0
2023,6,Monaco,RUS,Mercedes,5.0,8.0,10.0,Finished,0,0,1,3,0.75,,24.0
2023,6,Monaco,LEC,Ferrari,6.0,6.0,8.0,Finished,0,0,1,3,0.75,,24.0
2023,6,Monaco,GAS,Alpine,7.0,7.0,6.0,Finished,0,0,1,3,0.75,,24.0
2023,6,Monaco,SAI,Ferrari,8.0,4.0,4.0,Finished,0,0,1,3,0.75,,24.0
2023,6,Monaco,NOR,McLaren,9.0,10.0,2.0,Lapped,1,0,1,3,0.75,,24.0
2023,6,Monaco,PIA,McLaren,10.0,11.0,1.0,Lapped,1,0,1,3,0.75,,24.0
2023,6,Monaco,BOT,Alfa Romeo,11.0,15.0,0.0,Lapped,1,0,1,3,0.75,,24.0
2023,6,Monaco,DEV,AlphaTauri,12.0,12.0,0.0,Lapped,1,0,1,3,0.75,,24.0
2023,6,Monaco,ZHO,Alfa Romeo,13.0,19.0,0.0,Lapped,1,0,1,3,0.75,,24.0
2023,6,Monaco,ALB,Williams,14.0,13.0,0.0,Lapped,1,0,1,3,0.75,,24.0
2023,6,Monaco,TSU,AlphaTauri,15.0,9.0,0.0,Lapped,1,0,1,3,0.75,,24.0
2023,6,Monaco,PER,Red Bull Racing,16.0,20.0,0.0,Lapped,1,0,1,3,0.75,,24.0
2023,6,Monaco,HUL,Haas F1 Team,17.0,18.0,0.0,Lapped,1,0,1,3,0.75,,24.0
2023,6,Monaco,SAR,Williams,18.0,16.0,0.0,Lapped,1,0,1,3,0.75,,24.0
2023,6,Monaco,MAG,Haas F1 Team,19.0,17.0,0.0,Retired,1,0,1,3,0.75,,24.0
2023,6,Monaco,STR,Aston Martin,20.0,14.0,0.0,Retired,1,0,1,3,0.75,,24.0
2023,7,Barcelona,VER,Red Bull Racing,1.0,1.0,26.0,Finished,0,1,0,18,0.45,,21.5
2023,7,Barcelona,HAM,Mercedes,2.0,4.0,18.0,Finished,0,0,0,18,0.45,,21.5
2023,7,Barcelona,RUS,Mercedes,3.0,12.0,15.0,Finished,0,0,0,18,0.45,,21.5
2023,7,Barcelona,PER,Red Bull Racing,4.0,11.0,12.0,Finished,0,0,0,18,0.45,,21.5
2023,7,Barcelona,SAI,Ferrari,5.0,2.0,10.0,Finished,0,0,0,18,0.45,,21.5
2023,7,Barcelona,STR,Aston Martin,6.0,5.0,8.0,Finished,0,0,0,18,0.45,,21.5
2023,7,Barcelona,ALO,Aston Martin,7.0,8.0,6.0,Finished,0,0,0,18,0.45,,21.5
2023,7,Barcelona,OCO,Alpine,8.0,6.0,4.0,Finished,0,0,0,18,0.45,,21.5
2023,7,Barcelona,ZHO,Alfa Romeo,9.0,13.0,2.0,Finished,0,0,0,18,0.45,,21.5
2023,7,Barcelona,GAS,Alpine,10.0,10.0,1.0,Finished,0,0,0,18,0.45,,21.5
2023,7,Barcelona,LEC,Ferrari,11.0,19.0,0.0,Finished,0,0,0,18,0.45,,21.5
2023,7,Barcelona,TSU,AlphaTauri,12.0,15.0,0.0,Finished,0,0,0,18,0.45,,21.5
2023,7,Barcelona,PIA,McLaren,13.0,9.0,0.0,Lapped,1,0,0,18,0.45,,21.5
2023,7,Barcelona,DEV,AlphaTauri,14.0,14.0,0.0,Lapped,1,0,0,18,0.45,,21.5
2023,7,Barcelona,HUL,Haas F1 Team,15.0,7.0,0.0,Lapped,1,0,0,18,0.45,,21.5
2023,7,Barcelona,ALB,Williams,16.0,18.0,0.0,Lapped,1,0,0,18,0.45,,21.5
2023,7,Barcelona,NOR,McLaren,17.0,3.0,0.0,Lapped,1,0,0,18,0.45,,21.5
2023,7,Barcelona,MAG,Haas F1 Team,18.0,17.0,0.0,Lapped,1,0,0,18,0.45,,21.5
2023,7,Barcelona,BOT,Alfa Romeo,19.0,16.0,0.0,Lapped,1,0,0,18,0.45,,21.5
2023,7,Barcelona,SAR,Williams,20.0,20.0,0.0,Lapped,1,0,0,18,0.45,,21.5
2023,8,Montréal,VER,Red Bull Racing,1.0,1.0,25.0,Finished,0,1,1,18,0.45,,23.0
2023,8,Montréal,ALO,Aston Martin,2.0,2.0,18.0,Finished,0,0,1,18,0.45,,23.0
2023,8,Montréal,HAM,Mercedes,3.0,3.0,15.0,Finished,0,0,1,18,0.45,,23.0
2023,8,Montréal,LEC,Ferrari,4.0,10.0,12.0,Finished,0,0,1,18,0.45,,23.0
2023,8,Montréal,SAI,Ferrari,5.0,11.0,10.0,Finished,0,0,1,18,0.45,,23.0
2023,8,Montréal,PER,Red Bull Racing,6.0,12.0,9.0,Finished,0,0,1,18,0.45,,23.0
2023,8,Montréal,ALB,Williams,7.0,9.0,6.0,Finished,0,0,1,18,0.45,,23.0
2023,8,Montréal,OCO,Alpine,8.0,6.0,4.0,Finished,0,0,1,18,0.45,,23.0
2023,8,Montréal,STR,Aston Martin,9.0,16.0,2.0,Finished,0,0,1,18,0.45,,23.0
2023,8,Montréal,BOT,Alfa Romeo,10.0,14.0,1.0,Finished,0,0,1,18,0.45,,23.0
2023,8,Montréal,PIA,McLaren,11.0,8.0,0.0,Finished,0,0,1,18,0.45,,23.0
2023,8,Montréal,GAS,Alpine,12.0,15.0,0.0,Finished,0,0,1,18,0.45,,23.0
2023,8,Montréal,NOR,McLaren,13.0,7.0,0.0,Finished,0,0,1,18,0.45,,23.0
2023,8,Montréal,TSU,AlphaTauri,14.0,19.0,0.0,Finished,0,0,1,18,0.45,,23.0
2023,8,Montréal,HUL,Haas F1 Team,15.0,5.0,0.0,Lapped,1,0,1,18,0.45,,23.0
2023,8,Montréal,ZHO,Alfa Romeo,16.0,20.0,0.0,Lapped,1,0,1,18,0.45,,23.0
2023,8,Montréal,MAG,Haas F1 Team,17.0,13.0,0.0,Lapped,1,0,1,18,0.45,,23.0
2023,8,Montréal,DEV,AlphaTauri,18.0,17.0,0.0,Lapped,1,0,1,18,0.45,,23.0
2023,8,Montréal,RUS,Mercedes,19.0,4.0,0.0,Retired,1,0,1,18,0.45,,23.0
2023,8,Montréal,SAR,Williams,20.0,18.0,0.0,Retired,1,0,1,18,0.45,,23.0
2023,9,Spielberg,VER,Red Bull Racing,1.0,1.0,26.0,Finished,0,1,0,18,0.45,,21.5
2023,9,Spielberg,LEC,Ferrari,2.0,2.0,18.0,Finished,0,0,0,18,0.45,,21.5
2023,9,Spielberg,PER,Red Bull Racing,3.0,15.0,15.0,Finished,0,0,0,18,0.45,,21.5
2023,9,Spielberg,NOR,McLaren,4.0,4.0,12.0,Finished,0,0,0,18,0.45,,21.5
2023,9,Spielberg,ALO,Aston Martin,5.0,7.0,10.0,Finished,0,0,0,18,0.45,,21.5
2023,9,Spielberg,SAI,Ferrari,6.0,3.0,8.0,Finished,0,0,0,18,0.45,,21.5
2023,9,Spielberg,RUS,Mercedes,7.0,11.0,6.0,Finished,0,0,0,18,0.45,,21.5
2023,9,Spielberg,HAM,Mercedes,8.0,5.0,4.0,Finished,0,0,0,18,0.45,,21.5
2023,9,Spielberg,STR,Aston Martin,9.0,6.0,2.0,Finished,0,0,0,18,0.45,,21.5
2023,9,Spielberg,GAS,Alpine,10.0,9.0,1.0,Finished,0,0,0,18,0.45,,21.5
2023,9,Spielberg,ALB,Williams,11.0,10.0,0.0,Finished,0,0,0,18,0.45,,21.5
2023,9,Spielberg,ZHO,Alfa Romeo,12.0,17.0,0.0,Lapped,1,0,0,18,0.45,,21.5
2023,9,Spielberg,SAR,Williams,13.0,18.0,0.0,Lapped,1,0,0,18,0.45,,21.5
2023,9,Spielberg,OCO,Alpine,14.0,12.0,0.0,Lapped,1,0,0,18,0.45,,21.5
2023,9,Spielberg,BOT,Alfa Romeo,15.0,14.0,0.0,Lapped,1,0,0,18,0.45,,21.5
2023,9,Spielberg,PIA,McLaren,16.0,13.0,0.0,Lapped,1,0,0,18,0.45,,21.5
2023,9,Spielberg,DEV,AlphaTauri,17.0,20.0,0.0,Lapped,1,0,0,18,0.45,,21.5
2023,9,Spielberg,MAG,Haas F1 Team,18.0,19.0,0.0,Lapped,1,0,0,18,0.45,,21.5
2023,9,Spielberg,TSU,AlphaTauri,19.0,16.0,0.0,Lapped,1,0,0,18,0.45,,21.5
2023,9,Spielberg,HUL,Haas F1 Team,20.0,8.0,0.0,Retired,1,0,0,18,0.45,,21.5
2023,10,Silverstone,VER,Red Bull Racing,1.0,1.0,26.0,Finished,0,1,0,18,0.45,,21.5
2023,10,Silverstone,NOR,McLaren,2.0,2.0,18.0,Finished,0,0,0,18,0.45,,21.5
2023,10,Silverstone,HAM,Mercedes,3.0,7.0,15.0,Finished,0,0,0,18,0.45,,21.5
2023,10,Silverstone,PIA,McLaren,4.0,3.0,12.0,Finished,0,0,0,18,0.45,,21.5
2023,10,Silverstone,RUS,Mercedes,5.0,6.0,10.0,Finished,0,0,0,18,0.45,,21.5
2023,10,Silverstone,PER,Red Bull Racing,6.0,15.0,8.0,Finished,0,0,0,18,0.45,,21.5
2023,10,Silverstone,ALO,Aston Martin,7.0,9.0,6.0,Finished,0,0,0,18,0.45,,21.5
2023,10,Silverstone,ALB,Williams,8.0,8.0,4.0,Finished,0,0,0,18,0.45,,21.5
2023,10,Silverstone,LEC,Ferrari,9.0,4.0,2.0,Finished,0,0,0,18,0.45,,21.5
2023,10,Silverstone,SAI,Ferrari,10.0,5.0,1.0,Finished,0,0,0,18,0.45,,21.5
2023,10,Silverstone,SAR,Williams,11.0,14.0,0.0,Finished,0,0,0,18,0.45,,21.5
2023,10,Silverstone,BOT,Alfa Romeo,12.0,20.0,0.0,Finished,0,0,0,18,0.45,,21.5
2023,10,Silverstone,HUL,Haas F1 Team,13.0,11.0,0.0,Finished,0,0,0,18,0.45,,21.5
2023,10,Silverstone,STR,Aston Martin,14.0,12.0,0.0,Finished,0,0,0,18,0.45,,21.5
2023,10,Silverstone,ZHO,Alfa Romeo,15.0,17.0,0.0,Finished,0,0,0,18,0.45,,21.5
2023,10,Silverstone,TSU,AlphaTauri,16.0,16.0,0.0,Finished,0,0,0,18,0.45,,21.5
2023,10,Silverstone,DEV,AlphaTauri,17.0,18.0,0.0,Finished,0,0,0,18,0.45,,21.5
2023,10,Silverstone,GAS,Alpine,18.0,10.0,0.0,Retired,1,0,0,18,0.45,,21.5
2023,10,Silverstone,MAG,Haas F1 Team,19.0,19.0,0.0,Retired,1,0,0,18,0.45,,21.5
2023,10,Silverstone,OCO,Alpine,20.0,13.0,0.0,Retired,1,0,0,18,0.45,,21.5
2023,11,Budapest,VER,Red Bull Racing,1.0,2.0,26.0,Finished,0,1,0,18,0.45,,21.5
2023,11,Budapest,NOR,McLaren,2.0,3.0,18.0,Finished,0,0,0,18,0.45,,21.5
2023,11,Budapest,PER,Red Bull Racing,3.0,9.0,15.0,Finished,0,0,0,18,0.45,,21.5
2023,11,Budapest,HAM,Mercedes,4.0,1.0,12.0,Finished,0,0,0,18,0.45,,21.5
2023,11,Budapest,PIA,McLaren,5.0,4.0,10.0,Finished,0,0,0,18,0.45,,21.5
2023,11,Budapest,RUS,Mercedes,6.0,18.0,8.0,Finished,0,0,0,18,0.45,,21.5
2023,11,Budapest,LEC,Ferrari,7.0,6.0,6.0,Finished,0,0,0,18,0.45,,21.5
2023,11,Budapest,SAI,Ferrari,8.0,11.0,4.0,Finished,0,0,0,18,0.45,,21.5
2023,11,Budapest,ALO,Aston Martin,9.0,8.0,2.0,Finished,0,0,0,18,0.45,,21.5
2023,11,Budapest,STR,Aston Martin,10.0,14.0,1.0,Lapped,1,0,0,18,0.45,,21.5
2023,11,Budapest,ALB,Williams,11.0,16.0,0.0,Lapped,1,0,0,18,0.45,,21.5
2023,11,Budapest,BOT,Alfa Romeo,12.0,7.0,0.0,Lapped,1,0,0,18,0.45,,21.5
2023,11,Budapest,RIC,AlphaTauri,13.0,13.0,0.0,Lapped,1,0,0,18,0.45,,21.5
2023,11,Budapest,HUL,Haas F1 Team,14.0,10.0,0.0,Lapped,1,0,0,18,0.45,,21.5
2023,11,Budapest,TSU,AlphaTauri,15.0,17.0,0.0,Lapped,1,0,0,18,0.45,,21.5
2023,11,Budapest,ZHO,Alfa Romeo,16.0,5.0,0.0,Lapped,1,0,0,18,0.45,,21.5
2023,11,Budapest,MAG,Haas F1 Team,17.0,19.0,0.0,Lapped,1,0,0,18,0.45,,21.5
2023,11,Budapest,SAR,Williams,18.0,20.0,0.0,Retired,1,0,0,18,0.45,,21.5
2023,11,Budapest,OCO,Alpine,19.0,12.0,0.0,Retired,1,0,0,18,0.45,,21.5
2023,11,Budapest,GAS,Alpine,20.0,15.0,0.0,Retired,1,0,0,18,0.45,,21.5
2023,12,Spa-Francorchamps,VER,Red Bull Racing,1.0,6.0,25.0,Finished,0,1,0,18,0.45,,21.5
2023,12,Spa-Francorchamps,PER,Red Bull Racing,2.0,2.0,18.0,Finished,0,0,0,18,0.45,,21.5
2023,12,Spa-Francorchamps,LEC,Ferrari,3.0,1.0,15.0,Finished,0,0,0,18,0.45,,21.5
2023,12,Spa-Francorchamps,HAM,Mercedes,4.0,3.0,13.0,Finished,0,0,0,18,0.45,,21.5
2023,12,Spa-Francorchamps,ALO,Aston Martin,5.0,9.0,10.0,Finished,0,0,0,18,0.45,,21.5
2023,12,Spa-Francorchamps,RUS,Mercedes,6.0,8.0,8.0,Finished,0,0,0,18,0.45,,21.5
2023,12,Spa-Francorchamps,NOR,McLaren,7.0,7.0,6.0,Finished,0,0,0,18,0.45,,21.5
2023,12,Spa-Francorchamps,OCO,Alpine,8.0,14.0,4.0,Finished,0,0,0,18,0.45,,21.5
2023,12,Spa-Francorchamps,STR,Aston Martin,9.0,10.0,2.0,Finished,0,0,0,18,0.45,,21.5
2023,12,Spa-Francorchamps,TSU,AlphaTauri,10.0,11.0,1.0,Finished,0,0,0,18,0.45,,21.5
2023,12,Spa-Francorchamps,GAS,Alpine,11.0,12.0,0.0,Finished,0,0,0,18,0.45,,21.5
2023,12,Spa-Francorchamps,BOT,Alfa Romeo,12.0,13.0,0.0,Finished,0,0,0,18,0.45,,21.5
2023,12,Spa-Francorchamps,ZHO,Alfa Romeo,13.0,17.0,0.0,Finished,0,0,0,18,0.45,,21.5
2023,12,Spa-Francorchamps,ALB,Williams,14.0,15.0,0.0,Finished,0,0,0,18,0.45,,21.5
2023,12,Spa-Francorchamps,MAG,Haas F1 Team,15.0,16.0,0.0,Finished,0,0,0,18,0.45,,21.5
2023,12,Spa-Francorchamps,RIC,AlphaTauri,16.0,19.0,0.0,Finished,0,0,0,18,0.45,,21.5
2023,12,Spa-Francorchamps,SAR,Williams,17.0,18.0,0.0,Finished,0,0,0,18,0.45,,21.5
2023,12,Spa-Francorchamps,HUL,Haas F1 Team,18.0,20.0,0.0,Finished,0,0,0,18,0.45,,21.5
2023,12,Spa-Francorchamps,SAI,Ferrari,19.0,4.0,0.0,Retired,1,0,0,18,0.45,,21.5
2023,12,Spa-Francorchamps,PIA,McLaren,20.0,5.0,0.0,Retired,1,0,0,18,0.45,,21.5
2023,13,Zandvoort,VER,Red Bull Racing,1.0,1.0,25.0,Finished,0,1,0,18,0.45,,21.5
2023,13,Zandvoort,ALO,Aston Martin,2.0,5.0,19.0,Finished,0,0,0,18,0.45,,21.5
2023,13,Zandvoort,GAS,Alpine,3.0,12.0,15.0,Finished,0,0,0,18,0.45,,21.5
2023,13,Zandvoort,PER,Red Bull Racing,4.0,7.0,12.0,Finished,0,0,0,18,0.45,,21.5
2023,13,Zandvoort,SAI,Ferrari,5.0,6.0,10.0,Finished,0,0,0,18,0.45,,21.5
2023,13,Zandvoort,HAM,Mercedes,6.0,13.0,8.0,Finished,0,0,0,18,0.45,,21.5
2023,13,Zandvoort,NOR,McLaren,7.0,2.0,6.0,Finished,0,0,0,18,0.45,,21.5
2023,13,Zandvoort,ALB,Williams,8.0,4.0,4.0,Finished,0,0,0,18,0.45,,21.5
2023,13,Zandvoort,PIA,McLaren,9.0,8.0,2.0,Finished,0,0,0,18,0.45,,21.5
2023,13,Zandvoort,OCO,Alpine,10.0,16.0,1.0,Finished,0,0,0,18,0.45,,21.5
2023,13,Zandvoort,STR,Aston Martin,11.0,11.0,0.0,Finished,0,0,0,18,0.45,,21.5
2023,13,Zandvoort,HUL,Haas F1 Team,12.0,14.0,0.0,Finished,0,0,0,18,0.45,,21.5
2023,13,Zandvoort,LAW,AlphaTauri,13.0,19.0,0.0,Finished,0,0,0,18,0.45,,21.5
2023,13,Zandvoort,BOT,Alfa Romeo,14.0,18.0,0.0,Finished,0,0,0,18,0.45,,21.5
2023,13,Zandvoort,TSU,AlphaTauri,15.0,17.0,0.0,Finished,0,0,0,18,0.45,,21.5
2023,13,Zandvoort,MAG,Haas F1 Team,16.0,0.0,0.0,Finished,0,0,0,18,0.45,,21.5
2023,13,Zandvoort,RUS,Mercedes,17.0,3.0,0.0,Finished,0,0,0,18,0.45,,21.5
2023,13,Zandvoort,ZHO,Alfa Romeo,18.0,15.0,0.0,Accident,1,0,0,18,0.45,,21.5
2023,13,Zandvoort,LEC,Ferrari,19.0,9.0,0.0,Undertray,1,0,0,18,0.45,,21.5
2023,13,Zandvoort,SAR,Williams,20.0,10.0,0.0,Accident,1,0,0,18,0.45,,21.5
2023,14,Monza,VER,Red Bull Racing,1.0,2.0,25.0,Finished,0,1,0,18,0.45,,21.5
2023,14,Monza,PER,Red Bull Racing,2.0,5.0,18.0,Finished,0,0,0,18,0.45,,21.5
2023,14,Monza,SAI,Ferrari,3.0,1.0,15.0,Finished,0,0,0,18,0.45,,21.5
2023,14,Monza,LEC,Ferrari,4.0,3.0,12.0,Finished,0,0,0,18,0.45,,21.5
2023,14,Monza,RUS,Mercedes,5.0,4.0,10.0,Finished,0,0,0,18,0.45,,21.5
2023,14,Monza,HAM,Mercedes,6.0,8.0,8.0,Finished,0,0,0,18,0.45,,21.5
2023,14,Monza,ALB,Williams,7.0,6.0,6.0,Finished,0,0,0,18,0.45,,21.5
2023,14,Monza,NOR,McLaren,8.0,9.0,4.0,Finished,0,0,0,18,0.45,,21.5
2023,14,Monza,ALO,Aston Martin,9.0,10.0,2.0,Finished,0,0,0,18,0.45,,21.5
2023,14,Monza,BOT,Alfa Romeo,10.0,14.0,1.0,Finished,0,0,0,18,0.45,,21.5
2023,14,Monza,LAW,AlphaTauri,11.0,12.0,0.0,Finished,0,0,0,18,0.45,,21.5
2023,14,Monza,PIA,McLaren,12.0,7.0,0.0,Finished,0,0,0,18,0.45,,21.5
2023,14,Monza,SAR,Williams,13.0,15.0,0.0,Finished,0,0,0,18,0.45,,21.5
2023,14,Monza,ZHO,Alfa Romeo,14.0,16.0,0.0,Finished,0,0,0,18,0.45,,21.5
2023,14,Monza,GAS,Alpine,15.0,17.0,0.0,Finished,0,0,0,18,0.45,,21.5
2023,14,Monza,STR,Aston Martin,16.0,20.0,0.0,Finished,0,0,0,18,0.45,,21.5
2023,14,Monza,HUL,Haas F1 Team,17.0,13.0,0.0,Lapped,1,0,0,18,0.45,,21.5
2023,14,Monza,MAG,Haas F1 Team,18.0,19.0,0.0,Lapped,1,0,0,18,0.45,,21.5
2023,14,Monza,OCO,Alpine,19.0,18.0,0.0,Retired,1,0,0,18,0.45,,21.5
2023,14,Monza,TSU,AlphaTauri,20.0,11.0,0.0,Did not start,1,0,0,18,0.45,,21.5
2023,15,Marina Bay,SAI,Ferrari,1.0,1.0,25.0,Finished,0,1,0,18,0.45,,21.5
2023,15,Marina Bay,NOR,McLaren,2.0,4.0,18.0,Finished,0,0,0,18,0.45,,21.5
2023,15,Marina Bay,HAM,Mercedes,3.0,5.0,16.0,Finished,0,0,0,18,0.45,,21.5
2023,15,Marina Bay,LEC,Ferrari,4.0,3.0,12.0,Finished,0,0,0,18,0.45,,21.5
2023,15,Marina Bay,VER,Red Bull Racing,5.0,11.0,10.0,Finished,0,0,0,18,0.45,,21.5
2023,15,Marina Bay,GAS,Alpine,6.0,12.0,8.0,Finished,0,0,0,18,0.45,,21.5
2023,15,Marina Bay,PIA,McLaren,7.0,17.0,6.0,Finished,0,0,0,18,0.45,,21.5
2023,15,Marina Bay,PER,Red Bull Racing,8.0,13.0,4.0,Finished,0,0,0,18,0.45,,21.5
2023,15,Marina Bay,LAW,AlphaTauri,9.0,10.0,2.0,Finished,0,0,0,18,0.45,,21.5
2023,15,Marina Bay,MAG,Haas F1 Team,10.0,6.0,1.0,Finished,0,0,0,18,0.45,,21.5
2023,15,Marina Bay,ALB,Williams,11.0,14.0,0.0,Finished,0,0,0,18,0.45,,21.5
2023,15,Marina Bay,ZHO,Alfa Romeo,12.0,19.0,0.0,Finished,0,0,0,18,0.45,,21.5
2023,15,Marina Bay,HUL,Haas F1 Team,13.0,9.0,0.0,Finished,0,0,0,18,0.45,,21.5
2023,15,Marina Bay,SAR,Williams,14.0,18.0,0.0,Finished,0,0,0,18,0.45,,21.5
2023,15,Marina Bay,ALO,Aston Martin,15.0,7.0,0.0,Finished,0,0,0,18,0.45,,21.5
2023,15,Marina Bay,RUS,Mercedes,16.0,2.0,0.0,Retired,1,0,0,18,0.45,,21.5
2023,15,Marina Bay,BOT,Alfa Romeo,17.0,16.0,0.0,Retired,1,0,0,18,0.45,,21.5
2023,15,Marina Bay,OCO,Alpine,18.0,8.0,0.0,Retired,1,0,0,18,0.45,,21.5
2023,15,Marina Bay,TSU,AlphaTauri,19.0,15.0,0.0,Retired,1,0,0,18,0.45,,21.5
2023,15,Marina Bay,STR,Aston Martin,,,0.0,Withdrew,1,0,0,18,0.45,,21.5
2023,16,Suzuka,VER,Red Bull Racing,1.0,1.0,26.0,Finished,0,1,0,18,0.45,,21.5
2023,16,Suzuka,NOR,McLaren,2.0,3.0,18.0,Finished,0,0,0,18,0.45,,21.5
2023,16,Suzuka,PIA,McLaren,3.0,2.0,15.0,Finished,0,0,0,18,0.45,,21.5
2023,16,Suzuka,LEC,Ferrari,4.0,4.0,12.0,Finished,0,0,0,18,0.45,,21.5
2023,16,Suzuka,HAM,Mercedes,5.0,7.0,10.0,Finished,0,0,0,18,0.45,,21.5
2023,16,Suzuka,SAI,Ferrari,6.0,6.0,8.0,Finished,0,0,0,18,0.45,,21.5
2023,16,Suzuka,RUS,Mercedes,7.0,8.0,6.0,Finished,0,0,0,18,0.45,,21.5
2023,16,Suzuka,ALO,Aston Martin,8.0,10.0,4.0,Finished,0,0,0,18,0.45,,21.5
2023,16,Suzuka,OCO,Alpine,9.0,14.0,2.0,Finished,0,0,0,18,0.45,,21.5
2023,16,Suzuka,GAS,Alpine,10.0,12.0,1.0,Finished,0,0,0,18,0.45,,21.5
2023,16,Suzuka,LAW,AlphaTauri,11.0,11.0,0.0,Lapped,1,0,0,18,0.45,,21.5
2023,16,Suzuka,TSU,AlphaTauri,12.0,9.0,0.0,Lapped,1,0,0,18,0.45,,21.5
2023,16,Suzuka,ZHO,Alfa Romeo,13.0,19.0,0.0,Lapped,1,0,0,18,0.45,,21.5
2023,16,Suzuka,HUL,Haas F1 Team,14.0,18.0,0.0,Lapped,1,0,0,18,0.45,,21.5
2023,16,Suzuka,MAG,Haas F1 Team,15.0,15.0,0.0,Lapped,1,0,0,18,0.45,,21.5
2023,16,Suzuka,ALB,Williams,16.0,13.0,0.0,Retired,1,0,0,18,0.45,,21.5
2023,16,Suzuka,SAR,Williams,17.0,20.0,0.0,Retired,1,0,0,18,0.45,,21.5
2023,16,Suzuka,STR,Aston Martin,18.0,17.0,0.0,Retired,1,0,0,18,0.45,,21.5
2023,16,Suzuka,PER,Red Bull Racing,19.0,5.0,0.0,Retired,1,0,0,18,0.45,,21.5
2023,16,Suzuka,BOT,Alfa Romeo,20.0,16.0,0.0,Retired,1,0,0,18,0.45,,21.5
2023,17,Lusail,VER,Red Bull Racing,1.0,1.0,26.0,Finished,0,1,0,18,0.45,,21.5
2023,17,Lusail,PIA,McLaren,2.0,6.0,18.0,Finished,0,0,0,18,0.45,,21.5
2023,17,Lusail,NOR,McLaren,3.0,10.0,15.0,Finished,0,0,0,18,0.45,,21.5
2023,17,Lusail,RUS,Mercedes,4.0,2.0,12.0,Finished,0,0,0,18,0.45,,21.5
2023,17,Lusail,LEC,Ferrari,5.0,5.0,10.0,Finished,0,0,0,18,0.45,,21.5
2023,17,Lusail,ALO,Aston Martin,6.0,4.0,8.0,Finished,0,0,0,18,0.45,,21.5
2023,17,Lusail,OCO,Alpine,7.0,8.0,6.0,Finished,0,0,0,18,0.45,,21.5
2023,17,Lusail,BOT,Alfa Romeo,8.0,9.0,4.0,Finished,0,0,0,18,0.45,,21.5
2023,17,Lusail,ZHO,Alfa Romeo,9.0,19.0,2.0,Finished,0,0,0,18,0.45,,21.5
2023,17,Lusail,PER,Red Bull Racing,10.0,20.0,1.0,Finished,0,0,0,18,0.45,,21.5
2023,17,Lusail,STR,Aston Martin,11.0,16.0,0.0,Finished,0,0,0,18,0.45,,21.5
2023,17,Lusail,GAS,Alpine,12.0,7.0,0.0,Finished,0,0,0,18,0.45,,21.5
2023,17,Lusail,ALB,Williams,13.0,13.0,0.0,Finished,0,0,0,18,0.45,,21.5
2023,17,Lusail,MAG,Haas F1 Team,14.0,18.0,0.0,Lapped,1,0,0,18,0.45,,21.5
2023,17,Lusail,TSU,AlphaTauri,15.0,11.0,0.0,Lapped,1,0,0,18,0.45,,21.5
2023,17,Lusail,HUL,Haas F1 Team,16.0,14.0,0.0,Lapped,1,0,0,18,0.45,,21.5
2023,17,Lusail,LAW,AlphaTauri,17.0,17.0,0.0,Lapped,1,0,0,18,0.45,,21.5
2023,17,Lusail,SAR,Williams,18.0,15.0,0.0,Retired,1,0,0,18,0.45,,21.5
2023,17,Lusail,HAM,Mercedes,19.0,3.0,0.0,Retired,1,0,0,18,0.45,,21.5
2023,17,Lusail,SAI,Ferrari,20.0,12.0,0.0,Did not start,1,0,0,18,0.45,,21.5
2023,18,Austin,VER,Red Bull Racing,1.0,6.0,25.0,Finished,0,1,0,18,0.45,,21.5
2023,18,Austin,NOR,McLaren,2.0,2.0,18.0,Finished,0,0,0,18,0.45,,21.5
2023,18,Austin,SAI,Ferrari,3.0,4.0,15.0,Finished,0,0,0,18,0.45,,21.5
2023,18,Austin,PER,Red Bull Racing,4.0,9.0,12.0,Finished,0,0,0,18,0.45,,21.5
2023,18,Austin,RUS,Mercedes,5.0,5.0,10.0,Finished,0,0,0,18,0.45,,21.5
2023,18,Austin,GAS,Alpine,6.0,7.0,8.0,Finished,0,0,0,18,0.45,,21.5
2023,18,Austin,STR,Aston Martin,7.0,20.0,6.0,Finished,0,0,0,18,0.45,,21.5
2023,18,Austin,TSU,AlphaTauri,8.0,11.0,5.0,Finished,0,0,0,18,0.45,,21.5
2023,18,Austin,ALB,Williams,9.0,15.0,2.0,Finished,0,0,0,18,0.45,,21.5
2023,18,Austin,SAR,Williams,10.0,16.0,1.0,Finished,0,0,0,18,0.45,,21.5
2023,18,Austin,HUL,Haas F1 Team,11.0,18.0,0.0,Finished,0,0,0,18,0.45,,21.5
2023,18,Austin,BOT,Alfa Romeo,12.0,13.0,0.0,Finished,0,0,0,18,0.45,,21.5
2023,18,Austin,ZHO,Alfa Romeo,13.0,12.0,0.0,Lapped,1,0,0,18,0.45,,21.5
2023,18,Austin,MAG,Haas F1 Team,14.0,17.0,0.0,Lapped,1,0,0,18,0.45,,21.5
2023,18,Austin,RIC,AlphaTauri,15.0,14.0,0.0,Lapped,1,0,0,18,0.45,,21.5
2023,18,Austin,ALO,Aston Martin,16.0,19.0,0.0,Retired,1,0,0,18,0.45,,21.5
2023,18,Austin,PIA,McLaren,17.0,10.0,0.0,Retired,1,0,0,18,0.45,,21.5
2023,18,Austin,OCO,Alpine,18.0,8.0,0.0,Retired,1,0,0,18,0.45,,21.5
2023,18,Austin,HAM,Mercedes,19.0,3.0,0.0,Disqualified,1,0,0,18,0.45,,21.5
2023,18,Austin,LEC,Ferrari,20.0,1.0,0.0,Disqualified,1,0,0,18,0.45,,21.5
2023,19,Mexico City,VER,Red Bull Racing,1.0,3.0,25.0,Finished,0,1,0,18,0.45,,21.5
2023,19,Mexico City,HAM,Mercedes,2.0,6.0,19.0,Finished,0,0,0,18,0.45,,21.5
2023,19,Mexico City,LEC,Ferrari,3.0,1.0,15.0,Finished,0,0,0,18,0.45,,21.5
2023,19,Mexico City,SAI,Ferrari,4.0,2.0,12.0,Finished,0,0,0,18,0.45,,21.5
2023,19,Mexico City,NOR,McLaren,5.0,17.0,10.0,Finished,0,0,0,18,0.45,,21.5
2023,19,Mexico City,RUS,Mercedes,6.0,8.0,8.0,Finished,0,0,0,18,0.45,,21.5
2023,19,Mexico City,RIC,AlphaTauri,7.0,4.0,6.0,Finished,0,0,0,18,0.45,,21.5
2023,19,Mexico City,PIA,McLaren,8.0,7.0,4.0,Finished,0,0,0,18,0.45,,21.5
2023,19,Mexico City,ALB,Williams,9.0,14.0,2.0,Finished,0,0,0,18,0.45,,21.5
2023,19,Mexico City,OCO,Alpine,10.0,15.0,1.0,Finished,0,0,0,18,0.45,,21.5
2023,19,Mexico City,GAS,Alpine,11.0,11.0,0.0,Finished,0,0,0,18,0.45,,21.5
2023,19,Mexico City,TSU,AlphaTauri,12.0,18.0,0.0,Finished,0,0,0,18,0.45,,21.5
2023,19,Mexico City,HUL,Haas F1 Team,13.0,12.0,0.0,Finished,0,0,0,18,0.45,,21.5
2023,19,Mexico City,ZHO,Alfa Romeo,14.0,10.0,0.0,Finished,0,0,0,18,0.45,,21.5
2023,19,Mexico City,BOT,Alfa Romeo,15.0,9.0,0.0,Finished,0,0,0,18,0.45,,21.5
2023,19,Mexico City,SAR,Williams,16.0,19.0,0.0,Retired,1,0,0,18,0.45,,21.5
2023,19,Mexico City,STR,Aston Martin,17.0,0.0,0.0,Collision damage,1,0,0,18,0.45,,21.5
2023,19,Mexico City,ALO,Aston Martin,18.0,13.0,0.0,Withdrew,1,0,0,18,0.45,,21.5
2023,19,Mexico City,MAG,Haas F1 Team,19.0,16.0,0.0,Accident,1,0,0,18,0.45,,21.5
2023,19,Mexico City,PER,Red Bull Racing,20.0,5.0,0.0,Collision damage,1,0,0,18,0.45,,21.5
2023,20,São Paulo,VER,Red Bull Racing,1.0,1.0,25.0,Finished,0,1,0,18,0.45,,21.5
2023,20,São Paulo,NOR,McLaren,2.0,6.0,19.0,Finished,0,0,0,18,0.45,,21.5
2023,20,São Paulo,ALO,Aston Martin,3.0,4.0,15.0,Finished,0,0,0,18,0.45,,21.5
2023,20,São Paulo,PER,Red Bull Racing,4.0,9.0,12.0,Finished,0,0,0,18,0.45,,21.5
2023,20,São Paulo,STR,Aston Martin,5.0,3.0,10.0,Finished,0,0,0,18,0.45,,21.5
2023,20,São Paulo,SAI,Ferrari,6.0,7.0,8.0,Finished,0,0,0,18,0.45,,21.5
2023,20,São Paulo,GAS,Alpine,7.0,15.0,6.0,Finished,0,0,0,18,0.45,,21.5
2023,20,São Paulo,HAM,Mercedes,8.0,5.0,4.0,Finished,0,0,0,18,0.45,,21.5
2023,20,São Paulo,TSU,AlphaTauri,9.0,16.0,2.0,Finished,0,0,0,18,0.45,,21.5
2023,20,São Paulo,OCO,Alpine,10.0,14.0,1.0,Lapped,1,0,0,18,0.45,,21.5
2023,20,São Paulo,SAR,Williams,11.0,19.0,0.0,Lapped,1,0,0,18,0.45,,21.5
2023,20,São Paulo,HUL,Haas F1 Team,12.0,11.0,0.0,Lapped,1,0,0,18,0.45,,21.5
2023,20,São Paulo,RIC,AlphaTauri,13.0,17.0,0.0,Lapped,1,0,0,18,0.45,,21.5
2023,20,São Paulo,PIA,McLaren,14.0,10.0,0.0,Lapped,1,0,0,18,0.45,,21.5
2023,20,São Paulo,RUS,Mercedes,15.0,8.0,0.0,Retired,1,0,0,18,0.45,,21.5
2023,20,São Paulo,BOT,Alfa Romeo,16.0,18.0,0.0,Retired,1,0,0,18,0.45,,21.5
2023,20,São Paulo,ZHO,Alfa Romeo,17.0,20.0,0.0,Retired,1,0,0,18,0.45,,21.5
2023,20,São Paulo,MAG,Haas F1 Team,18.0,12.0,0.0,Retired,1,0,0,18,0.45,,21.5
2023,20,São Paulo,ALB,Williams,19.0,13.0,0.0,Retired,1,0,0,18,0.45,,21.5
2023,20,São Paulo,LEC,Ferrari,20.0,2.0,0.0,Did not start,1,0,0,18,0.45,,21.5
2023,21,Las Vegas,VER,Red Bull Racing,1.0,2.0,25.0,Finished,0,1,1,18,0.55,,21.5
2023,21,Las Vegas,LEC,Ferrari,2.0,1.0,18.0,Finished,0,0,1,18,0.55,,21.5
2023,21,Las Vegas,PER,Red Bull Racing,3.0,11.0,15.0,Finished,0,0,1,18,0.55,,21.5
2023,21,Las Vegas,OCO,Alpine,4.0,16.0,12.0,Finished,0,0,1,18,0.55,,21.5
2023,21,Las Vegas,STR,Aston Martin,5.0,19.0,10.0,Finished,0,0,1,18,0.55,,21.5
2023,21,Las Vegas,SAI,Ferrari,6.0,12.0,8.0,Finished,0,0,1,18,0.55,,21.5
2023,21,Las Vegas,HAM,Mercedes,7.0,10.0,6.0,Finished,0,0,1,18,0.55,,21.5
2023,21,Las Vegas,RUS,Mercedes,8.0,3.0,4.0,Finished,0,0,1,18,0.55,,21.5
2023,21,Las Vegas,ALO,Aston Martin,9.0,9.0,2.0,Finished,0,0,1,18,0.55,,21.5
2023,21,Las Vegas,PIA,McLaren,10.0,18.0,2.0,Finished,0,0,1,18,0.55,,21.5
2023,21,Las Vegas,GAS,Alpine,11.0,4.0,0.0,Finished,0,0,1,18,0.55,,21.5
2023,21,Las Vegas,ALB,Williams,12.0,5.0,0.0,Finished,0,0,1,18,0.55,,21.5
2023,21,Las Vegas,MAG,Haas F1 Team,13.0,8.0,0.0,Finished,0,0,1,18,0.55,,21.5
2023,21,Las Vegas,RIC,AlphaTauri,14.0,14.0,0.0,Finished,0,0,1,18,0.55,,21.5
2023,21,Las Vegas,ZHO,Alfa Romeo,15.0,17.0,0.0,Finished,0,0,1,18,0.55,,21.5
2023,21,Las Vegas,SAR,Williams,16.0,6.0,0.0,Finished,0,0,1,18,0.55,,21.5
2023,21,Las Vegas,BOT,Alfa Romeo,17.0,7.0,0.0,Finished,0,0,1,18,0.55,,21.5
2023,21,Las Vegas,TSU,AlphaTauri,18.0,20.0,0.0,Retired,1,0,1,18,0.55,,21.5
2023,21,Las Vegas,HUL,Haas F1 Team,19.0,13.0,0.0,Retired,1,0,1,18,0.55,,21.5
2023,21,Las Vegas,NOR,McLaren,20.0,15.0,0.0,Retired,1,0,1,18,0.55,,21.5
2023,22,Yas Island,VER,Red Bull Racing,1.0,1.0,26.0,Finished,0,1,0,18,0.45,,21.5
2023,22,Yas Island,LEC,Ferrari,2.0,2.0,18.0,Finished,0,0,0,18,0.45,,21.5
2023,22,Yas Island,RUS,Mercedes,3.0,4.0,15.0,Finished,0,0,0,18,0.45,,21.5
2023,22,Yas Island,PER,Red Bull Racing,4.0,9.0,12.0,Finished,0,0,0,18,0.45,,21.5
2023,22,Yas Island,NOR,McLaren,5.0,5.0,10.0,Finished,0,0,0,18,0.45,,21.5
2023,22,Yas Island,PIA,McLaren,6.0,3.0,8.0,Finished,0,0,0,18,0.45,,21.5
2023,22,Yas Island,ALO,Aston Martin,7.0,7.0,6.0,Finished,0,0,0,18,0.45,,21.5
2023,22,Yas Island,TSU,AlphaTauri,8.0,6.0,4.0,Finished,0,0,0,18,0.45,,21.5
2023,22,Yas Island,HAM,Mercedes,9.0,11.0,2.0,Finished,0,0,0,18,0.45,,21.5
2023,22,Yas Island,STR,Aston Martin,10.0,13.0,1.0,Finished,0,0,0,18,0.45,,21.5
2023,22,Yas Island,RIC,AlphaTauri,11.0,15.0,0.0,Finished,0,0,0,18,0.45,,21.5
2023,22,Yas Island,OCO,Alpine,12.0,12.0,0.0,Finished,0,0,0,18,0.45,,21.5
2023,22,Yas Island,GAS,Alpine,13.0,10.0,0.0,Finished,0,0,0,18,0.45,,21.5
2023,22,Yas Island,ALB,Williams,14.0,14.0,0.0,Finished,0,0,0,18,0.45,,21.5
2023,22,Yas Island,HUL,Haas F1 Team,15.0,8.0,0.0,Finished,0,0,0,18,0.45,,21.5
2023,22,Yas Island,SAR,Williams,16.0,20.0,0.0,Finished,0,0,0,18,0.45,,21.5
2023,22,Yas Island,ZHO,Alfa Romeo,17.0,19.0,0.0,Finished,0,0,0,18,0.45,,21.5
2023,22,Yas Island,SAI,Ferrari,18.0,16.0,0.0,Retired,1,0,0,18,0.45,,21.5
2023,22,Yas Island,BOT,Alfa Romeo,19.0,18.0,0.0,Lapped,1,0,0,18,0.45,,21.5
2023,22,Yas Island,MAG,Haas F1 Team,20.0,17.0,0.0,Lapped,1,0,0,18,0.45,,21.5
2024,1,Sakhir,VER,Red Bull Racing,1.0,1.0,26.0,Finished,0,1,0,18,0.45,,21.5
2024,1,Sakhir,PER,Red Bull Racing,2.0,5.0,18.0,Finished,0,0,0,18,0.45,,21.5
2024,1,Sakhir,SAI,Ferrari,3.0,4.0,15.0,Finished,0,0,0,18,0.45,,21.5
2024,1,Sakhir,LEC,Ferrari,4.0,2.0,12.0,Finished,0,0,0,18,0.45,,21.5
2024,1,Sakhir,RUS,Mercedes,5.0,3.0,10.0,Finished,0,0,0,18,0.45,,21.5
2024,1,Sakhir,NOR,McLaren,6.0,7.0,8.0,Finished,0,0,0,18,0.45,,21.5
2024,1,Sakhir,HAM,Mercedes,7.0,9.0,6.0,Finished,0,0,0,18,0.45,,21.5
2024,1,Sakhir,PIA,McLaren,8.0,8.0,4.0,Finished,0,0,0,18,0.45,,21.5
2024,1,Sakhir,ALO,Aston Martin,9.0,6.0,2.0,Finished,0,0,0,18,0.45,,21.5
2024,1,Sakhir,STR,Aston Martin,10.0,12.0,1.0,Finished,0,0,0,18,0.45,,21.5
2024,1,Sakhir,ZHO,Kick Sauber,11.0,17.0,0.0,Lapped,1,0,0,18,0.45,,21.5
2024,1,Sakhir,MAG,Haas F1 Team,12.0,15.0,0.0,Lapped,1,0,0,18,0.45,,21.5
2024,1,Sakhir,RIC,RB,13.0,14.0,0.0,Lapped,1,0,0,18,0.45,,21.5
2024,1,Sakhir,TSU,RB,14.0,11.0,0.0,Lapped,1,0,0,18,0.45,,21.5
2024,1,Sakhir,ALB,Williams,15.0,13.0,0.0,Lapped,1,0,0,18,0.45,,21.5
2024,1,Sakhir,HUL,Haas F1 Team,16.0,10.0,0.0,Lapped,1,0,0,18,0.45,,21.5
2024,1,Sakhir,OCO,Alpine,17.0,19.0,0.0,Lapped,1,0,0,18,0.45,,21.5
2024,1,Sakhir,GAS,Alpine,18.0,20.0,0.0,Lapped,1,0,0,18,0.45,,21.5
2024,1,Sakhir,BOT,Kick Sauber,19.0,16.0,0.0,Lapped,1,0,0,18,0.45,,21.5
2024,1,Sakhir,SAR,Williams,20.0,18.0,0.0,Lapped,1,0,0,18,0.45,,21.5
2024,2,Jeddah,VER,Red Bull Racing,1.0,1.0,25.0,Finished,0,1,1,18,0.45,,22.0
2024,2,Jeddah,PER,Red Bull Racing,2.0,3.0,18.0,Finished,0,0,1,18,0.45,,22.0
2024,2,Jeddah,LEC,Ferrari,3.0,2.0,16.0,Finished,0,0,1,18,0.45,,22.0
2024,2,Jeddah,PIA,McLaren,4.0,5.0,12.0,Finished,0,0,1,18,0.45,,22.0
2024,2,Jeddah,ALO,Aston Martin,5.0,4.0,10.0,Finished,0,0,1,18,0.45,,22.0
2024,2,Jeddah,RUS,Mercedes,6.0,7.0,8.0,Finished,0,0,1,18,0.45,,22.0
2024,2,Jeddah,BEA,Ferrari,7.0,11.0,6.0,Finished,0,0,1,18,0.45,,22.0
2024,2,Jeddah,NOR,McLaren,8.0,6.0,4.0,Finished,0,0,1,18,0.45,,22.0
2024,2,Jeddah,HAM,Mercedes,9.0,8.0,2.0,Finished,0,0,1,18,0.45,,22.0
2024,2,Jeddah,HUL,Haas F1 Team,10.0,15.0,1.0,Finished,0,0,1,18,0.45,,22.0
2024,2,Jeddah,ALB,Williams,11.0,12.0,0.0,Finished,0,0,1,18,0.45,,22.0
2024,2,Jeddah,MAG,Haas F1 Team,12.0,13.0,0.0,Finished,0,0,1,18,0.45,,22.0
2024,2,Jeddah,OCO,Alpine,13.0,17.0,0.0,Lapped,1,0,1,18,0.45,,22.0
2024,2,Jeddah,SAR,Williams,14.0,19.0,0.0,Lapped,1,0,1,18,0.45,,22.0
2024,2,Jeddah,TSU,RB,15.0,9.0,0.0,Lapped,1,0,1,18,0.45,,22.0
2024,2,Jeddah,RIC,RB,16.0,14.0,0.0,Lapped,1,0,1,18,0.45,,22.0
2024,2,Jeddah,BOT,Kick Sauber,17.0,16.0,0.0,Lapped,1,0,1,18,0.45,,22.0
2024,2,Jeddah,ZHO,Kick Sauber,18.0,20.0,0.0,Lapped,1,0,1,18,0.45,,22.0
2024,2,Jeddah,STR,Aston Martin,19.0,10.0,0.0,Retired,1,0,1,18,0.45,,22.0
2024,2,Jeddah,GAS,Alpine,20.0,18.0,0.0,Retired,1,0,1,18,0.45,,22.0
2024,3,Melbourne,SAI,Ferrari,1.0,2.0,25.0,Finished,0,1,1,18,0.45,,22.5
2024,3,Melbourne,LEC,Ferrari,2.0,4.0,19.0,Finished,0,0,1,18,0.45,,22.5
2024,3,Melbourne,NOR,McLaren,3.0,3.0,15.0,Finished,0,0,1,18,0.45,,22.5
2024,3,Melbourne,PIA,McLaren,4.0,5.0,12.0,Finished,0,0,1,18,0.45,,22.5
2024,3,Melbourne,PER,Red Bull Racing,5.0,6.0,10.0,Finished,0,0,1,18,0.45,,22.5
2024,3,Melbourne,STR,Aston Martin,6.0,9.0,8.0,Finished,0,0,1,18,0.45,,22.5
2024,3,Melbourne,TSU,RB,7.0,8.0,6.0,Finished,0,0,1,18,0.45,,22.5
2024,3,Melbourne,ALO,Aston Martin,8.0,10.0,4.0,Finished,0,0,1,18,0.45,,22.5
2024,3,Melbourne,HUL,Haas F1 Team,9.0,16.0,2.0,Finished,0,0,1,18,0.45,,22.5
2024,3,Melbourne,MAG,Haas F1 Team,10.0,14.0,1.0,Lapped,1,0,1,18,0.45,,22.5
2024,3,Melbourne,ALB,Williams,11.0,12.0,0.0,Lapped,1,0,1,18,0.45,,22.5
2024,3,Melbourne,RIC,RB,12.0,18.0,0.0,Lapped,1,0,1,18,0.45,,22.5
2024,3,Melbourne,GAS,Alpine,13.0,17.0,0.0,Lapped,1,0,1,18,0.45,,22.5
2024,3,Melbourne,BOT,Kick Sauber,14.0,13.0,0.0,Lapped,1,0,1,18,0.45,,22.5
2024,3,Melbourne,ZHO,Kick Sauber,15.0,19.0,0.0,Lapped,1,0,1,18,0.45,,22.5
2024,3,Melbourne,OCO,Alpine,16.0,15.0,0.0,Lapped,1,0,1,18,0.45,,22.5
2024,3,Melbourne,RUS,Mercedes,17.0,7.0,0.0,Retired,1,0,1,18,0.45,,22.5
2024,3,Melbourne,HAM,Mercedes,18.0,11.0,0.0,Retired,1,0,1,18,0.45,,22.5
2024,3,Melbourne,VER,Red Bull Racing,19.0,1.0,0.0,Retired,1,0,1,18,0.45,,22.5
2024,4,Suzuka,VER,Red Bull Racing,1.0,1.0,26.0,Finished,0,1,0,18,0.45,,21.5
2024,4,Suzuka,PER,Red Bull Racing,2.0,2.0,18.0,Finished,0,0,0,18,0.45,,21.5
2024,4,Suzuka,SAI,Ferrari,3.0,4.0,15.0,Finished,0,0,0,18,0.45,,21.5
2024,4,Suzuka,LEC,Ferrari,4.0,8.0,12.0,Finished,0,0,0,18,0.45,,21.5
2024,4,Suzuka,NOR,McLaren,5.0,3.0,10.0,Finished,0,0,0,18,0.45,,21.5
2024,4,Suzuka,ALO,Aston Martin,6.0,5.0,8.0,Finished,0,0,0,18,0.45,,21.5
2024,4,Suzuka,RUS,Mercedes,7.0,9.0,6.0,Finished,0,0,0,18,0.45,,21.5
2024,4,Suzuka,PIA,McLaren,8.0,6.0,4.0,Finished,0,0,0,18,0.45,,21.5
2024,4,Suzuka,HAM,Mercedes,9.0,7.0,2.0,Finished,0,0,0,18,0.45,,21.5
2024,4,Suzuka,TSU,RB,10.0,10.0,1.0,Lapped,1,0,0,18,0.45,,21.5
2024,4,Suzuka,HUL,Haas F1 Team,11.0,12.0,0.0,Lapped,1,0,0,18,0.45,,21.5
2024,4,Suzuka,STR,Aston Martin,12.0,16.0,0.0,Lapped,1,0,0,18,0.45,,21.5
2024,4,Suzuka,MAG,Haas F1 Team,13.0,18.0,0.0,Lapped,1,0,0,18,0.45,,21.5
2024,4,Suzuka,BOT,Kick Sauber,14.0,13.0,0.0,Lapped,1,0,0,18,0.45,,21.5
2024,4,Suzuka,OCO,Alpine,15.0,15.0,0.0,Lapped,1,0,0,18,0.45,,21.5
2024,4,Suzuka,GAS,Alpine,16.0,17.0,0.0,Lapped,1,0,0,18,0.45,,21.5
2024,4,Suzuka,SAR,Williams,17.0,19.0,0.0,Lapped,1,0,0,18,0.45,,21.5
2024,4,Suzuka,ZHO,Kick Sauber,18.0,20.0,0.0,Retired,1,0,0,18,0.45,,21.5
2024,4,Suzuka,RIC,RB,19.0,11.0,0.0,Retired,1,0,0,18,0.45,,21.5
2024,4,Suzuka,ALB,Williams,20.0,14.0,0.0,Retired,1,0,0,18,0.45,,21.5
2024,5,Shanghai,VER,Red Bull Racing,1.0,1.0,25.0,Finished,0,1,0,18,0.45,,21.5
2024,5,Shanghai,NOR,McLaren,2.0,4.0,18.0,Finished,0,0,0,18,0.45,,21.5
2024,5,Shanghai,PER,Red Bull Racing,3.0,2.0,15.0,Finished,0,0,0,18,0.45,,21.5
2024,5,Shanghai,LEC,Ferrari,4.0,6.0,12.0,Finished,0,0,0,18,0.45,,21.5
2024,5,Shanghai,SAI,Ferrari,5.0,7.0,10.0,Finished,0,0,0,18,0.45,,21.5
2024,5,Shanghai,RUS,Mercedes,6.0,8.0,8.0,Finished,0,0,0,18,0.45,,21.5
2024,5,Shanghai,ALO,Aston Martin,7.0,3.0,7.0,Finished,0,0,0,18,0.45,,21.5
2024,5,Shanghai,PIA,McLaren,8.0,5.0,4.0,Finished,0,0,0,18,0.45,,21.5
2024,5,Shanghai,HAM,Mercedes,9.0,18.0,2.0,Finished,0,0,0,18,0.45,,21.5
2024,5,Shanghai,HUL,Haas F1 Team,10.0,9.0,1.0,Finished,0,0,0,18,0.45,,21.5
2024,5,Shanghai,OCO,Alpine,11.0,13.0,0.0,Finished,0,0,0,18,0.45,,21.5
2024,5,Shanghai,ALB,Williams,12.0,14.0,0.0,Finished,0,0,0,18,0.45,,21.5
2024,5,Shanghai,GAS,Alpine,13.0,15.0,0.0,Finished,0,0,0,18,0.45,,21.5
2024,5,Shanghai,ZHO,Kick Sauber,14.0,16.0,0.0,Finished,0,0,0,18,0.45,,21.5
2024,5,Shanghai,STR,Aston Martin,15.0,11.0,0.0,Finished,0,0,0,18,0.45,,21.5
2024,5,Shanghai,MAG,Haas F1 Team,16.0,17.0,0.0,Finished,0,0,0,18,0.45,,21.5
2024,5,Shanghai,SAR,Williams,17.0,20.0,0.0,Finished,0,0,0,18,0.45,,21.5
2024,5,Shanghai,RIC,RB,18.0,12.0,0.0,Retired,1,0,0,18,0.45,,21.5
2024,5,Shanghai,TSU,RB,19.0,19.0,0.0,Retired,1,0,0,18,0.45,,21.5
2024,5,Shanghai,BOT,Kick Sauber,20.0,10.0,0.0,Retired,1,0,0,18,0.45,,21.5
2024,6,Miami,NOR,McLaren,1.0,5.0,25.0,Finished,0,1,1,20,0.6,,22.0
2024,6,Miami,VER,Red Bull Racing,2.0,1.0,18.0,Finished,0,0,1,20,0.6,,22.0
2024,6,Miami,LEC,Ferrari,3.0,2.0,15.0,Finished,0,0,1,20,0.6,,22.0
2024,6,Miami,PER,Red Bull Racing,4.0,4.0,12.0,Finished,0,0,1,20,0.6,,22.0
2024,6,Miami,SAI,Ferrari,5.0,3.0,10.0,Finished,0,0,1,20,0.6,,22.0
2024,6,Miami,HAM,Mercedes,6.0,8.0,8.0,Finished,0,0,1,20,0.6,,22.0
2024,6,Miami,TSU,RB,7.0,10.0,6.0,Finished,0,0,1,20,0.6,,22.0
2024,6,Miami,RUS,Mercedes,8.0,7.0,4.0,Finished,0,0,1,20,0.6,,22.0
2024,6,Miami,ALO,Aston Martin,9.0,15.0,2.0,Finished,0,0,1,20,0.6,,22.0
2024,6,Miami,OCO,Alpine,10.0,13.0,1.0,Finished,0,0,1,20,0.6,,22.0
2024,6,Miami,HUL,Haas F1 Team,11.0,9.0,0.0,Finished,0,0,1,20,0.6,,22.0
2024,6,Miami,GAS,Alpine,12.0,12.0,0.0,Finished,0,0,1,20,0.6,,22.0
2024,6,Miami,PIA,McLaren,13.0,6.0,0.0,Finished,0,0,1,20,0.6,,22.0
2024,6,Miami,ZHO,Kick Sauber,14.0,19.0,0.0,Finished,0,0,1,20,0.6,,22.0
2024,6,Miami,RIC,RB,15.0,20.0,0.0,Finished,0,0,1,20,0.6,,22.0
2024,6,Miami,BOT,Kick Sauber,16.0,16.0,0.0,Finished,0,0,1,20,0.6,,22.0
2024,6,Miami,STR,Aston Martin,17.0,11.0,0.0,Finished,0,0,1,20,0.6,,22.0
2024,6,Miami,ALB,Williams,18.0,14.0,0.0,Finished,0,0,1,20,0.6,,22.0
2024,6,Miami,MAG,Haas F1 Team,19.0,18.0,0.0,Finished,0,0,1,20,0.6,,22.0
2024,6,Miami,SAR,Williams,20.0,17.0,0.0,Retired,1,0,1,20,0.6,,22.0
2024,7,Imola,VER,Red Bull Racing,1.0,1.0,25.0,Finished,0,1,0,10,0.45,,22.0
2024,7,Imola,NOR,McLaren,2.0,2.0,18.0,Finished,0,0,0,10,0.45,,22.0
2024,7,Imola,LEC,Ferrari,3.0,3.0,15.0,Finished,0,0,0,10,0.45,,22.0
2024,7,Imola,PIA,McLaren,4.0,5.0,12.0,Finished,0,0,0,10,0.45,,22.0
2024,7,Imola,SAI,Ferrari,5.0,4.0,10.0,Finished,0,0,0,10,0.45,,22.0
2024,7,Imola,HAM,Mercedes,6.0,8.0,8.0,Finished,0,0,0,10,0.45,,22.0
2024,7,Imola,RUS,Mercedes,7.0,6.0,7.0,Finished,0,0,0,10,0.45,,22.0
2024,7,Imola,PER,Red Bull Racing,8.0,11.0,4.0,Finished,0,0,0,10,0.45,,22.0
2024,7,Imola,STR,Aston Martin,9.0,13.0,2.0,Finished,0,0,0,10,0.45,,22.0
2024,7,Imola,TSU,RB,10.0,7.0,1.0,Lapped,1,0,0,10,0.45,,22.0
2024,7,Imola,HUL,Haas F1 Team,11.0,10.0,0.0,Lapped,1,0,0,10,0.45,,22.0
2024,7,Imola,MAG,Haas F1 Team,12.0,18.0,0.0,Lapped,1,0,0,10,0.45,,22.0
2024,7,Imola,RIC,RB,13.0,9.0,0.0,Lapped,1,0,0,10,0.45,,22.0
2024,7,Imola,OCO,Alpine,14.0,12.0,0.0,Lapped,1,0,0,10,0.45,,22.0
2024,7,Imola,ZHO,Kick Sauber,15.0,17.0,0.0,Lapped,1,0,0,10,0.45,,22.0
2024,7,Imola,GAS,Alpine,16.0,15.0,0.0,Lapped,1,0,0,10,0.45,,22.0
2024,7,Imola,SAR,Williams,17.0,19.0,0.0,Lapped,1,0,0,10,0.45,,22.0
2024,7,Imola,BOT,Kick Sauber,18.0,16.0,0.0,Lapped,1,0,0,10,0.45,,22.0
2024,7,Imola,ALO,Aston Martin,19.0,20.0,0.0,Lapped,1,0,0,10,0.45,,22.0
2024,7,Imola,ALB,Williams,20.0,14.0,0.0,Retired,1,0,0,10,0.45,,22.0
2024,8,Monaco,LEC,Ferrari,1.0,1.0,25.0,Finished,0,1,1,3,0.75,,24.0
2024,8,Monaco,PIA,McLaren,2.0,2.0,18.0,Finished,0,0,1,3,0.75,,24.0
2024,8,Monaco,SAI,Ferrari,3.0,3.0,15.0,Finished,0,0,1,3,0.75,,24.0
2024,8,Monaco,NOR,McLaren,4.0,4.0,12.0,Finished,0,0,1,3,0.75,,24.0
2024,8,Monaco,RUS,Mercedes,5.0,5.0,10.0,Finished,0,0,1,3,0.75,,24.0
2024,8,Monaco,VER,Red Bull Racing,6.0,6.0,8.0,Finished,0,0,1,3,0.75,,24.0
2024,8,Monaco,HAM,Mercedes,7.0,7.0,7.0,Finished,0,0,1,3,0.75,,24.0
2024,8,Monaco,TSU,RB,8.0,8.0,4.0,Lapped,1,0,1,3,0.75,,24.0
2024,8,Monaco,ALB,Williams,9.0,9.0,2.0,Lapped,1,0,1,3,0.75,,24.0
2024,8,Monaco,GAS,Alpine,10.0,10.0,1.0,Lapped,1,0,1,3,0.75,,24.0
2024,8,Monaco,ALO,Aston Martin,11.0,14.0,0.0,Lapped,1,0,1,3,0.75,,24.0
2024,8,Monaco,RIC,RB,12.0,12.0,0.0,Lapped,1,0,1,3,0.75,,24.0
2024,8,Monaco,BOT,Kick Sauber,13.0,17.0,0.0,Lapped,1,0,1,3,0.75,,24.0
2024,8,Monaco,STR,Aston Martin,14.0,13.0,0.0,Lapped,1,0,1,3,0.75,,24.0
2024,8,Monaco,SAR,Williams,15.0,15.0,0.0,Lapped,1,0,1,3,0.75,,24.0
2024,8,Monaco,ZHO,Kick Sauber,16.0,18.0,0.0,Lapped,1,0,1,3,0.75,,24.0
2024,8,Monaco,OCO,Alpine,17.0,11.0,0.0,Retired,1,0,1,3,0.75,,24.0
2024,8,Monaco,PER,Red Bull Racing,18.0,16.0,0.0,Retired,1,0,1,3,0.75,,24.0
2024,8,Monaco,HUL,Haas F1 Team,19.0,19.0,0.0,Retired,1,0,1,3,0.75,,24.0
2024,8,Monaco,MAG,Haas F1 Team,20.0,20.0,0.0,Retired,1,0,1,3,0.75,,24.0
2024,9,Montréal,VER,Red Bull Racing,1.0,2.0,25.0,Finished,0,1,1,18,0.45,,23.0
2024,9,Montréal,NOR,McLaren,2.0,3.0,18.0,Finished,0,0,1,18,0.45,,23.0
2024,9,Montréal,RUS,Mercedes,3.0,1.0,15.0,Finished,0,0,1,18,0.45,,23.0
2024,9,Montréal,HAM,Mercedes,4.0,7.0,13.0,Finished,0,0,1,18,0.45,,23.0
2024,9,Montréal,PIA,McLaren,5.0,4.0,10.0,Finished,0,0,1,18,0.45,,23.0
2024,9,Montréal,ALO,Aston Martin,6.0,6.0,8.0,Finished,0,0,1,18,0.45,,23.0
2024,9,Montréal,STR,Aston Martin,7.0,9.0,6.0,Finished,0,0,1,18,0.45,,23.0
2024,9,Montréal,RIC,RB,8.0,5.0,4.0,Finished,0,0,1,18,0.45,,23.0
2024,9,Montréal,GAS,Alpine,9.0,15.0,2.0,Finished,0,0,1,18,0.45,,23.0
2024,9,Montréal,OCO,Alpine,10.0,18.0,1.0,Finished,0,0,1,18,0.45,,23.0
2024,9,Montréal,HUL,Haas F1 Team,11.0,17.0,0.0,Finished,0,0,1,18,0.45,,23.0
2024,9,Montréal,MAG,Haas F1 Team,12.0,14.0,0.0,Finished,0,0,1,18,0.45,,23.0
2024,9,Montréal,BOT,Kick Sauber,13.0,19.0,0.0,Finished,0,0,1,18,0.45,,23.0
2024,9,Montréal,TSU,RB,14.0,8.0,0.0,Finished,0,0,1,18,0.45,,23.0
2024,9,Montréal,ZHO,Kick Sauber,15.0,20.0,0.0,Lapped,1,0,1,18,0.45,,23.0
2024,9,Montréal,SAI,Ferrari,16.0,12.0,0.0,Retired,1,0,1,18,0.45,,23.0
2024,9,Montréal,ALB,Williams,17.0,10.0,0.0,Retired,1,0,1,18,0.45,,23.0
2024,9,Montréal,PER,Red Bull Racing,18.0,16.0,0.0,Retired,1,0,1,18,0.45,,23.0
2024,9,Montréal,LEC,Ferrari,19.0,11.0,0.0,Retired,1,0,1,18,0.45,,23.0
2024,9,Montréal,SAR,Williams,20.0,13.0,0.0,Retired,1,0,1,18,0.45,,23.0
2024,10,Barcelona,VER,Red Bull Racing,1.0,2.0,25.0,Finished,0,1,0,18,0.45,,21.5
2024,10,Barcelona,NOR,McLaren,2.0,1.0,19.0,Finished,0,0,0,18,0.45,,21.5
2024,10,Barcelona,HAM,Mercedes,3.0,3.0,15.0,Finished,0,0,0,18,0.45,,21.5
2024,10,Barcelona,RUS,Mercedes,4.0,4.0,12.0,Finished,0,0,0,18,0.45,,21.5
2024,10,Barcelona,LEC,Ferrari,5.0,5.0,10.0,Finished,0,0,0,18,0.45,,21.5
2024,10,Barcelona,SAI,Ferrari,6.0,6.0,8.0,Finished,0,0,0,18,0.45,,21.5
2024,10,Barcelona,PIA,McLaren,7.0,9.0,6.0,Finished,0,0,0,18,0.45,,21.5
2024,10,Barcelona,PER,Red Bull Racing,8.0,11.0,4.0,Finished,0,0,0,18,0.45,,21.5
2024,10,Barcelona,GAS,Alpine,9.0,7.0,2.0,Finished,0,0,0,18,0.45,,21.5
2024,10,Barcelona,OCO,Alpine,10.0,8.0,1.0,Finished,0,0,0,18,0.45,,21.5
2024,10,Barcelona,HUL,Haas F1 Team,11.0,13.0,0.0,Finished,0,0,0,18,0.45,,21.5
2024,10,Barcelona,ALO,Aston Martin,12.0,10.0,0.0,Lapped,1,0,0,18,0.45,,21.5
2024,10,Barcelona,ZHO,Kick Sauber,13.0,15.0,0.0,Lapped,1,0,0,18,0.45,,21.5
2024,10,Barcelona,STR,Aston Martin,14.0,14.0,0.0,Lapped,1,0,0,18,0.45,,21.5
2024,10,Barcelona,RIC,RB,15.0,18.0,0.0,Lapped,1,0,0,18,0.45,,21.5
2024,10,Barcelona,BOT,Kick Sauber,16.0,12.0,0.0,Lapped,1,0,0,18,0.45,,21.5
2024,10,Barcelona,MAG,Haas F1 Team,17.0,16.0,0.0,Lapped,1,0,0,18,0.45,,21.5
2024,10,Barcelona,ALB,Williams,18.0,20.0,0.0,Lapped,1,0,0,18,0.45,,21.5
2024,10,Barcelona,TSU,RB,19.0,17.0,0.0,Lapped,1,0,0,18,0.45,,21.5
2024,10,Barcelona,SAR,Williams,20.0,19.0,0.0,Lapped,1,0,0,18,0.45,,21.5
2024,11,Spielberg,RUS,Mercedes,1.0,3.0,25.0,Finished,0,1,0,18,0.45,,21.5
2024,11,Spielberg,PIA,McLaren,2.0,7.0,18.0,Finished,0,0,0,18,0.45,,21.5
2024,11,Spielberg,SAI,Ferrari,3.0,4.0,15.0,Finished,0,0,0,18,0.45,,21.5
2024,11,Spielberg,HAM,Mercedes,4.0,5.0,12.0,Finished,0,0,0,18,0.45,,21.5
2024,11,Spielberg,VER,Red Bull Racing,5.0,1.0,10.0,Finished,0,0,0,18,0.45,,21.5
2024,11,Spielberg,HUL,Haas F1 Team,6.0,9.0,8.0,Finished,0,0,0,18,0.45,,21.5
2024,11,Spielberg,PER,Red Bull Racing,7.0,8.0,6.0,Finished,0,0,0,18,0.45,,21.5
2024,11,Spielberg,MAG,Haas F1 Team,8.0,12.0,4.0,Finished,0,0,0,18,0.45,,21.5
2024,11,Spielberg,RIC,RB,9.0,11.0,2.0,Finished,0,0,0,18,0.45,,21.5
2024,11,Spielberg,GAS,Alpine,10.0,13.0,1.0,Finished,0,0,0,18,0.45,,21.5
2024,11,Spielberg,LEC,Ferrari,11.0,6.0,0.0,Finished,0,0,0,18,0.45,,21.5
2024,11,Spielberg,OCO,Alpine,12.0,10.0,0.0,Finished,0,0,0,18,0.45,,21.5
2024,11,Spielberg,STR,Aston Martin,13.0,17.0,0.0,Lapped,1,0,0,18,0.45,,21.5
2024,11,Spielberg,TSU,RB,14.0,14.0,0.0,Lapped,1,0,0,18,0.45,,21.5
2024,11,Spielberg,ALB,Williams,15.0,16.0,0.0,Lapped,1,0,0,18,0.45,,21.5
2024,11,Spielberg,BOT,Kick Sauber,16.0,18.0,0.0,Lapped,1,0,0,18,0.45,,21.5
2024,11,Spielberg,ZHO,Kick Sauber,17.0,20.0,0.0,Lapped,1,0,0,18,0.45,,21.5
2024,11,Spielberg,ALO,Aston Martin,18.0,15.0,0.0,Lapped,1,0,0,18,0.45,,21.5
2024,11,Spielberg,SAR,Williams,19.0,19.0,0.0,Lapped,1,0,0,18,0.45,,21.5
2024,11,Spielberg,NOR,McLaren,20.0,2.0,0.0,Lapped,1,0,0,18,0.45,,21.5
2024,12,Silverstone,HAM,Mercedes,1.0,2.0,25.0,Finished,0,1,0,18,0.45,,21.5
2024,12,Silverstone,VER,Red Bull Racing,2.0,4.0,18.0,Finished,0,0,0,18,0.45,,21.5
2024,12,Silverstone,NOR,McLaren,3.0,3.0,15.0,Finished,0,0,0,18,0.45,,21.5
2024,12,Silverstone,PIA,McLaren,4.0,5.0,12.0,Finished,0,0,0,18,0.45,,21.5
2024,12,Silverstone,SAI,Ferrari,5.0,7.0,11.0,Finished,0,0,0,18,0.45,,21.5
2024,12,Silverstone,HUL,Haas F1 Team,6.0,6.0,8.0,Finished,0,0,0,18,0.45,,21.5
2024,12,Silverstone,STR,Aston Martin,7.0,8.0,6.0,Finished,0,0,0,18,0.45,,21.5
2024,12,Silverstone,ALO,Aston Martin,8.0,10.0,4.0,Finished,0,0,0,18,0.45,,21.5
2024,12,Silverstone,ALB,Williams,9.0,9.0,2.0,Finished,0,0,0,18,0.45,,21.5
2024,12,Silverstone,TSU,RB,10.0,13.0,1.0,Finished,0,0,0,18,0.45,,21.5
2024,12,Silverstone,SAR,Williams,11.0,12.0,0.0,Finished,0,0,0,18,0.45,,21.5
2024,12,Silverstone,MAG,Haas F1 Team,12.0,17.0,0.0,Finished,0,0,0,18,0.45,,21.5
2024,12,Silverstone,RIC,RB,13.0,15.0,0.0,Lapped,1,0,0,18,0.45,,21.5
2024,12,Silverstone,LEC,Ferrari,14.0,11.0,0.0,Lapped,1,0,0,18,0.45,,21.5
2024,12,Silverstone,BOT,Kick Sauber,15.0,16.0,0.0,Lapped,1,0,0,18,0.45,,21.5
2024,12,Silverstone,OCO,Alpine,16.0,18.0,0.0,Lapped,1,0,0,18,0.45,,21.5
2024,12,Silverstone,PER,Red Bull Racing,17.0,20.0,0.0,Lapped,1,0,0,18,0.45,,21.5
2024,12,Silverstone,ZHO,Kick Sauber,18.0,14.0,0.0,Lapped,1,0,0,18,0.45,,21.5
2024,12,Silverstone,RUS,Mercedes,19.0,1.0,0.0,Retired,1,0,0,18,0.45,,21.5
2024,12,Silverstone,GAS,Alpine,20.0,19.0,0.0,Did not start,1,0,0,18,0.45,,21.5
2024,13,Budapest,PIA,McLaren,1.0,2.0,25.0,Finished,0,1,0,18,0.45,,21.5
2024,13,Budapest,NOR,McLaren,2.0,1.0,18.0,Finished,0,0,0,18,0.45,,21.5
2024,13,Budapest,HAM,Mercedes,3.0,5.0,15.0,Finished,0,0,0,18,0.45,,21.5
2024,13,Budapest,LEC,Ferrari,4.0,6.0,12.0,Finished,0,0,0,18,0.45,,21.5
2024,13,Budapest,VER,Red Bull Racing,5.0,3.0,10.0,Finished,0,0,0,18,0.45,,21.5
2024,13,Budapest,SAI,Ferrari,6.0,4.0,8.0,Finished,0,0,0,18,0.45,,21.5
2024,13,Budapest,PER,Red Bull Racing,7.0,16.0,6.0,Finished,0,0,0,18,0.45,,21.5
2024,13,Budapest,RUS,Mercedes,8.0,17.0,5.0,Finished,0,0,0,18,0.45,,21.5
2024,13,Budapest,TSU,RB,9.0,10.0,2.0,Finished,0,0,0,18,0.45,,21.5
2024,13,Budapest,STR,Aston Martin,10.0,8.0,1.0,Finished,0,0,0,18,0.45,,21.5
2024,13,Budapest,ALO,Aston Martin,11.0,7.0,0.0,Finished,0,0,0,18,0.45,,21.5
2024,13,Budapest,RIC,RB,12.0,9.0,0.0,Lapped,1,0,0,18,0.45,,21.5
2024,13,Budapest,HUL,Haas F1 Team,13.0,11.0,0.0,Lapped,1,0,0,18,0.45,,21.5
2024,13,Budapest,ALB,Williams,14.0,13.0,0.0,Lapped,1,0,0,18,0.45,,21.5
2024,13,Budapest,MAG,Haas F1 Team,15.0,15.0,0.0,Lapped,1,0,0,18,0.45,,21.5
2024,13,Budapest,BOT,Kick Sauber,16.0,12.0,0.0,Lapped,1,0,0,18,0.45,,21.5
2024,13,Budapest,SAR,Williams,17.0,14.0,0.0,Lapped,1,0,0,18,0.45,,21.5
2024,13,Budapest,OCO,Alpine,18.0,19.0,0.0,Lapped,1,0,0,18,0.45,,21.5
2024,13,Budapest,ZHO,Kick Sauber,19.0,18.0,0.0,Lapped,1,0,0,18,0.45,,21.5
2024,13,Budapest,GAS,Alpine,20.0,20.0,0.0,Retired,1,0,0,18,0.45,,21.5
2024,14,Spa-Francorchamps,HAM,Mercedes,1.0,3.0,25.0,Finished,0,1,0,18,0.45,,21.5
2024,14,Spa-Francorchamps,PIA,McLaren,2.0,5.0,18.0,Finished,0,0,0,18,0.45,,21.5
2024,14,Spa-Francorchamps,LEC,Ferrari,3.0,1.0,15.0,Finished,0,0,0,18,0.45,,21.5
2024,14,Spa-Francorchamps,VER,Red Bull Racing,4.0,11.0,12.0,Finished,0,0,0,18,0.45,,21.5
2024,14,Spa-Francorchamps,NOR,McLaren,5.0,4.0,10.0,Finished,0,0,0,18,0.45,,21.5
2024,14,Spa-Francorchamps,SAI,Ferrari,6.0,7.0,8.0,Finished,0,0,0,18,0.45,,21.5
2024,14,Spa-Francorchamps,PER,Red Bull Racing,7.0,2.0,7.0,Finished,0,0,0,18,0.45,,21.5
2024,14,Spa-Francorchamps,ALO,Aston Martin,8.0,8.0,4.0,Finished,0,0,0,18,0.45,,21.5
2024,14,Spa-Francorchamps,OCO,Alpine,9.0,9.0,2.0,Finished,0,0,0,18,0.45,,21.5
2024,14,Spa-Francorchamps,RIC,RB,10.0,13.0,1.0,Finished,0,0,0,18,0.45,,21.5
2024,14,Spa-Francorchamps,STR,Aston Martin,11.0,15.0,0.0,Finished,0,0,0,18,0.45,,21.5
2024,14,Spa-Francorchamps,ALB,Williams,12.0,10.0,0.0,Finished,0,0,0,18,0.45,,21.5
2024,14,Spa-Francorchamps,GAS,Alpine,13.0,12.0,0.0,Finished,0,0,0,18,0.45,,21.5
2024,14,Spa-Francorchamps,MAG,Haas F1 Team,14.0,17.0,0.0,Finished,0,0,0,18,0.45,,21.5
2024,14,Spa-Francorchamps,BOT,Kick Sauber,15.0,14.0,0.0,Finished,0,0,0,18,0.45,,21.5
2024,14,Spa-Francorchamps,TSU,RB,16.0,20.0,0.0,Finished,0,0,0,18,0.45,,21.5
2024,14,Spa-Francorchamps,SAR,Williams,17.0,18.0,0.0,Finished,0,0,0,18,0.45,,21.5
2024,14,Spa-Francorchamps,HUL,Haas F1 Team,18.0,16.0,0.0,Finished,0,0,0,18,0.45,,21.5
2024,14,Spa-Francorchamps,ZHO,Kick Sauber,19.0,19.0,0.0,Retired,1,0,0,18,0.45,,21.5
2024,14,Spa-Francorchamps,RUS,Mercedes,20.0,6.0,0.0,Disqualified,1,0,0,18,0.45,,21.5
2024,15,Zandvoort,NOR,McLaren,1.0,1.0,26.0,Finished,0,1,0,18,0.45,,21.5
2024,15,Zandvoort,VER,Red Bull Racing,2.0,2.0,18.0,Finished,0,0,0,18,0.45,,21.5
2024,15,Zandvoort,LEC,Ferrari,3.0,6.0,15.0,Finished,0,0,0,18,0.45,,21.5
2024,15,Zandvoort,PIA,McLaren,4.0,3.0,12.0,Finished,0,0,0,18,0.45,,21.5
2024,15,Zandvoort,SAI,Ferrari,5.0,10.0,10.0,Finished,0,0,0,18,0.45,,21.5
2024,15,Zandvoort,PER,Red Bull Racing,6.0,5.0,8.0,Finished,0,0,0,18,0.45,,21.5
2024,15,Zandvoort,RUS,Mercedes,7.0,4.0,6.0,Finished,0,0,0,18,0.45,,21.5
2024,15,Zandvoort,HAM,Mercedes,8.0,14.0,4.0,Finished,0,0,0,18,0.45,,21.5
2024,15,Zandvoort,GAS,Alpine,9.0,9.0,2.0,Lapped,1,0,0,18,0.45,,21.5
2024,15,Zandvoort,ALO,Aston Martin,10.0,7.0,1.0,Lapped,1,0,0,18,0.45,,21.5
2024,15,Zandvoort,HUL,Haas F1 Team,11.0,12.0,0.0,Lapped,1,0,0,18,0.45,,21.5
2024,15,Zandvoort,RIC,RB,12.0,13.0,0.0,Lapped,1,0,0,18,0.45,,21.5
2024,15,Zandvoort,STR,Aston Martin,13.0,8.0,0.0,Lapped,1,0,0,18,0.45,,21.5
2024,15,Zandvoort,ALB,Williams,14.0,19.0,0.0,Lapped,1,0,0,18,0.45,,21.5
2024,15,Zandvoort,OCO,Alpine,15.0,15.0,0.0,Lapped,1,0,0,18,0.45,,21.5
2024,15,Zandvoort,SAR,Williams,16.0,18.0,0.0,Lapped,1,0,0,18,0.45,,21.5
2024,15,Zandvoort,TSU,RB,17.0,11.0,0.0,Lapped,1,0,0,18,0.45,,21.5
2024,15,Zandvoort,MAG,Haas F1 Team,18.0,20.0,0.0,Lapped,1,0,0,18,0.45,,21.5
2024,15,Zandvoort,BOT,Kick Sauber,19.0,16.0,0.0,Lapped,1,0,0,18,0.45,,21.5
2024,15,Zandvoort,ZHO,Kick Sauber,20.0,17.0,0.0,Lapped,1,0,0,18,0.45,,21.5
2024,16,Monza,LEC,Ferrari,1.0,4.0,25.0,Finished,0,1,0,18,0.45,,21.5
2024,16,Monza,PIA,McLaren,2.0,2.0,18.0,Finished,0,0,0,18,0.45,,21.5
2024,16,Monza,NOR,McLaren,3.0,1.0,16.0,Finished,0,0,0,18,0.45,,21.5
2024,16,Monza,SAI,Ferrari,4.0,5.0,12.0,Finished,0,0,0,18,0.45,,21.5
2024,16,Monza,HAM,Mercedes,5.0,6.0,10.0,Finished,0,0,0,18,0.45,,21.5
2024,16,Monza,VER,Red Bull Racing,6.0,7.0,8.0,Finished,0,0,0,18,0.45,,21.5
2024,16,Monza,RUS,Mercedes,7.0,3.0,6.0,Finished,0,0,0,18,0.45,,21.5
2024,16,Monza,PER,Red Bull Racing,8.0,8.0,4.0,Finished,0,0,0,18,0.45,,21.5
2024,16,Monza,ALB,Williams,9.0,9.0,2.0,Finished,0,0,0,18,0.45,,21.5
2024,16,Monza,MAG,Haas F1 Team,10.0,13.0,1.0,Finished,0,0,0,18,0.45,,21.5
2024,16,Monza,ALO,Aston Martin,11.0,11.0,0.0,Finished,0,0,0,18,0.45,,21.5
2024,16,Monza,COL,Williams,12.0,18.0,0.0,Finished,0,0,0,18,0.45,,21.5
2024,16,Monza,RIC,RB,13.0,12.0,0.0,Finished,0,0,0,18,0.45,,21.5
2024,16,Monza,OCO,Alpine,14.0,15.0,0.0,Lapped,1,0,0,18,0.45,,21.5
2024,16,Monza,GAS,Alpine,15.0,14.0,0.0,Lapped,1,0,0,18,0.45,,21.5
2024,16,Monza,BOT,Kick Sauber,16.0,19.0,0.0,Lapped,1,0,0,18,0.45,,21.5
2024,16,Monza,HUL,Haas F1 Team,17.0,10.0,0.0,Lapped,1,0,0,18,0.45,,21.5
2024,16,Monza,ZHO,Kick Sauber,18.0,20.0,0.0,Lapped,1,0,0,18,0.45,,21.5
2024,16,Monza,STR,Aston Martin,19.0,17.0,0.0,Lapped,1,0,0,18,0.45,,21.5
2024,16,Monza,TSU,RB,20.0,16.0,0.0,Retired,1,0,0,18,0.45,,21.5
2024,17,Baku,PIA,McLaren,1.0,2.0,25.0,Finished,0,1,1,18,0.45,,22.0
2024,17,Baku,LEC,Ferrari,2.0,1.0,18.0,Finished,0,0,1,18,0.45,,22.0
2024,17,Baku,RUS,Mercedes,3.0,5.0,15.0,Finished,0,0,1,18,0.45,,22.0
2024,17,Baku,NOR,McLaren,4.0,15.0,13.0,Finished,0,0,1,18,0.45,,22.0
2024,17,Baku,VER,Red Bull Racing,5.0,6.0,10.0,Finished,0,0,1,18,0.45,,22.0
2024,17,Baku,ALO,Aston Martin,6.0,7.0,8.0,Finished,0,0,1,18,0.45,,22.0
2024,17,Baku,ALB,Williams,7.0,9.0,6.0,Finished,0,0,1,18,0.45,,22.0
2024,17,Baku,COL,Williams,8.0,8.0,4.0,Finished,0,0,1,18,0.45,,22.0
2024,17,Baku,HAM,Mercedes,9.0,19.0,2.0,Finished,0,0,1,18,0.45,,22.0
2024,17,Baku,BEA,Haas F1 Team,10.0,10.0,1.0,Finished,0,0,1,18,0.45,,22.0
2024,17,Baku,HUL,Haas F1 Team,11.0,12.0,0.0,Finished,0,0,1,18,0.45,,22.0
2024,17,Baku,GAS,Alpine,12.0,18.0,0.0,Finished,0,0,1,18,0.45,,22.0
2024,17,Baku,RIC,RB,13.0,14.0,0.0,Finished,0,0,1,18,0.45,,22.0
2024,17,Baku,ZHO,Kick Sauber,14.0,17.0,0.0,Finished,0,0,1,18,0.45,,22.0
2024,17,Baku,OCO,Alpine,15.0,20.0,0.0,Lapped,1,0,1,18,0.45,,22.0
2024,17,Baku,BOT,Kick Sauber,16.0,16.0,0.0,Lapped,1,0,1,18,0.45,,22.0
2024,17,Baku,PER,Red Bull Racing,17.0,4.0,0.0,Retired,1,0,1,18,0.45,,22.0
2024,17,Baku,SAI,Ferrari,18.0,3.0,0.0,Retired,1,0,1,18,0.45,,22.0
2024,17,Baku,STR,Aston Martin,19.0,13.0,0.0,Retired,1,0,1,18,0.45,,22.0
2024,17,Baku,TSU,RB,20.0,11.0,0.0,Retired,1,0,1,18,0.45,,22.0
2024,18,Marina Bay,NOR,McLaren,1.0,1.0,25.0,Finished,0,1,0,18,0.45,,21.5
2024,18,Marina Bay,VER,Red Bull Racing,2.0,2.0,18.0,Finished,0,0,0,18,0.45,,21.5
2024,18,Marina Bay,PIA,McLaren,3.0,5.0,15.0,Finished,0,0,0,18,0.45,,21.5
2024,18,Marina Bay,RUS,Mercedes,4.0,4.0,12.0,Finished,0,0,0,18,0.45,,21.5
2024,18,Marina Bay,LEC,Ferrari,5.0,9.0,10.0,Finished,0,0,0,18,0.45,,21.5
2024,18,Marina Bay,HAM,Mercedes,6.0,3.0,8.0,Finished,0,0,0,18,0.45,,21.5
2024,18,Marina Bay,SAI,Ferrari,7.0,10.0,6.0,Finished,0,0,0,18,0.45,,21.5
2024,18,Marina Bay,ALO,Aston Martin,8.0,7.0,4.0,Lapped,1,0,0,18,0.45,,21.5
2024,18,Marina Bay,HUL,Haas F1 Team,9.0,6.0,2.0,Lapped,1,0,0,18,0.45,,21.5
2024,18,Marina Bay,PER,Red Bull Racing,10.0,13.0,1.0,Lapped,1,0,0,18,0.45,,21.5
2024,18,Marina Bay,COL,Williams,11.0,12.0,0.0,Lapped,1,0,0,18,0.45,,21.5
2024,18,Marina Bay,TSU,RB,12.0,8.0,0.0,Lapped,1,0,0,18,0.45,,21.5
2024,18,Marina Bay,OCO,Alpine,13.0,15.0,0.0,Lapped,1,0,0,18,0.45,,21.5
2024,18,Marina Bay,STR,Aston Martin,14.0,17.0,0.0,Lapped,1,0,0,18,0.45,,21.5
2024,18,Marina Bay,ZHO,Kick Sauber,15.0,20.0,0.0,Lapped,1,0,0,18,0.45,,21.5
2024,18,Marina Bay,BOT,Kick Sauber,16.0,19.0,0.0,Lapped,1,0,0,18,0.45,,21.5
2024,18,Marina Bay,GAS,Alpine,17.0,18.0,0.0,Lapped,1,0,0,18,0.45,,21.5
2024,18,Marina Bay,RIC,RB,18.0,16.0,0.0,Lapped,1,0,0,18,0.45,,21.5
2024,18,Marina Bay,MAG,Haas F1 Team,19.0,14.0,0.0,Retired,1,0,0,18,0.45,,21.5
2024,18,Marina Bay,ALB,Williams,20.0,11.0,0.0,Retired,1,0,0,18,0.45,,21.5
2024,19,Austin,LEC,Ferrari,1.0,4.0,25.0,Finished,0,1,0,18,0.45,,21.5
2024,19,Austin,SAI,Ferrari,2.0,3.0,18.0,Finished,0,0,0,18,0.45,,21.5
2024,19,Austin,VER,Red Bull Racing,3.0,2.0,15.0,Finished,0,0,0,18,0.45,,21.5
2024,19,Austin,NOR,McLaren,4.0,1.0,12.0,Finished,0,0,0,18,0.45,,21.5
2024,19,Austin,PIA,McLaren,5.0,5.0,10.0,Finished,0,0,0,18,0.45,,21.5
2024,19,Austin,RUS,Mercedes,6.0,20.0,8.0,Finished,0,0,0,18,0.45,,21.5
2024,19,Austin,PER,Red Bull Racing,7.0,9.0,6.0,Finished,0,0,0,18,0.45,,21.5
2024,19,Austin,HUL,Haas F1 Team,8.0,11.0,4.0,Finished,0,0,0,18,0.45,,21.5
2024,19,Austin,LAW,RB,9.0,19.0,2.0,Finished,0,0,0,18,0.45,,21.5
2024,19,Austin,COL,Williams,10.0,15.0,1.0,Finished,0,0,0,18,0.45,,21.5
2024,19,Austin,MAG,Haas F1 Team,11.0,8.0,0.0,Finished,0,0,0,18,0.45,,21.5
2024,19,Austin,GAS,Alpine,12.0,6.0,0.0,Finished,0,0,0,18,0.45,,21.5
2024,19,Austin,ALO,Aston Martin,13.0,7.0,0.0,Lapped,1,0,0,18,0.45,,21.5
2024,19,Austin,TSU,RB,14.0,10.0,0.0,Lapped,1,0,0,18,0.45,,21.5
2024,19,Austin,STR,Aston Martin,15.0,13.0,0.0,Lapped,1,0,0,18,0.45,,21.5
2024,19,Austin,ALB,Williams,16.0,14.0,0.0,Lapped,1,0,0,18,0.45,,21.5
2024,19,Austin,BOT,Kick Sauber,17.0,16.0,0.0,Lapped,1,0,0,18,0.45,,21.5
2024,19,Austin,OCO,Alpine,18.0,12.0,0.0,Lapped,1,0,0,18,0.45,,21.5
2024,19,Austin,ZHO,Kick Sauber,19.0,18.0,0.0,Lapped,1,0,0,18,0.45,,21.5
2024,19,Austin,HAM,Mercedes,20.0,17.0,0.0,Retired,1,0,0,18,0.45,,21.5
2024,20,Mexico City,SAI,Ferrari,1.0,1.0,25.0,Finished,0,1,0,18,0.45,,21.5
2024,20,Mexico City,NOR,McLaren,2.0,3.0,18.0,Finished,0,0,0,18,0.45,,21.5
2024,20,Mexico City,LEC,Ferrari,3.0,4.0,16.0,Finished,0,0,0,18,0.45,,21.5
2024,20,Mexico City,HAM,Mercedes,4.0,6.0,12.0,Finished,0,0,0,18,0.45,,21.5
2024,20,Mexico City,RUS,Mercedes,5.0,5.0,10.0,Finished,0,0,0,18,0.45,,21.5
2024,20,Mexico City,VER,Red Bull Racing,6.0,2.0,8.0,Finished,0,0,0,18,0.45,,21.5
2024,20,Mexico City,MAG,Haas F1 Team,7.0,7.0,6.0,Finished,0,0,0,18,0.45,,21.5
2024,20,Mexico City,PIA,McLaren,8.0,17.0,4.0,Finished,0,0,0,18,0.45,,21.5
2024,20,Mexico City,HUL,Haas F1 Team,9.0,10.0,2.0,Lapped,1,0,0,18,0.45,,21.5
2024,20,Mexico City,GAS,Alpine,10.0,8.0,1.0,Lapped,1,0,0,18,0.45,,21.5
2024,20,Mexico City,STR,Aston Martin,11.0,14.0,0.0,Lapped,1,0,0,18,0.45,,21.5
2024,20,Mexico City,COL,Williams,12.0,16.0,0.0,Lapped,1,0,0,18,0.45,,21.5
2024,20,Mexico City,OCO,Alpine,13.0,0.0,0.0,Lapped,1,0,0,18,0.45,,21.5
2024,20,Mexico City,BOT,Kick Sauber,14.0,15.0,0.0,Lapped,1,0,0,18,0.45,,21.5
2024,20,Mexico City,ZHO,Kick Sauber,15.0,19.0,0.0,Lapped,1,0,0,18,0.45,,21.5
2024,20,Mexico City,LAW,RB,16.0,12.0,0.0,Lapped,1,0,0,18,0.45,,21.5
2024,20,Mexico City,PER,Red Bull Racing,17.0,18.0,0.0,Lapped,1,0,0,18,0.45,,21.5
2024,20,Mexico City,ALO,Aston Martin,18.0,13.0,0.0,Retired,1,0,0,18,0.45,,21.5
2024,20,Mexico City,ALB,Williams,19.0,9.0,0.0,Retired,1,0,0,18,0.45,,21.5
2024,20,Mexico City,TSU,RB,20.0,11.0,0.0,Retired,1,0,0,18,0.45,,21.5
2024,21,São Paulo,VER,Red Bull Racing,1.0,17.0,26.0,Finished,0,1,0,18,0.45,,21.5
2024,21,São Paulo,OCO,Alpine,2.0,4.0,18.0,Finished,0,0,0,18,0.45,,21.5
2024,21,São Paulo,GAS,Alpine,3.0,13.0,15.0,Finished,0,0,0,18,0.45,,21.5
2024,21,São Paulo,RUS,Mercedes,4.0,2.0,12.0,Finished,0,0,0,18,0.45,,21.5
2024,21,São Paulo,LEC,Ferrari,5.0,6.0,10.0,Finished,0,0,0,18,0.45,,21.5
2024,21,São Paulo,NOR,McLaren,6.0,1.0,8.0,Finished,0,0,0,18,0.45,,21.5
2024,21,São Paulo,TSU,RB,7.0,3.0,6.0,Finished,0,0,0,18,0.45,,21.5
2024,21,São Paulo,PIA,McLaren,8.0,8.0,4.0,Finished,0,0,0,18,0.45,,21.5
2024,21,São Paulo,LAW,RB,9.0,5.0,2.0,Finished,0,0,0,18,0.45,,21.5
2024,21,São Paulo,HAM,Mercedes,10.0,14.0,1.0,Finished,0,0,0,18,0.45,,21.5
2024,21,São Paulo,PER,Red Bull Racing,11.0,12.0,0.0,Finished,0,0,0,18,0.45,,21.5
2024,21,São Paulo,BEA,Haas F1 Team,12.0,15.0,0.0,Finished,0,0,0,18,0.45,,21.5
2024,21,São Paulo,BOT,Kick Sauber,13.0,11.0,0.0,Finished,0,0,0,18,0.45,,21.5
2024,21,São Paulo,ALO,Aston Martin,14.0,9.0,0.0,Finished,0,0,0,18,0.45,,21.5
2024,21,São Paulo,ZHO,Kick Sauber,15.0,19.0,0.0,Finished,0,0,0,18,0.45,,21.5
2024,21,São Paulo,SAI,Ferrari,16.0,20.0,0.0,Retired,1,0,0,18,0.45,,21.5
2024,21,São Paulo,COL,Williams,17.0,16.0,0.0,Retired,1,0,0,18,0.45,,21.5
2024,21,São Paulo,ALB,Williams,18.0,7.0,0.0,Did not start,1,0,0,18,0.45,,21.5
2024,21,São Paulo,STR,Aston Martin,19.0,10.0,0.0,Did not start,1,0,0,18,0.45,,21.5
2024,21,São Paulo,HUL,Haas F1 Team,20.0,18.0,0.0,Disqualified,1,0,0,18,0.45,,21.5
2024,22,Las Vegas,RUS,Mercedes,1.0,1.0,25.0,Finished,0,1,1,18,0.55,,21.5
2024,22,Las Vegas,HAM,Mercedes,2.0,10.0,18.0,Finished,0,0,1,18,0.55,,21.5
2024,22,Las Vegas,SAI,Ferrari,3.0,2.0,15.0,Finished,0,0,1,18,0.55,,21.5
2024,22,Las Vegas,LEC,Ferrari,4.0,4.0,12.0,Finished,0,0,1,18,0.55,,21.5
2024,22,Las Vegas,VER,Red Bull Racing,5.0,5.0,10.0,Finished,0,0,1,18,0.55,,21.5
2024,22,Las Vegas,NOR,McLaren,6.0,6.0,9.0,Finished,0,0,1,18,0.55,,21.5
2024,22,Las Vegas,PIA,McLaren,7.0,8.0,6.0,Finished,0,0,1,18,0.55,,21.5
2024,22,Las Vegas,HUL,Haas F1 Team,8.0,9.0,4.0,Finished,0,0,1,18,0.55,,21.5
2024,22,Las Vegas,TSU,RB,9.0,7.0,2.0,Finished,0,0,1,18,0.55,,21.5
2024,22,Las Vegas,PER,Red Bull Racing,10.0,15.0,1.0,Finished,0,0,1,18,0.55,,21.5
2024,22,Las Vegas,ALO,Aston Martin,11.0,16.0,0.0,Finished,0,0,1,18,0.55,,21.5
2024,22,Las Vegas,MAG,Haas F1 Team,12.0,12.0,0.0,Finished,0,0,1,18,0.55,,21.5
2024,22,Las Vegas,ZHO,Kick Sauber,13.0,13.0,0.0,Finished,0,0,1,18,0.55,,21.5
2024,22,Las Vegas,COL,Williams,14.0,20.0,0.0,Finished,0,0,1,18,0.55,,21.5
2024,22,Las Vegas,STR,Aston Martin,15.0,18.0,0.0,Finished,0,0,1,18,0.55,,21.5
2024,22,Las Vegas,LAW,RB,16.0,14.0,0.0,Finished,0,0,1,18,0.55,,21.5
2024,22,Las Vegas,OCO,Alpine,17.0,11.0,0.0,Lapped,1,0,1,18,0.55,,21.5
2024,22,Las Vegas,BOT,Kick Sauber,18.0,19.0,0.0,Lapped,1,0,1,18,0.55,,21.5
2024,22,Las Vegas,ALB,Williams,19.0,17.0,0.0,Retired,1,0,1,18,0.55,,21.5
2024,22,Las Vegas,GAS,Alpine,20.0,3.0,0.0,Retired,1,0,1,18,0.55,,21.5
2024,23,Lusail,VER,Red Bull Racing,1.0,2.0,25.0,Finished,0,1,0,18,0.45,,21.5
2024,23,Lusail,LEC,Ferrari,2.0,5.0,18.0,Finished,0,0,0,18,0.45,,21.5
2024,23,Lusail,PIA,McLaren,3.0,4.0,15.0,Finished,0,0,0,18,0.45,,21.5
2024,23,Lusail,RUS,Mercedes,4.0,1.0,12.0,Finished,0,0,0,18,0.45,,21.5
2024,23,Lusail,GAS,Alpine,5.0,11.0,10.0,Finished,0,0,0,18,0.45,,21.5
2024,23,Lusail,SAI,Ferrari,6.0,7.0,8.0,Finished,0,0,0,18,0.45,,21.5
2024,23,Lusail,ALO,Aston Martin,7.0,8.0,6.0,Finished,0,0,0,18,0.45,,21.5
2024,23,Lusail,ZHO,Kick Sauber,8.0,12.0,4.0,Finished,0,0,0,18,0.45,,21.5
2024,23,Lusail,MAG,Haas F1 Team,9.0,10.0,2.0,Finished,0,0,0,18,0.45,,21.5
2024,23,Lusail,NOR,McLaren,10.0,3.0,2.0,Finished,0,0,0,18,0.45,,21.5
2024,23,Lusail,BOT,Kick Sauber,11.0,13.0,0.0,Finished,0,0,0,18,0.45,,21.5
2024,23,Lusail,HAM,Mercedes,12.0,6.0,0.0,Finished,0,0,0,18,0.45,,21.5
2024,23,Lusail,TSU,RB,13.0,14.0,0.0,Finished,0,0,0,18,0.45,,21.5
2024,23,Lusail,LAW,RB,14.0,17.0,0.0,Finished,0,0,0,18,0.45,,21.5
2024,23,Lusail,ALB,Williams,15.0,16.0,0.0,Lapped,1,0,0,18,0.45,,21.5
2024,23,Lusail,HUL,Haas F1 Team,16.0,18.0,0.0,Retired,1,0,0,18,0.45,,21.5
2024,23,Lusail,PER,Red Bull Racing,17.0,9.0,0.0,Retired,1,0,0,18,0.45,,21.5
2024,23,Lusail,STR,Aston Martin,18.0,15.0,0.0,Retired,1,0,0,18,0.45,,21.5
2024,23,Lusail,COL,Williams,19.0,19.0,0.0,Retired,1,0,0,18,0.45,,21.5
2024,23,Lusail,OCO,Alpine,20.0,20.0,0.0,Retired,1,0,0,18,0.45,,21.5
2024,24,Yas Island,NOR,McLaren,1.0,1.0,25.0,Finished,0,1,0,18,0.45,,21.5
2024,24,Yas Island,SAI,Ferrari,2.0,3.0,18.0,Finished,0,0,0,18,0.45,,21.5
2024,24,Yas Island,LEC,Ferrari,3.0,19.0,15.0,Finished,0,0,0,18,0.45,,21.5
2024,24,Yas Island,HAM,Mercedes,4.0,16.0,12.0,Finished,0,0,0,18,0.45,,21.5
2024,24,Yas Island,RUS,Mercedes,5.0,6.0,10.0,Finished,0,0,0,18,0.45,,21.5
2024,24,Yas Island,VER,Red Bull Racing,6.0,4.0,8.0,Finished,0,0,0,18,0.45,,21.5
2024,24,Yas Island,GAS,Alpine,7.0,5.0,6.0,Finished,0,0,0,18,0.45,,21.5
2024,24,Yas Island,HUL,Haas F1 Team,8.0,7.0,4.0,Finished,0,0,0,18,0.45,,21.5
2024,24,Yas Island,ALO,Aston Martin,9.0,8.0,2.0,Finished,0,0,0,18,0.45,,21.5
2024,24,Yas Island,PIA,McLaren,10.0,2.0,1.0,Finished,0,0,0,18,0.45,,21.5
2024,24,Yas Island,ALB,Williams,11.0,18.0,0.0,Lapped,1,0,0,18,0.45,,21.5
2024,24,Yas Island,TSU,RB,12.0,11.0,0.0,Lapped,1,0,0,18,0.45,,21.5
2024,24,Yas Island,ZHO,Kick Sauber,13.0,15.0,0.0,Lapped,1,0,0,18,0.45,,21.5
2024,24,Yas Island,STR,Aston Martin,14.0,13.0,0.0,Lapped,1,0,0,18,0.45,,21.5
2024,24,Yas Island,DOO,Alpine,15.0,17.0,0.0,Lapped,1,0,0,18,0.45,,21.5
2024,24,Yas Island,MAG,Haas F1 Team,16.0,14.0,0.0,Lapped,1,0,0,18,0.45,,21.5
2024,24,Yas Island,LAW,RB,17.0,12.0,0.0,Retired,1,0,0,18,0.45,,21.5
2024,24,Yas Island,BOT,Kick Sauber,18.0,9.0,0.0,Retired,1,0,0,18,0.45,,21.5
2024,24,Yas Island,COL,Williams,19.0,20.0,0.0,Retired,1,0,0,18,0.45,,21.5
2024,24,Yas Island,PER,Red Bull Racing,20.0,10.0,0.0,Retired,1,0,0,18,0.45,,21.5
2025,1,Melbourne,NOR,McLaren,1.0,1.0,25.0,Finished,0,1,1,18,0.45,,22.5
2025,1,Melbourne,VER,Red Bull Racing,2.0,3.0,18.0,Finished,0,0,1,18,0.45,,22.5
2025,1,Melbourne,RUS,Mercedes,3.0,4.0,15.0,Finished,0,0,1,18,0.45,,22.5
2025,1,Melbourne,ANT,Mercedes,4.0,16.0,12.0,Finished,0,0,1,18,0.45,,22.5
2025,1,Melbourne,ALB,Williams,5.0,6.0,10.0,Finished,0,0,1,18,0.45,,22.5
2025,1,Melbourne,STR,Aston Martin,6.0,13.0,8.0,Finished,0,0,1,18,0.45,,22.5
2025,1,Melbourne,HUL,Kick Sauber,7.0,17.0,6.0,Finished,0,0,1,18,0.45,,22.5
2025,1,Melbourne,LEC,Ferrari,8.0,7.0,4.0,Finished,0,0,1,18,0.45,,22.5
2025,1,Melbourne,PIA,McLaren,9.0,2.0,2.0,Finished,0,0,1,18,0.45,,22.5
2025,1,Melbourne,HAM,Ferrari,10.0,8.0,1.0,Finished,0,0,1,18,0.45,,22.5
2025,1,Melbourne,GAS,Alpine,11.0,9.0,0.0,Finished,0,0,1,18,0.45,,22.5
2025,1,Melbourne,TSU,Racing Bulls,12.0,5.0,0.0,Finished,0,0,1,18,0.45,,22.5
2025,1,Melbourne,OCO,Haas F1 Team,13.0,19.0,0.0,Finished,0,0,1,18,0.45,,22.5
2025,1,Melbourne,BEA,Haas F1 Team,14.0,20.0,0.0,Finished,0,0,1,18,0.45,,22.5
2025,1,Melbourne,LAW,Red Bull Racing,15.0,18.0,0.0,Retired,1,0,1,18,0.45,,22.5
2025,1,Melbourne,BOR,Kick Sauber,16.0,15.0,0.0,Retired,1,0,1,18,0.45,,22.5
2025,1,Melbourne,ALO,Aston Martin,17.0,12.0,0.0,Retired,1,0,1,18,0.45,,22.5
2025,1,Melbourne,SAI,Williams,18.0,10.0,0.0,Retired,1,0,1,18,0.45,,22.5
2025,1,Melbourne,DOO,Alpine,19.0,14.0,0.0,Retired,1,0,1,18,0.45,,22.5
2025,1,Melbourne,HAD,Racing Bulls,20.0,11.0,0.0,Retired,1,0,1,18,0.45,,22.5
2025,2,Shanghai,PIA,McLaren,1.0,1.0,25.0,Finished,0,1,0,18,0.45,,21.5
2025,2,Shanghai,NOR,McLaren,2.0,3.0,18.0,Finished,0,0,0,18,0.45,,21.5
2025,2,Shanghai,RUS,Mercedes,3.0,2.0,15.0,Finished,0,0,0,18,0.45,,21.5
2025,2,Shanghai,VER,Red Bull Racing,4.0,4.0,12.0,Finished,0,0,0,18,0.45,,21.5
2025,2,Shanghai,OCO,Haas F1 Team,5.0,11.0,10.0,Finished,0,0,0,18,0.45,,21.5
2025,2,Shanghai,ANT,Mercedes,6.0,8.0,8.0,Finished,0,0,0,18,0.45,,21.5
2025,2,Shanghai,ALB,Williams,7.0,10.0,6.0,Finished,0,0,0,18,0.45,,21.5
2025,2,Shanghai,BEA,Haas F1 Team,8.0,17.0,4.0,Finished,0,0,0,18,0.45,,21.5
2025,2,Shanghai,STR,Aston Martin,9.0,14.0,2.0,Finished,0,0,0,18,0.45,,21.5
2025,2,Shanghai,SAI,Williams,10.0,15.0,1.0,Finished,0,0,0,18,0.45,,21.5
2025,2,Shanghai,HAD,Racing Bulls,11.0,7.0,0.0,Finished,0,0,0,18,0.45,,21.5
2025,2,Shanghai,LAW,Red Bull Racing,12.0,20.0,0.0,Finished,0,0,0,18,0.45,,21.5
2025,2,Shanghai,DOO,Alpine,13.0,18.0,0.0,Finished,0,0,0,18,0.45,,21.5
2025,2,Shanghai,BOR,Kick Sauber,14.0,19.0,0.0,Lapped,1,0,0,18,0.45,,21.5
2025,2,Shanghai,HUL,Kick Sauber,15.0,12.0,0.0,Lapped,1,0,0,18,0.45,,21.5
2025,2,Shanghai,TSU,Racing Bulls,16.0,9.0,0.0,Lapped,1,0,0,18,0.45,,21.5
2025,2,Shanghai,ALO,Aston Martin,17.0,13.0,0.0,Retired,1,0,0,18,0.45,,21.5
2025,2,Shanghai,LEC,Ferrari,18.0,6.0,0.0,Disqualified,1,0,0,18,0.45,,21.5
2025,2,Shanghai,HAM,Ferrari,19.0,5.0,0.0,Disqualified,1,0,0,18,0.45,,21.5
2025,2,Shanghai,GAS,Alpine,20.0,16.0,0.0,Disqualified,1,0,0,18,0.45,,21.5
2025,3,Suzuka,VER,Red Bull Racing,1.0,1.0,25.0,Finished,0,1,0,18,0.45,,21.5
2025,3,Suzuka,NOR,McLaren,2.0,2.0,18.0,Finished,0,0,0,18,0.45,,21.5
2025,3,Suzuka,PIA,McLaren,3.0,3.0,15.0,Finished,0,0,0,18,0.45,,21.5
2025,3,Suzuka,LEC,Ferrari,4.0,4.0,12.0,Finished,0,0,0,18,0.45,,21.5
2025,3,Suzuka,RUS,Mercedes,5.0,5.0,10.0,Finished,0,0,0,18,0.45,,21.5
2025,3,Suzuka,ANT,Mercedes,6.0,6.0,8.0,Finished,0,0,0,18,0.45,,21.5
2025,3,Suzuka,HAM,Ferrari,7.0,8.0,6.0,Finished,0,0,0,18,0.45,,21.5
2025,3,Suzuka,HAD,Racing Bulls,8.0,7.0,4.0,Finished,0,0,0,18,0.45,,21.5
2025,3,Suzuka,ALB,Williams,9.0,9.0,2.0,Finished,0,0,0,18,0.45,,21.5
2025,3,Suzuka,BEA,Haas F1 Team,10.0,10.0,1.0,Finished,0,0,0,18,0.45,,21.5
2025,3,Suzuka,ALO,Aston Martin,11.0,12.0,0.0,Finished,0,0,0,18,0.45,,21.5
2025,3,Suzuka,TSU,Red Bull Racing,12.0,14.0,0.0,Finished,0,0,0,18,0.45,,21.5
2025,3,Suzuka,GAS,Alpine,13.0,11.0,0.0,Finished,0,0,0,18,0.45,,21.5
2025,3,Suzuka,SAI,Williams,14.0,15.0,0.0,Finished,0,0,0,18,0.45,,21.5
2025,3,Suzuka,DOO,Alpine,15.0,19.0,0.0,Finished,0,0,0,18,0.45,,21.5
2025,3,Suzuka,HUL,Kick Sauber,16.0,16.0,0.0,Finished,0,0,0,18,0.45,,21.5
2025,3,Suzuka,LAW,Racing Bulls,17.0,13.0,0.0,Finished,0,0,0,18,0.45,,21.5
2025,3,Suzuka,OCO,Haas F1 Team,18.0,18.0,0.0,Finished,0,0,0,18,0.45,,21.5
2025,3,Suzuka,BOR,Kick Sauber,19.0,17.0,0.0,Finished,0,0,0,18,0.45,,21.5
2025,3,Suzuka,STR,Aston Martin,20.0,20.0,0.0,Lapped,1,0,0,18,0.45,,21.5
2025,4,Sakhir,PIA,McLaren,1.0,1.0,25.0,Finished,0,1,0,18,0.45,,21.5
2025,4,Sakhir,RUS,Mercedes,2.0,3.0,18.0,Finished,0,0,0,18,0.45,,21.5
2025,4,Sakhir,NOR,McLaren,3.0,6.0,15.0,Finished,0,0,0,18,0.45,,21.5
2025,4,Sakhir,LEC,Ferrari,4.0,2.0,12.0,Finished,0,0,0,18,0.45,,21.5
2025,4,Sakhir,HAM,Ferrari,5.0,9.0,10.0,Finished,0,0,0,18,0.45,,21.5
2025,4,Sakhir,VER,Red Bull Racing,6.0,7.0,8.0,Finished,0,0,0,18,0.45,,21.5
2025,4,Sakhir,GAS,Alpine,7.0,4.0,6.0,Finished,0,0,0,18,0.45,,21.5
2025,4,Sakhir,OCO,Haas F1 Team,8.0,14.0,4.0,Finished,0,0,0,18,0.45,,21.5
2025,4,Sakhir,TSU,Red Bull Racing,9.0,10.0,2.0,Finished,0,0,0,18,0.45,,21.5
2025,4,Sakhir,BEA,Haas F1 Team,10.0,20.0,1.0,Finished,0,0,0,18,0.45,,21.5
2025,4,Sakhir,ANT,Mercedes,11.0,5.0,0.0,Finished,0,0,0,18,0.45,,21.5
2025,4,Sakhir,ALB,Williams,12.0,15.0,0.0,Finished,0,0,0,18,0.45,,21.5
2025,4,Sakhir,HAD,Racing Bulls,13.0,12.0,0.0,Finished,0,0,0,18,0.45,,21.5
2025,4,Sakhir,DOO,Alpine,14.0,11.0,0.0,Finished,0,0,0,18,0.45,,21.5
2025,4,Sakhir,ALO,Aston Martin,15.0,13.0,0.0,Finished,0,0,0,18,0.45,,21.5
2025,4,Sakhir,LAW,Racing Bulls,16.0,17.0,0.0,Finished,0,0,0,18,0.45,,21.5
2025,4,Sakhir,STR,Aston Martin,17.0,19.0,0.0,Finished,0,0,0,18,0.45,,21.5
2025,4,Sakhir,BOR,Kick Sauber,18.0,18.0,0.0,Finished,0,0,0,18,0.45,,21.5
2025,4,Sakhir,SAI,Williams,19.0,8.0,0.0,Retired,1,0,0,18,0.45,,21.5
2025,4,Sakhir,HUL,Kick Sauber,20.0,16.0,0.0,Disqualified,1,0,0,18,0.45,,21.5
2025,5,Jeddah,PIA,McLaren,1.0,2.0,25.0,Finished,0,1,1,18,0.45,,22.0
2025,5,Jeddah,VER,Red Bull Racing,2.0,1.0,18.0,Finished,0,0,1,18,0.45,,22.0
2025,5,Jeddah,LEC,Ferrari,3.0,4.0,15.0,Finished,0,0,1,18,0.45,,22.0
2025,5,Jeddah,NOR,McLaren,4.0,10.0,12.0,Finished,0,0,1,18,0.45,,22.0
2025,5,Jeddah,RUS,Mercedes,5.0,3.0,10.0,Finished,0,0,1,18,0.45,,22.0
2025,5,Jeddah,ANT,Mercedes,6.0,5.0,8.0,Finished,0,0,1,18,0.45,,22.0
2025,5,Jeddah,HAM,Ferrari,7.0,7.0,6.0,Finished,0,0,1,18,0.45,,22.0
2025,5,Jeddah,SAI,Williams,8.0,6.0,4.0,Finished,0,0,1,18,0.45,,22.0
2025,5,Jeddah,ALB,Williams,9.0,11.0,2.0,Finished,0,0,1,18,0.45,,22.0
2025,5,Jeddah,HAD,Racing Bulls,10.0,14.0,1.0,Finished,0,0,1,18,0.45,,22.0
2025,5,Jeddah,ALO,Aston Martin,11.0,13.0,0.0,Finished,0,0,1,18,0.45,,22.0
2025,5,Jeddah,LAW,Racing Bulls,12.0,12.0,0.0,Finished,0,0,1,18,0.45,,22.0
2025,5,Jeddah,BEA,Haas F1 Team,13.0,15.0,0.0,Finished,0,0,1,18,0.45,,22.0
2025,5,Jeddah,OCO,Haas F1 Team,14.0,19.0,0.0,Finished,0,0,1,18,0.45,,22.0
2025,5,Jeddah,HUL,Kick Sauber,15.0,18.0,0.0,Lapped,1,0,1,18,0.45,,22.0
2025,5,Jeddah,STR,Aston Martin,16.0,16.0,0.0,Lapped,1,0,1,18,0.45,,22.0
2025,5,Jeddah,DOO,Alpine,17.0,17.0,0.0,Lapped,1,0,1,18,0.45,,22.0
2025,5,Jeddah,BOR,Kick Sauber,18.0,20.0,0.0,Lapped,1,0,1,18,0.45,,22.0
2025,5,Jeddah,TSU,Red Bull Racing,19.0,8.0,0.0,Retired,1,0,1,18,0.45,,22.0
2025,5,Jeddah,GAS,Alpine,20.0,9.0,0.0,Retired,1,0,1,18,0.45,,22.0
2025,6,Miami Gardens,PIA,McLaren,1.0,4.0,25.0,Finished,0,1,0,18,0.45,,21.5
2025,6,Miami Gardens,NOR,McLaren,2.0,2.0,18.0,Finished,0,0,0,18,0.45,,21.5
2025,6,Miami Gardens,RUS,Mercedes,3.0,5.0,15.0,Finished,0,0,0,18,0.45,,21.5
2025,6,Miami Gardens,VER,Red Bull Racing,4.0,1.0,12.0,Finished,0,0,0,18,0.45,,21.5
2025,6,Miami Gardens,ALB,Williams,5.0,7.0,10.0,Finished,0,0,0,18,0.45,,21.5
2025,6,Miami Gardens,ANT,Mercedes,6.0,3.0,8.0,Finished,0,0,0,18,0.45,,21.5
2025,6,Miami Gardens,LEC,Ferrari,7.0,8.0,6.0,Finished,0,0,0,18,0.45,,21.5
2025,6,Miami Gardens,HAM,Ferrari,8.0,12.0,4.0,Finished,0,0,0,18,0.45,,21.5
2025,6,Miami Gardens,SAI,Williams,9.0,6.0,2.0,Finished,0,0,0,18,0.45,,21.5
2025,6,Miami Gardens,TSU,Red Bull Racing,10.0,10.0,1.0,Finished,0,0,0,18,0.45,,21.5
2025,6,Miami Gardens,HAD,Racing Bulls,11.0,11.0,0.0,Finished,0,0,0,18,0.45,,21.5
2025,6,Miami Gardens,OCO,Haas F1 Team,12.0,9.0,0.0,Finished,0,0,0,18,0.45,,21.5
2025,6,Miami Gardens,GAS,Alpine,13.0,20.0,0.0,Finished,0,0,0,18,0.45,,21.5
2025,6,Miami Gardens,HUL,Kick Sauber,14.0,16.0,0.0,Lapped,1,0,0,18,0.45,,21.5
2025,6,Miami Gardens,ALO,Aston Martin,15.0,17.0,0.0,Lapped,1,0,0,18,0.45,,21.5
2025,6,Miami Gardens,STR,Aston Martin,16.0,18.0,0.0,Lapped,1,0,0,18,0.45,,21.5
2025,6,Miami Gardens,LAW,Racing Bulls,17.0,15.0,0.0,Retired,1,0,0,18,0.45,,21.5
2025,6,Miami Gardens,BOR,Kick Sauber,18.0,13.0,0.0,Retired,1,0,0,18,0.45,,21.5
2025,6,Miami Gardens,BEA,Haas F1 Team,19.0,19.0,0.0,Retired,1,0,0,18,0.45,,21.5
2025,6,Miami Gardens,DOO,Alpine,20.0,14.0,0.0,Retired,1,0,0,18,0.45,,21.5
2025,7,Imola,VER,Red Bull Racing,1.0,2.0,25.0,Finished,0,1,0,10,0.45,,22.0
2025,7,Imola,NOR,McLaren,2.0,4.0,18.0,Finished,0,0,0,10,0.45,,22.0
2025,7,Imola,PIA,McLaren,3.0,1.0,15.0,Finished,0,0,0,10,0.45,,22.0
2025,7,Imola,HAM,Ferrari,4.0,12.0,12.0,Finished,0,0,0,10,0.45,,22.0
2025,7,Imola,ALB,Williams,5.0,7.0,10.0,Finished,0,0,0,10,0.45,,22.0
2025,7,Imola,LEC,Ferrari,6.0,11.0,8.0,Finished,0,0,0,10,0.45,,22.0
2025,7,Imola,RUS,Mercedes,7.0,3.0,6.0,Finished,0,0,0,10,0.45,,22.0
2025,7,Imola,SAI,Williams,8.0,6.0,4.0,Finished,0,0,0,10,0.45,,22.0
2025,7,Imola,HAD,Racing Bulls,9.0,9.0,2.0,Finished,0,0,0,10,0.45,,22.0
2025,7,Imola,TSU,Red Bull Racing,10.0,20.0,1.0,Finished,0,0,0,10,0.45,,22.0
2025,7,Imola,ALO,Aston Martin,11.0,5.0,0.0,Finished,0,0,0,10,0.45,,22.0
2025,7,Imola,HUL,Kick Sauber,12.0,17.0,0.0,Finished,0,0,0,10,0.45,,22.0
2025,7,Imola,GAS,Alpine,13.0,10.0,0.0,Finished,0,0,0,10,0.45,,22.0
2025,7,Imola,LAW,Racing Bulls,14.0,15.0,0.0,Finished,0,0,0,10,0.45,,22.0
2025,7,Imola,STR,Aston Martin,15.0,8.0,0.0,Finished,0,0,0,10,0.45,,22.0
2025,7,Imola,COL,Alpine,16.0,16.0,0.0,Finished,0,0,0,10,0.45,,22.0
2025,7,Imola,BEA,Haas F1 Team,17.0,19.0,0.0,Finished,0,0,0,10,0.45,,22.0
2025,7,Imola,BOR,Kick Sauber,18.0,14.0,0.0,Finished,0,0,0,10,0.45,,22.0
2025,7,Imola,ANT,Mercedes,19.0,13.0,0.0,Retired,1,0,0,10,0.45,,22.0
2025,7,Imola,OCO,Haas F1 Team,20.0,18.0,0.0,Retired,1,0,0,10,0.45,,22.0
2025,8,Monaco,NOR,McLaren,1.0,1.0,25.0,Finished,0,1,1,3,0.75,,24.0
2025,8,Monaco,LEC,Ferrari,2.0,2.0,18.0,Finished,0,0,1,3,0.75,,24.0
2025,8,Monaco,PIA,McLaren,3.0,3.0,15.0,Finished,0,0,1,3,0.75,,24.0
2025,8,Monaco,VER,Red Bull Racing,4.0,4.0,12.0,Finished,0,0,1,3,0.75,,24.0
2025,8,Monaco,HAM,Ferrari,5.0,7.0,10.0,Finished,0,0,1,3,0.75,,24.0
2025,8,Monaco,HAD,Racing Bulls,6.0,5.0,8.0,Lapped,1,0,1,3,0.75,,24.0
2025,8,Monaco,OCO,Haas F1 Team,7.0,8.0,6.0,Lapped,1,0,1,3,0.75,,24.0
2025,8,Monaco,LAW,Racing Bulls,8.0,9.0,4.0,Lapped,1,0,1,3,0.75,,24.0
2025,8,Monaco,ALB,Williams,9.0,10.0,2.0,Lapped,1,0,1,3,0.75,,24.0
2025,8,Monaco,SAI,Williams,10.0,11.0,1.0,Lapped,1,0,1,3,0.75,,24.0
2025,8,Monaco,RUS,Mercedes,11.0,14.0,0.0,Lapped,1,0,1,3,0.75,,24.0
2025,8,Monaco,BEA,Haas F1 Team,12.0,20.0,0.0,Lapped,1,0,1,3,0.75,,24.0
2025,8,Monaco,COL,Alpine,13.0,18.0,0.0,Lapped,1,0,1,3,0.75,,24.0
2025,8,Monaco,BOR,Kick Sauber,14.0,16.0,0.0,Lapped,1,0,1,3,0.75,,24.0
2025,8,Monaco,STR,Aston Martin,15.0,19.0,0.0,Lapped,1,0,1,3,0.75,,24.0
2025,8,Monaco,HUL,Kick Sauber,16.0,13.0,0.0,Lapped,1,0,1,3,0.75,,24.0
2025,8,Monaco,TSU,Red Bull Racing,17.0,12.0,0.0,Lapped,1,0,1,3,0.75,,24.0
2025,8,Monaco,ANT,Mercedes,18.0,15.0,0.0,Lapped,1,0,1,3,0.75,,24.0
2025,8,Monaco,ALO,Aston Martin,19.0,6.0,0.0,Retired,1,0,1,3,0.75,,24.0
2025,8,Monaco,GAS,Alpine,20.0,17.0,0.0,Retired,1,0,1,3,0.75,,24.0
2025,9,Barcelona,PIA,McLaren,1.0,1.0,25.0,Finished,0,1,0,18,0.45,,21.5
2025,9,Barcelona,NOR,McLaren,2.0,2.0,18.0,Finished,0,0,0,18,0.45,,21.5
2025,9,Barcelona,LEC,Ferrari,3.0,7.0,15.0,Finished,0,0,0,18,0.45,,21.5
2025,9,Barcelona,RUS,Mercedes,4.0,4.0,12.0,Finished,0,0,0,18,0.45,,21.5
2025,9,Barcelona,HUL,Kick Sauber,5.0,15.0,10.0,Finished,0,0,0,18,0.45,,21.5
2025,9,Barcelona,HAM,Ferrari,6.0,5.0,8.0,Finished,0,0,0,18,0.45,,21.5
2025,9,Barcelona,HAD,Racing Bulls,7.0,9.0,6.0,Finished,0,0,0,18,0.45,,21.5
2025,9,Barcelona,GAS,Alpine,8.0,8.0,4.0,Finished,0,0,0,18,0.45,,21.5
2025,9,Barcelona,ALO,Aston Martin,9.0,10.0,2.0,Finished,0,0,0,18,0.45,,21.5
2025,9,Barcelona,VER,Red Bull Racing,10.0,3.0,1.0,Finished,0,0,0,18,0.45,,21.5
2025,9,Barcelona,LAW,Racing Bulls,11.0,13.0,0.0,Finished,0,0,0,18,0.45,,21.5
2025,9,Barcelona,BOR,Kick Sauber,12.0,12.0,0.0,Finished,0,0,0,18,0.45,,21.5
2025,9,Barcelona,TSU,Red Bull Racing,13.0,19.0,0.0,Finished,0,0,0,18,0.45,,21.5
2025,9,Barcelona,SAI,Williams,14.0,17.0,0.0,Finished,0,0,0,18,0.45,,21.5
2025,9,Barcelona,COL,Alpine,15.0,18.0,0.0,Finished,0,0,0,18,0.45,,21.5
2025,9,Barcelona,OCO,Haas F1 Team,16.0,16.0,0.0,Finished,0,0,0,18,0.45,,21.5
2025,9,Barcelona,BEA,Haas F1 Team,17.0,14.0,0.0,Finished,0,0,0,18,0.45,,21.5
2025,9,Barcelona,ANT,Mercedes,18.0,6.0,0.0,Retired,1,0,0,18,0.45,,21.5
2025,9,Barcelona,ALB,Williams,19.0,11.0,0.0,Retired,1,0,0,18,0.45,,21.5
2025,10,Montréal,RUS,Mercedes,1.0,1.0,25.0,Finished,0,1,1,18,0.45,,23.0
2025,10,Montréal,VER,Red Bull Racing,2.0,2.0,18.0,Finished,0,0,1,18,0.45,,23.0
2025,10,Montréal,ANT,Mercedes,3.0,4.0,15.0,Finished,0,0,1,18,0.45,,23.0
2025,10,Montréal,PIA,McLaren,4.0,3.0,12.0,Finished,0,0,1,18,0.45,,23.0
2025,10,Montréal,LEC,Ferrari,5.0,8.0,10.0,Finished,0,0,1,18,0.45,,23.0
2025,10,Montréal,HAM,Ferrari,6.0,5.0,8.0,Finished,0,0,1,18,0.45,,23.0
2025,10,Montréal,ALO,Aston Martin,7.0,6.0,6.0,Finished,0,0,1,18,0.45,,23.0
2025,10,Montréal,HUL,Kick Sauber,8.0,11.0,4.0,Finished,0,0,1,18,0.45,,23.0
2025,10,Montréal,OCO,Haas F1 Team,9.0,14.0,2.0,Lapped,1,0,1,18,0.45,,23.0
2025,10,Montréal,SAI,Williams,10.0,16.0,1.0,Lapped,1,0,1,18,0.45,,23.0
2025,10,Montréal,BEA,Haas F1 Team,11.0,13.0,0.0,Lapped,1,0,1,18,0.45,,23.0
2025,10,Montréal,TSU,Red Bull Racing,12.0,18.0,0.0,Lapped,1,0,1,18,0.45,,23.0
2025,10,Montréal,COL,Alpine,13.0,10.0,0.0,Lapped,1,0,1,18,0.45,,23.0
2025,10,Montréal,BOR,Kick Sauber,14.0,15.0,0.0,Lapped,1,0,1,18,0.45,,23.0
2025,10,Montréal,GAS,Alpine,15.0,20.0,0.0,Lapped,1,0,1,18,0.45,,23.0
2025,10,Montréal,HAD,Racing Bulls,16.0,12.0,0.0,Lapped,1,0,1,18,0.45,,23.0
2025,10,Montréal,STR,Aston Martin,17.0,17.0,0.0,Lapped,1,0,1,18,0.45,,23.0
2025,10,Montréal,NOR,McLaren,18.0,7.0,0.0,Retired,1,0,1,18,0.45,,23.0
2025,10,Montréal,LAW,Racing Bulls,19.0,19.0,0.0,Retired,1,0,1,18,0.45,,23.0
2025,10,Montréal,ALB,Williams,20.0,9.0,0.0,Retired,1,0,1,18,0.45,,23.0
2025,11,Spielberg,NOR,McLaren,1.0,1.0,25.0,Finished,0,1,0,18,0.45,,21.5
2025,11,Spielberg,PIA,McLaren,2.0,3.0,18.0,Finished,0,0,0,18,0.45,,21.5
2025,11,Spielberg,LEC,Ferrari,3.0,2.0,15.0,Finished,0,0,0,18,0.45,,21.5
2025,11,Spielberg,HAM,Ferrari,4.0,4.0,12.0,Finished,0,0,0,18,0.45,,21.5
2025,11,Spielberg,RUS,Mercedes,5.0,5.0,10.0,Finished,0,0,0,18,0.45,,21.5
2025,11,Spielberg,LAW,Racing Bulls,6.0,6.0,8.0,Finished,0,0,0,18,0.45,,21.5
2025,11,Spielberg,ALO,Aston Martin,7.0,11.0,6.0,Lapped,1,0,0,18,0.45,,21.5
2025,11,Spielberg,BOR,Kick Sauber,8.0,8.0,4.0,Lapped,1,0,0,18,0.45,,21.5
2025,11,Spielberg,HUL,Kick Sauber,9.0,20.0,2.0,Lapped,1,0,0,18,0.45,,21.5
2025,11,Spielberg,OCO,Haas F1 Team,10.0,17.0,1.0,Lapped,1,0,0,18,0.45,,21.5
2025,11,Spielberg,BEA,Haas F1 Team,11.0,15.0,0.0,Lapped,1,0,0,18,0.45,,21.5
2025,11,Spielberg,HAD,Racing Bulls,12.0,13.0,0.0,Lapped,1,0,0,18,0.45,,21.5
2025,11,Spielberg,GAS,Alpine,13.0,10.0,0.0,Lapped,1,0,0,18,0.45,,21.5
2025,11,Spielberg,STR,Aston Martin,14.0,16.0,0.0,Lapped,1,0,0,18,0.45,,21.5
2025,11,Spielberg,COL,Alpine,15.0,14.0,0.0,Lapped,1,0,0,18,0.45,,21.5
2025,11,Spielberg,TSU,Red Bull Racing,16.0,18.0,0.0,Lapped,1,0,0,18,0.45,,21.5
2025,11,Spielberg,ALB,Williams,17.0,12.0,0.0,Retired,1,0,0,18,0.45,,21.5
2025,11,Spielberg,VER,Red Bull Racing,18.0,7.0,0.0,Retired,1,0,0,18,0.45,,21.5
2025,11,Spielberg,ANT,Mercedes,19.0,9.0,0.0,Retired,1,0,0,18,0.45,,21.5
2025,11,Spielberg,SAI,Williams,20.0,19.0,0.0,Did not start,1,0,0,18,0.45,,21.5
2025,12,Silverstone,NOR,McLaren,1.0,3.0,25.0,Finished,0,1,0,18,0.45,,21.5
2025,12,Silverstone,PIA,McLaren,2.0,2.0,18.0,Finished,0,0,0,18,0.45,,21.5
2025,12,Silverstone,HUL,Kick Sauber,3.0,19.0,15.0,Finished,0,0,0,18,0.45,,21.5
2025,12,Silverstone,HAM,Ferrari,4.0,5.0,12.0,Finished,0,0,0,18,0.45,,21.5
2025,12,Silverstone,VER,Red Bull Racing,5.0,1.0,10.0,Finished,0,0,0,18,0.45,,21.5
2025,12,Silverstone,GAS,Alpine,6.0,8.0,8.0,Finished,0,0,0,18,0.45,,21.5
2025,12,Silverstone,STR,Aston Martin,7.0,17.0,6.0,Finished,0,0,0,18,0.45,,21.5
2025,12,Silverstone,ALB,Williams,8.0,13.0,4.0,Finished,0,0,0,18,0.45,,21.5
2025,12,Silverstone,ALO,Aston Martin,9.0,7.0,2.0,Finished,0,0,0,18,0.45,,21.5
2025,12,Silverstone,RUS,Mercedes,10.0,4.0,1.0,Finished,0,0,0,18,0.45,,21.5
2025,12,Silverstone,BEA,Haas F1 Team,11.0,18.0,0.0,Finished,0,0,0,18,0.45,,21.5
2025,12,Silverstone,SAI,Williams,12.0,9.0,0.0,Finished,0,0,0,18,0.45,,21.5
2025,12,Silverstone,OCO,Haas F1 Team,13.0,14.0,0.0,Finished,0,0,0,18,0.45,,21.5
2025,12,Silverstone,LEC,Ferrari,14.0,6.0,0.0,Finished,0,0,0,18,0.45,,21.5
2025,12,Silverstone,TSU,Red Bull Racing,15.0,11.0,0.0,Lapped,1,0,0,18,0.45,,21.5
2025,12,Silverstone,ANT,Mercedes,16.0,10.0,0.0,Retired,1,0,0,18,0.45,,21.5
2025,12,Silverstone,HAD,Racing Bulls,17.0,12.0,0.0,Retired,1,0,0,18,0.45,,21.5
2025,12,Silverstone,BOR,Kick Sauber,18.0,16.0,0.0,Retired,1,0,0,18,0.45,,21.5
2025,12,Silverstone,LAW,Racing Bulls,19.0,15.0,0.0,Retired,1,0,0,18,0.45,,21.5
2025,12,Silverstone,COL,Alpine,20.0,20.0,0.0,Did not start,1,0,0,18,0.45,,21.5
2025,13,Spa-Francorchamps,PIA,McLaren,1.0,2.0,25.0,Finished,0,1,0,18,0.45,,21.5
2025,13,Spa-Francorchamps,NOR,McLaren,2.0,1.0,18.0,Finished,0,0,0,18,0.45,,21.5
2025,13,Spa-Francorchamps,LEC,Ferrari,3.0,3.0,15.0,Finished,0,0,0,18,0.45,,21.5
2025,13,Spa-Francorchamps,VER,Red Bull Racing,4.0,4.0,12.0,Finished,0,0,0,18,0.45,,21.5
2025,13,Spa-Francorchamps,RUS,Mercedes,5.0,6.0,10.0,Finished,0,0,0,18,0.45,,21.5
2025,13,Spa-Francorchamps,ALB,Williams,6.0,5.0,8.0,Finished,0,0,0,18,0.45,,21.5
2025,13,Spa-Francorchamps,HAM,Ferrari,7.0,18.0,6.0,Finished,0,0,0,18,0.45,,21.5
2025,13,Spa-Francorchamps,LAW,Racing Bulls,8.0,9.0,4.0,Finished,0,0,0,18,0.45,,21.5
2025,13,Spa-Francorchamps,BOR,Kick Sauber,9.0,10.0,2.0,Finished,0,0,0,18,0.45,,21.5
2025,13,Spa-Francorchamps,GAS,Alpine,10.0,13.0,1.0,Finished,0,0,0,18,0.45,,21.5
2025,13,Spa-Francorchamps,BEA,Haas F1 Team,11.0,12.0,0.0,Finished,0,0,0,18,0.45,,21.5
2025,13,Spa-Francorchamps,HUL,Kick Sauber,12.0,14.0,0.0,Finished,0,0,0,18,0.45,,21.5
2025,13,Spa-Francorchamps,TSU,Red Bull Racing,13.0,7.0,0.0,Finished,0,0,0,18,0.45,,21.5
2025,13,Spa-Francorchamps,STR,Aston Martin,14.0,16.0,0.0,Finished,0,0,0,18,0.45,,21.5
2025,13,Spa-Francorchamps,OCO,Haas F1 Team,15.0,11.0,0.0,Finished,0,0,0,18,0.45,,21.5
2025,13,Spa-Francorchamps,ANT,Mercedes,16.0,19.0,0.0,Finished,0,0,0,18,0.45,,21.5
2025,13,Spa-Francorchamps,ALO,Aston Martin,17.0,20.0,0.0,Finished,0,0,0,18,0.45,,21.5
2025,13,Spa-Francorchamps,SAI,Williams,18.0,17.0,0.0,Finished,0,0,0,18,0.45,,21.5
2025,13,Spa-Francorchamps,COL,Alpine,19.0,15.0,0.0,Finished,0,0,0,18,0.45,,21.5
2025,13,Spa-Francorchamps,HAD,Racing Bulls,20.0,8.0,0.0,Lapped,1,0,0,18,0.45,,21.5
2025,14,Budapest,NOR,McLaren,1.0,3.0,25.0,Finished,0,1,0,18,0.45,,21.5
2025,14,Budapest,PIA,McLaren,2.0,2.0,18.0,Finished,0,0,0,18,0.45,,21.5
2025,14,Budapest,RUS,Mercedes,3.0,4.0,15.0,Finished,0,0,0,18,0.45,,21.5
2025,14,Budapest,LEC,Ferrari,4.0,1.0,12.0,Finished,0,0,0,18,0.45,,21.5
2025,14,Budapest,ALO,Aston Martin,5.0,5.0,10.0,Finished,0,0,0,18,0.45,,21.5
2025,14,Budapest,BOR,Kick Sauber,6.0,7.0,8.0,Finished,0,0,0,18,0.45,,21.5
2025,14,Budapest,STR,Aston Martin,7.0,6.0,6.0,Finished,0,0,0,18,0.45,,21.5
2025,14,Budapest,LAW,Racing Bulls,8.0,9.0,4.0,Finished,0,0,0,18,0.45,,21.5
2025,14,Budapest,VER,Red Bull Racing,9.0,8.0,2.0,Finished,0,0,0,18,0.45,,21.5
2025,14,Budapest,ANT,Mercedes,10.0,15.0,1.0,Lapped,1,0,0,18,0.45,,21.5
2025,14,Budapest,HAD,Racing Bulls,11.0,10.0,0.0,Lapped,1,0,0,18,0.45,,21.5
2025,14,Budapest,HAM,Ferrari,12.0,12.0,0.0,Lapped,1,0,0,18,0.45,,21.5
2025,14,Budapest,HUL,Kick Sauber,13.0,18.0,0.0,Lapped,1,0,0,18,0.45,,21.5
2025,14,Budapest,SAI,Williams,14.0,13.0,0.0,Lapped,1,0,0,18,0.45,,21.5
2025,14,Budapest,ALB,Williams,15.0,19.0,0.0,Lapped,1,0,0,18,0.45,,21.5
2025,14,Budapest,OCO,Haas F1 Team,16.0,17.0,0.0,Lapped,1,0,0,18,0.45,,21.5
2025,14,Budapest,TSU,Red Bull Racing,17.0,20.0,0.0,Lapped,1,0,0,18,0.45,,21.5
2025,14,Budapest,COL,Alpine,18.0,14.0,0.0,Lapped,1,0,0,18,0.45,,21.5
2025,14,Budapest,GAS,Alpine,19.0,16.0,0.0,Lapped,1,0,0,18,0.45,,21.5
2025,14,Budapest,BEA,Haas F1 Team,20.0,11.0,0.0,Retired,1,0,0,18,0.45,,21.5
2025,15,Zandvoort,PIA,McLaren,1.0,1.0,25.0,Finished,0,1,0,18,0.45,,21.5
2025,15,Zandvoort,VER,Red Bull Racing,2.0,3.0,18.0,Finished,0,0,0,18,0.45,,21.5
2025,15,Zandvoort,HAD,Racing Bulls,3.0,4.0,15.0,Finished,0,0,0,18,0.45,,21.5
2025,15,Zandvoort,RUS,Mercedes,4.0,5.0,12.0,Finished,0,0,0,18,0.45,,21.5
2025,15,Zandvoort,ALB,Williams,5.0,15.0,10.0,Finished,0,0,0,18,0.45,,21.5
2025,15,Zandvoort,BEA,Haas F1 Team,6.0,20.0,8.0,Finished,0,0,0,18,0.45,,21.5
2025,15,Zandvoort,STR,Aston Martin,7.0,19.0,6.0,Finished,0,0,0,18,0.45,,21.5
2025,15,Zandvoort,ALO,Aston Martin,8.0,10.0,4.0,Finished,0,0,0,18,0.45,,21.5
2025,15,Zandvoort,TSU,Red Bull Racing,9.0,12.0,2.0,Finished,0,0,0,18,0.45,,21.5
2025,15,Zandvoort,OCO,Haas F1 Team,10.0,18.0,1.0,Finished,0,0,0,18,0.45,,21.5
2025,15,Zandvoort,COL,Alpine,11.0,16.0,0.0,Finished,0,0,0,18,0.45,,21.5
2025,15,Zandvoort,LAW,Racing Bulls,12.0,8.0,0.0,Finished,0,0,0,18,0.45,,21.5
2025,15,Zandvoort,SAI,Williams,13.0,9.0,0.0,Finished,0,0,0,18,0.45,,21.5
2025,15,Zandvoort,HUL,Kick Sauber,14.0,17.0,0.0,Finished,0,0,0,18,0.45,,21.5
2025,15,Zandvoort,BOR,Kick Sauber,15.0,13.0,0.0,Finished,0,0,0,18,0.45,,21.5
2025,15,Zandvoort,ANT,Mercedes,16.0,11.0,0.0,Finished,0,0,0,18,0.45,,21.5
2025,15,Zandvoort,GAS,Alpine,17.0,14.0,0.0,Finished,0,0,0,18,0.45,,21.5
2025,15,Zandvoort,NOR,McLaren,18.0,2.0,0.0,Retired,1,0,0,18,0.45,,21.5
2025,15,Zandvoort,LEC,Ferrari,19.0,6.0,0.0,Retired,1,0,0,18,0.45,,21.5
2025,15,Zandvoort,HAM,Ferrari,20.0,7.0,0.0,Retired,1,0,0,18,0.45,,21.5
2025,16,Monza,VER,Red Bull Racing,1.0,1.0,25.0,Finished,0,1,0,18,0.45,,21.5
2025,16,Monza,NOR,McLaren,2.0,2.0,18.0,Finished,0,0,0,18,0.45,,21.5
2025,16,Monza,PIA,McLaren,3.0,3.0,15.0,Finished,0,0,0,18,0.45,,21.5
2025,16,Monza,LEC,Ferrari,4.0,4.0,12.0,Finished,0,0,0,18,0.45,,21.5
2025,16,Monza,RUS,Mercedes,5.0,5.0,10.0,Finished,0,0,0,18,0.45,,21.5
2025,16,Monza,HAM,Ferrari,6.0,10.0,8.0,Finished,0,0,0,18,0.45,,21.5
2025,16,Monza,ALB,Williams,7.0,14.0,6.0,Finished,0,0,0,18,0.45,,21.5
2025,16,Monza,BOR,Kick Sauber,8.0,7.0,4.0,Finished,0,0,0,18,0.45,,21.5
2025,16,Monza,ANT,Mercedes,9.0,6.0,2.0,Finished,0,0,0,18,0.45,,21.5
2025,16,Monza,HAD,Racing Bulls,10.0,19.0,1.0,Finished,0,0,0,18,0.45,,21.5
2025,16,Monza,SAI,Williams,11.0,13.0,0.0,Finished,0,0,0,18,0.45,,21.5
2025,16,Monza,BEA,Haas F1 Team,12.0,11.0,0.0,Finished,0,0,0,18,0.45,,21.5
2025,16,Monza,TSU,Red Bull Racing,13.0,9.0,0.0,Finished,0,0,0,18,0.45,,21.5
2025,16,Monza,LAW,Racing Bulls,14.0,18.0,0.0,Finished,0,0,0,18,0.45,,21.5
2025,16,Monza,OCO,Haas F1 Team,15.0,15.0,0.0,Lapped,1,0,0,18,0.45,,21.5
2025,16,Monza,GAS,Alpine,16.0,20.0,0.0,Lapped,1,0,0,18,0.45,,21.5
2025,16,Monza,COL,Alpine,17.0,17.0,0.0,Lapped,1,0,0,18,0.45,,21.5
2025,16,Monza,STR,Aston Martin,18.0,16.0,0.0,Lapped,1,0,0,18,0.45,,21.5
2025,16,Monza,ALO,Aston Martin,19.0,8.0,0.0,Retired,1,0,0,18,0.45,,21.5
2025,16,Monza,HUL,Kick Sauber,20.0,12.0,0.0,Did not start,1,0,0,18,0.45,,21.5
2025,17,Baku,VER,Red Bull Racing,1.0,1.0,25.0,Finished,0,1,1,18,0.45,,22.0
2025,17,Baku,RUS,Mercedes,2.0,5.0,18.0,Finished,0,0,1,18,0.45,,22.0
2025,17,Baku,SAI,Williams,3.0,2.0,15.0,Finished,0,0,1,18,0.45,,22.0
2025,17,Baku,ANT,Mercedes,4.0,4.0,12.0,Finished,0,0,1,18,0.45,,22.0
2025,17,Baku,LAW,Racing Bulls,5.0,3.0,10.0,Finished,0,0,1,18,0.45,,22.0
2025,17,Baku,TSU,Red Bull Racing,6.0,6.0,8.0,Finished,0,0,1,18,0.45,,22.0
2025,17,Baku,NOR,McLaren,7.0,7.0,6.0,Finished,0,0,1,18,0.45,,22.0
2025,17,Baku,HAM,Ferrari,8.0,12.0,4.0,Finished,0,0,1,18,0.45,,22.0
2025,17,Baku,LEC,Ferrari,9.0,10.0,2.0,Finished,0,0,1,18,0.45,,22.0
2025,17,Baku,HAD,Racing Bulls,10.0,8.0,1.0,Finished,0,0,1,18,0.45,,22.0
2025,17,Baku,BOR,Kick Sauber,11.0,13.0,0.0,Finished,0,0,1,18,0.45,,22.0
2025,17,Baku,BEA,Haas F1 Team,12.0,15.0,0.0,Finished,0,0,1,18,0.45,,22.0
2025,17,Baku,ALB,Williams,13.0,19.0,0.0,Finished,0,0,1,18,0.45,,22.0
2025,17,Baku,OCO,Haas F1 Team,14.0,20.0,0.0,Finished,0,0,1,18,0.45,,22.0
2025,17,Baku,ALO,Aston Martin,15.0,11.0,0.0,Finished,0,0,1,18,0.45,,22.0
2025,17,Baku,HUL,Kick Sauber,16.0,17.0,0.0,Finished,0,0,1,18,0.45,,22.0
2025,17,Baku,STR,Aston Martin,17.0,14.0,0.0,Finished,0,0,1,18,0.45,,22.0
2025,17,Baku,GAS,Alpine,18.0,18.0,0.0,Lapped,1,0,1,18,0.45,,22.0
2025,17,Baku,COL,Alpine,19.0,16.0,0.0,Lapped,1,0,1,18,0.45,,22.0
2025,17,Baku,PIA,McLaren,20.0,9.0,0.0,Retired,1,0,1,18,0.45,,22.0
2025,18,Marina Bay,RUS,Mercedes,1.0,1.0,25.0,Finished,0,1,0,18,0.45,,21.5
2025,18,Marina Bay,VER,Red Bull Racing,2.0,2.0,18.0,Finished,0,0,0,18,0.45,,21.5
2025,18,Marina Bay,NOR,McLaren,3.0,5.0,15.0,Finished,0,0,0,18,0.45,,21.5
2025,18,Marina Bay,PIA,McLaren,4.0,3.0,12.0,Finished,0,0,0,18,0.45,,21.5
2025,18,Marina Bay,ANT,Mercedes,5.0,4.0,10.0,Finished,0,0,0,18,0.45,,21.5
2025,18,Marina Bay,LEC,Ferrari,6.0,7.0,8.0,Finished,0,0,0,18,0.45,,21.5
2025,18,Marina Bay,ALO,Aston Martin,7.0,10.0,6.0,Finished,0,0,0,18,0.45,,21.5
2025,18,Marina Bay,HAM,Ferrari,8.0,6.0,4.0,Finished,0,0,0,18,0.45,,21.5
2025,18,Marina Bay,BEA,Haas F1 Team,9.0,9.0,2.0,Finished,0,0,0,18,0.45,,21.5
2025,18,Marina Bay,SAI,Williams,10.0,18.0,1.0,Lapped,1,0,0,18,0.45,,21.5
2025,18,Marina Bay,HAD,Racing Bulls,11.0,8.0,0.0,Lapped,1,0,0,18,0.45,,21.5
2025,18,Marina Bay,TSU,Red Bull Racing,12.0,13.0,0.0,Lapped,1,0,0,18,0.45,,21.5
2025,18,Marina Bay,STR,Aston Martin,13.0,15.0,0.0,Lapped,1,0,0,18,0.45,,21.5
2025,18,Marina Bay,ALB,Williams,14.0,20.0,0.0,Lapped,1,0,0,18,0.45,,21.5
2025,18,Marina Bay,LAW,Racing Bulls,15.0,12.0,0.0,Lapped,1,0,0,18,0.45,,21.5
2025,18,Marina Bay,COL,Alpine,16.0,16.0,0.0,Lapped,1,0,0,18,0.45,,21.5
2025,18,Marina Bay,BOR,Kick Sauber,17.0,14.0,0.0,Lapped,1,0,0,18,0.45,,21.5
2025,18,Marina Bay,OCO,Haas F1 Team,18.0,17.0,0.0,Lapped,1,0,0,18,0.45,,21.5
2025,18,Marina Bay,GAS,Alpine,19.0,19.0,0.0,Lapped,1,0,0,18,0.45,,21.5
2025,18,Marina Bay,HUL,Kick Sauber,20.0,11.0,0.0,Lapped,1,0,0,18,0.45,,21.5
2025,19,Austin,VER,Red Bull Racing,1.0,1.0,25.0,Finished,0,1,0,18,0.45,,21.5
2025,19,Austin,NOR,McLaren,2.0,2.0,18.0,Finished,0,0,0,18,0.45,,21.5
2025,19,Austin,LEC,Ferrari,3.0,3.0,15.0,Finished,0,0,0,18,0.45,,21.5
2025,19,Austin,HAM,Ferrari,4.0,5.0,12.0,Finished,0,0,0,18,0.45,,21.5
2025,19,Austin,PIA,McLaren,5.0,6.0,10.0,Finished,0,0,0,18,0.45,,21.5
2025,19,Austin,RUS,Mercedes,6.0,4.0,8.0,Finished,0,0,0,18,0.45,,21.5
2025,19,Austin,TSU,Red Bull Racing,7.0,13.0,6.0,Finished,0,0,0,18,0.45,,21.5
2025,19,Austin,HUL,Kick Sauber,8.0,11.0,4.0,Finished,0,0,0,18,0.45,,21.5
2025,19,Austin,BEA,Haas F1 Team,9.0,8.0,2.0,Finished,0,0,0,18,0.45,,21.5
2025,19,Austin,ALO,Aston Martin,10.0,10.0,1.0,Finished,0,0,0,18,0.45,,21.5
2025,19,Austin,LAW,Racing Bulls,11.0,12.0,0.0,Finished,0,0,0,18,0.45,,21.5
2025,19,Austin,STR,Aston Martin,12.0,19.0,0.0,Finished,0,0,0,18,0.45,,21.5
2025,19,Austin,ANT,Mercedes,13.0,7.0,0.0,Finished,0,0,0,18,0.45,,21.5
2025,19,Austin,ALB,Williams,14.0,18.0,0.0,Finished,0,0,0,18,0.45,,21.5
2025,19,Austin,OCO,Haas F1 Team,15.0,17.0,0.0,Finished,0,0,0,18,0.45,,21.5
2025,19,Austin,HAD,Racing Bulls,16.0,20.0,0.0,Finished,0,0,0,18,0.45,,21.5
2025,19,Austin,COL,Alpine,17.0,15.0,0.0,Lapped,1,0,0,18,0.45,,21.5
2025,19,Austin,BOR,Kick Sauber,18.0,16.0,0.0,Lapped,1,0,0,18,0.45,,21.5
2025,19,Austin,GAS,Alpine,19.0,14.0,0.0,Lapped,1,0,0,18,0.45,,21.5
2025,19,Austin,SAI,Williams,20.0,9.0,0.0,Retired,1,0,0,18,0.45,,21.5
2025,20,Mexico City,NOR,McLaren,1.0,1.0,25.0,Finished,0,1,0,18,0.45,,21.5
2025,20,Mexico City,LEC,Ferrari,2.0,2.0,18.0,Finished,0,0,0,18,0.45,,21.5
2025,20,Mexico City,VER,Red Bull Racing,3.0,5.0,15.0,Finished,0,0,0,18,0.45,,21.5
2025,20,Mexico City,BEA,Haas F1 Team,4.0,9.0,12.0,Finished,0,0,0,18,0.45,,21.5
2025,20,Mexico City,PIA,McLaren,5.0,7.0,10.0,Finished,0,0,0,18,0.45,,21.5
2025,20,Mexico City,ANT,Mercedes,6.0,6.0,8.0,Finished,0,0,0,18,0.45,,21.5
2025,20,Mexico City,RUS,Mercedes,7.0,4.0,6.0,Finished,0,0,0,18,0.45,,21.5
2025,20,Mexico City,HAM,Ferrari,8.0,3.0,4.0,Finished,0,0,0,18,0.45,,21.5
2025,20,Mexico City,OCO,Haas F1 Team,9.0,11.0,2.0,Finished,0,0,0,18,0.45,,21.5
2025,20,Mexico City,BOR,Kick Sauber,10.0,16.0,1.0,Finished,0,0,0,18,0.45,,21.5
2025,20,Mexico City,TSU,Red Bull Racing,11.0,10.0,0.0,Finished,0,0,0,18,0.45,,21.5
2025,20,Mexico City,ALB,Williams,12.0,17.0,0.0,Lapped,1,0,0,18,0.45,,21.5
2025,20,Mexico City,HAD,Racing Bulls,13.0,8.0,0.0,Lapped,1,0,0,18,0.45,,21.5
2025,20,Mexico City,STR,Aston Martin,14.0,19.0,0.0,Lapped,1,0,0,18,0.45,,21.5
2025,20,Mexico City,GAS,Alpine,15.0,18.0,0.0,Lapped,1,0,0,18,0.45,,21.5
2025,20,Mexico City,COL,Alpine,16.0,20.0,0.0,Lapped,1,0,0,18,0.45,,21.5
2025,20,Mexico City,SAI,Williams,17.0,12.0,0.0,Retired,1,0,0,18,0.45,,21.5
2025,20,Mexico City,ALO,Aston Martin,18.0,14.0,0.0,Retired,1,0,0,18,0.45,,21.5
2025,20,Mexico City,HUL,Kick Sauber,19.0,13.0,0.0,Retired,1,0,0,18,0.45,,21.5
2025,20,Mexico City,LAW,Racing Bulls,20.0,15.0,0.0,Retired,1,0,0,18,0.45,,21.5
2025,21,São Paulo,NOR,McLaren,1.0,1.0,25.0,Finished,0,1,0,18,0.45,,21.5
2025,21,São Paulo,ANT,Mercedes,2.0,2.0,18.0,Finished,0,0,0,18,0.45,,21.5
2025,21,São Paulo,VER,Red Bull Racing,3.0,19.0,15.0,Finished,0,0,0,18,0.45,,21.5
2025,21,São Paulo,RUS,Mercedes,4.0,6.0,12.0,Finished,0,0,0,18,0.45,,21.5
2025,21,São Paulo,PIA,McLaren,5.0,4.0,10.0,Finished,0,0,0,18,0.45,,21.5
2025,21,São Paulo,BEA,Haas F1 Team,6.0,8.0,8.0,Finished,0,0,0,18,0.45,,21.5
2025,21,São Paulo,LAW,Racing Bulls,7.0,7.0,6.0,Finished,0,0,0,18,0.45,,21.5
2025,21,São Paulo,HAD,Racing Bulls,8.0,5.0,4.0,Finished,0,0,0,18,0.45,,21.5
2025,21,São Paulo,HUL,Kick Sauber,9.0,10.0,2.0,Finished,0,0,0,18,0.45,,21.5
2025,21,São Paulo,GAS,Alpine,10.0,9.0,1.0,Finished,0,0,0,18,0.45,,21.5
2025,21,São Paulo,ALB,Williams,11.0,12.0,0.0,Finished,0,0,0,18,0.45,,21.5
2025,21,São Paulo,OCO,Haas F1 Team,12.0,20.0,0.0,Finished,0,0,0,18,0.45,,21.5
2025,21,São Paulo,SAI,Williams,13.0,15.0,0.0,Finished,0,0,0,18,0.45,,21.5
2025,21,São Paulo,ALO,Aston Martin,14.0,11.0,0.0,Finished,0,0,0,18,0.45,,21.5
2025,21,São Paulo,COL,Alpine,15.0,16.0,0.0,Finished,0,0,0,18,0.45,,21.5
2025,21,São Paulo,STR,Aston Martin,16.0,14.0,0.0,Finished,0,0,0,18,0.45,,21.5
2025,21,São Paulo,TSU,Red Bull Racing,17.0,17.0,0.0,Finished,0,0,0,18,0.45,,21.5
2025,21,São Paulo,HAM,Ferrari,18.0,13.0,0.0,Retired,1,0,0,18,0.45,,21.5
2025,21,São Paulo,LEC,Ferrari,19.0,3.0,0.0,Retired,1,0,0,18,0.45,,21.5
2025,21,São Paulo,BOR,Kick Sauber,20.0,18.0,0.0,Retired,1,0,0,18,0.45,,21.5
2025,22,Las Vegas,VER,Red Bull Racing,1.0,2.0,25.0,Finished,0,1,1,18,0.55,,21.5
2025,22,Las Vegas,RUS,Mercedes,2.0,4.0,18.0,Finished,0,0,1,18,0.55,,21.5
2025,22,Las Vegas,ANT,Mercedes,3.0,17.0,15.0,Finished,0,0,1,18,0.55,,21.5
2025,22,Las Vegas,LEC,Ferrari,4.0,9.0,12.0,Finished,0,0,1,18,0.55,,21.5
2025,22,Las Vegas,SAI,Williams,5.0,3.0,10.0,Finished,0,0,1,18,0.55,,21.5
2025,22,Las Vegas,HAD,Racing Bulls,6.0,8.0,8.0,Finished,0,0,1,18,0.55,,21.5
2025,22,Las Vegas,HUL,Kick Sauber,7.0,11.0,6.0,Finished,0,0,1,18,0.55,,21.5
2025,22,Las Vegas,HAM,Ferrari,8.0,19.0,4.0,Finished,0,0,1,18,0.55,,21.5
2025,22,Las Vegas,OCO,Haas F1 Team,9.0,13.0,2.0,Finished,0,0,1,18,0.55,,21.5
2025,22,Las Vegas,BEA,Haas F1 Team,10.0,14.0,1.0,Finished,0,0,1,18,0.55,,21.5
2025,22,Las Vegas,ALO,Aston Martin,11.0,7.0,0.0,Finished,0,0,1,18,0.55,,21.5
2025,22,Las Vegas,TSU,Red Bull Racing,12.0,20.0,0.0,Finished,0,0,1,18,0.55,,21.5
2025,22,Las Vegas,GAS,Alpine,13.0,10.0,0.0,Finished,0,0,1,18,0.55,,21.5
2025,22,Las Vegas,LAW,Racing Bulls,14.0,6.0,0.0,Lapped,1,0,1,18,0.55,,21.5
2025,22,Las Vegas,COL,Alpine,15.0,15.0,0.0,Lapped,1,0,1,18,0.55,,21.5
2025,22,Las Vegas,ALB,Williams,16.0,16.0,0.0,Retired,1,0,1,18,0.55,,21.5
2025,22,Las Vegas,BOR,Kick Sauber,17.0,18.0,0.0,Retired,1,0,1,18,0.55,,21.5
2025,22,Las Vegas,STR,Aston Martin,18.0,12.0,0.0,Retired,1,0,1,18,0.55,,21.5
2025,22,Las Vegas,NOR,McLaren,19.0,1.0,0.0,Disqualified,1,0,1,18,0.55,,21.5
2025,22,Las Vegas,PIA,McLaren,20.0,5.0,0.0,Disqualified,1,0,1,18,0.55,,21.5
2025,23,Lusail,VER,Red Bull Racing,1.0,3.0,25.0,Finished,0,1,0,18,0.45,,21.5
2025,23,Lusail,PIA,McLaren,2.0,1.0,18.0,Finished,0,0,0,18,0.45,,21.5
2025,23,Lusail,SAI,Williams,3.0,7.0,15.0,Finished,0,0,0,18,0.45,,21.5
2025,23,Lusail,NOR,McLaren,4.0,2.0,12.0,Finished,0,0,0,18,0.45,,21.5
2025,23,Lusail,ANT,Mercedes,5.0,5.0,10.0,Finished,0,0,0,18,0.45,,21.5
2025,23,Lusail,RUS,Mercedes,6.0,4.0,8.0,Finished,0,0,0,18,0.45,,21.5
2025,23,Lusail,ALO,Aston Martin,7.0,8.0,6.0,Finished,0,0,0,18,0.45,,21.5
2025,23,Lusail,LEC,Ferrari,8.0,10.0,4.0,Finished,0,0,0,18,0.45,,21.5
2025,23,Lusail,LAW,Racing Bulls,9.0,12.0,2.0,Finished,0,0,0,18,0.45,,21.5
2025,23,Lusail,TSU,Red Bull Racing,10.0,15.0,1.0,Finished,0,0,0,18,0.45,,21.5
2025,23,Lusail,ALB,Williams,11.0,14.0,0.0,Finished,0,0,0,18,0.45,,21.5
2025,23,Lusail,HAM,Ferrari,12.0,17.0,0.0,Finished,0,0,0,18,0.45,,21.5
2025,23,Lusail,BOR,Kick Sauber,13.0,19.0,0.0,Finished,0,0,0,18,0.45,,21.5
2025,23,Lusail,COL,Alpine,14.0,20.0,0.0,Lapped,1,0,0,18,0.45,,21.5
2025,23,Lusail,OCO,Haas F1 Team,15.0,16.0,0.0,Lapped,1,0,0,18,0.45,,21.5
2025,23,Lusail,GAS,Alpine,16.0,9.0,0.0,Lapped,1,0,0,18,0.45,,21.5
2025,23,Lusail,STR,Aston Martin,17.0,18.0,0.0,Retired,1,0,0,18,0.45,,21.5
2025,23,Lusail,HAD,Racing Bulls,18.0,6.0,0.0,Retired,1,0,0,18,0.45,,21.5
2025,23,Lusail,BEA,Haas F1 Team,19.0,13.0,0.0,Retired,1,0,0,18,0.45,,21.5
2025,23,Lusail,HUL,Kick Sauber,20.0,11.0,0.0,Retired,1,0,0,18,0.45,,21.5
2025,24,Yas Island,VER,Red Bull Racing,1.0,1.0,25.0,Finished,0,1,0,18,0.45,,21.5
2025,24,Yas Island,PIA,McLaren,2.0,3.0,18.0,Finished,0,0,0,18,0.45,,21.5
2025,24,Yas Island,NOR,McLaren,3.0,2.0,15.0,Finished,0,0,0,18,0.45,,21.5
2025,24,Yas Island,LEC,Ferrari,4.0,5.0,12.0,Finished,0,0,0,18,0.45,,21.5
2025,24,Yas Island,RUS,Mercedes,5.0,4.0,10.0,Finished,0,0,0,18,0.45,,21.5
2025,24,Yas Island,ALO,Aston Martin,6.0,6.0,8.0,Finished,0,0,0,18,0.45,,21.5
2025,24,Yas Island,OCO,Haas F1 Team,7.0,8.0,6.0,Finished,0,0,0,18,0.45,,21.5
2025,24,Yas Island,HAM,Ferrari,8.0,16.0,4.0,Finished,0,0,0,18,0.45,,21.5
2025,24,Yas Island,HUL,Kick Sauber,9.0,18.0,2.0,Finished,0,0,0,18,0.45,,21.5
2025,24,Yas Island,STR,Aston Martin,10.0,15.0,1.0,Finished,0,0,0,18,0.45,,21.5
2025,24,Yas Island,BOR,Kick Sauber,11.0,7.0,0.0,Finished,0,0,0,18,0.45,,21.5
2025,24,Yas Island,BEA,Haas F1 Team,12.0,11.0,0.0,Finished,0,0,0,18,0.45,,21.5
2025,24,Yas Island,SAI,Williams,13.0,12.0,0.0,Finished,0,0,0,18,0.45,,21.5
2025,24,Yas Island,TSU,Red Bull Racing,14.0,10.0,0.0,Finished,0,0,0,18,0.45,,21.5
2025,24,Yas Island,ANT,Mercedes,15.0,14.0,0.0,Finished,0,0,0,18,0.45,,21.5
2025,24,Yas Island,ALB,Williams,16.0,17.0,0.0,Finished,0,0,0,18,0.45,,21.5
2025,24,Yas Island,HAD,Racing Bulls,17.0,9.0,0.0,Lapped,1,0,0,18,0.45,,21.5
2025,24,Yas Island,LAW,Racing Bulls,18.0,13.0,0.0,Lapped,1,0,0,18,0.45,,21.5
2025,24,Yas Island,GAS,Alpine,19.0,19.0,0.0,Lapped,1,0,0,18,0.45,,21.5
2025,24,Yas Island,COL,Alpine,20.0,20.0,0.0,Lapped,1,0,0,18,0.45,,21.5
2026,1,Melbourne,RUS,Mercedes,1.0,1.0,25.0,Finished,0,1,1,18,0.45,,22.5
2026,1,Melbourne,ANT,Mercedes,2.0,2.0,18.0,Finished,0,0,1,18,0.45,,22.5
2026,1,Melbourne,LEC,Ferrari,3.0,4.0,15.0,Finished,0,0,1,18,0.45,,22.5
2026,1,Melbourne,HAM,Ferrari,4.0,7.0,12.0,Finished,0,0,1,18,0.45,,22.5
2026,1,Melbourne,NOR,McLaren,5.0,6.0,10.0,Finished,0,0,1,18,0.45,,22.5
2026,1,Melbourne,VER,Red Bull Racing,6.0,20.0,8.0,Finished,0,0,1,18,0.45,,22.5
2026,1,Melbourne,BEA,Haas F1 Team,7.0,12.0,6.0,Lapped,1,0,1,18,0.45,,22.5
2026,1,Melbourne,LIN,Racing Bulls,8.0,9.0,4.0,Lapped,1,0,1,18,0.45,,22.5
2026,1,Melbourne,BOR,Audi,9.0,10.0,2.0,Lapped,1,0,1,18,0.45,,22.5
2026,1,Melbourne,GAS,Alpine,10.0,14.0,1.0,Lapped,1,0,1,18,0.45,,22.5
2026,1,Melbourne,OCO,Haas F1 Team,11.0,13.0,0.0,Lapped,1,0,1,18,0.45,,22.5
2026,1,Melbourne,ALB,Williams,12.0,15.0,0.0,Lapped,1,0,1,18,0.45,,22.5
2026,1,Melbourne,LAW,Racing Bulls,13.0,8.0,0.0,Lapped,1,0,1,18,0.45,,22.5
2026,1,Melbourne,COL,Alpine,14.0,16.0,0.0,Lapped,1,0,1,18,0.45,,22.5
2026,1,Melbourne,SAI,Williams,15.0,21.0,0.0,Lapped,1,0,1,18,0.45,,22.5
2026,1,Melbourne,PER,Cadillac,16.0,18.0,0.0,Lapped,1,0,1,18,0.45,,22.5
2026,1,Melbourne,STR,Aston Martin,17.0,22.0,0.0,Lapped,1,0,1,18,0.45,,22.5
2026,1,Melbourne,ALO,Aston Martin,18.0,17.0,0.0,Retired,1,0,1,18,0.45,,22.5
2026,1,Melbourne,BOT,Cadillac,19.0,19.0,0.0,Retired,1,0,1,18,0.45,,22.5
2026,1,Melbourne,HAD,Red Bull Racing,20.0,3.0,0.0,Retired,1,0,1,18,0.45,,22.5
2026,1,Melbourne,PIA,McLaren,21.0,5.0,0.0,Did not start,1,0,1,18,0.45,,22.5
2026,1,Melbourne,HUL,Audi,22.0,11.0,0.0,Did not start,1,0,1,18,0.45,,22.5
2026,2,Shanghai,ANT,Mercedes,1.0,1.0,25.0,Finished,0,1,0,18,0.45,,21.5
2026,2,Shanghai,RUS,Mercedes,2.0,2.0,18.0,Finished,0,0,0,18,0.45,,21.5
2026,2,Shanghai,HAM,Ferrari,3.0,3.0,15.0,Finished,0,0,0,18,0.45,,21.5
2026,2,Shanghai,LEC,Ferrari,4.0,4.0,12.0,Finished,0,0,0,18,0.45,,21.5
2026,2,Shanghai,BEA,Haas F1 Team,5.0,10.0,10.0,Finished,0,0,0,18,0.45,,21.5
2026,2,Shanghai,GAS,Alpine,6.0,7.0,8.0,Finished,0,0,0,18,0.45,,21.5
2026,2,Shanghai,LAW,Racing Bulls,7.0,14.0,6.0,Finished,0,0,0,18,0.45,,21.5
2026,2,Shanghai,HAD,Red Bull Racing,8.0,9.0,4.0,Finished,0,0,0,18,0.45,,21.5
2026,2,Shanghai,SAI,Williams,9.0,17.0,2.0,Lapped,1,0,0,18,0.45,,21.5
2026,2,Shanghai,COL,Alpine,10.0,12.0,1.0,Lapped,1,0,0,18,0.45,,21.5
2026,2,Shanghai,HUL,Audi,11.0,11.0,0.0,Lapped,1,0,0,18,0.45,,21.5
2026,2,Shanghai,LIN,Racing Bulls,12.0,15.0,0.0,Lapped,1,0,0,18,0.45,,21.5
2026,2,Shanghai,BOT,Cadillac,13.0,19.0,0.0,Lapped,1,0,0,18,0.45,,21.5
2026,2,Shanghai,OCO,Haas F1 Team,14.0,13.0,0.0,Lapped,1,0,0,18,0.45,,21.5
2026,2,Shanghai,PER,Cadillac,15.0,21.0,0.0,Lapped,1,0,0,18,0.45,,21.5
2026,2,Shanghai,VER,Red Bull Racing,16.0,8.0,0.0,Retired,1,0,0,18,0.45,,21.5
2026,2,Shanghai,ALO,Aston Martin,17.0,18.0,0.0,Retired,1,0,0,18,0.45,,21.5
2026,2,Shanghai,STR,Aston Martin,18.0,20.0,0.0,Retired,1,0,0,18,0.45,,21.5
2026,2,Shanghai,PIA,McLaren,19.0,5.0,0.0,Did not start,1,0,0,18,0.45,,21.5
2026,2,Shanghai,NOR,McLaren,20.0,6.0,0.0,Did not start,1,0,0,18,0.45,,21.5
2026,2,Shanghai,BOR,Audi,21.0,16.0,0.0,Did not start,1,0,0,18,0.45,,21.5
2026,2,Shanghai,ALB,Williams,22.0,22.0,0.0,Did not start,1,0,0,18,0.45,,21.5
2026,3,Suzuka,ANT,Mercedes,1.0,1.0,25.0,Finished,0,1,0,18,0.45,,21.5
2026,3,Suzuka,PIA,McLaren,2.0,3.0,18.0,Finished,0,0,0,18,0.45,,21.5
2026,3,Suzuka,LEC,Ferrari,3.0,4.0,15.0,Finished,0,0,0,18,0.45,,21.5
2026,3,Suzuka,RUS,Mercedes,4.0,2.0,12.0,Finished,0,0,0,18,0.45,,21.5
2026,3,Suzuka,NOR,McLaren,5.0,5.0,10.0,Finished,0,0,0,18,0.45,,21.5
2026,3,Suzuka,HAM,Ferrari,6.0,6.0,8.0,Finished,0,0,0,18,0.45,,21.5
2026,3,Suzuka,GAS,Alpine,7.0,7.0,6.0,Finished,0,0,0,18,0.45,,21.5
2026,3,Suzuka,VER,Red Bull Racing,8.0,11.0,4.0,Finished,0,0,0,18,0.45,,21.5
2026,3,Suzuka,LAW,Racing Bulls,9.0,14.0,2.0,Finished,0,0,0,18,0.45,,21.5
2026,3,Suzuka,OCO,Haas F1 Team,10.0,12.0,1.0,Finished,0,0,0,18,0.45,,21.5
2026,3,Suzuka,HUL,Audi,11.0,13.0,0.0,Finished,0,0,0,18,0.45,,21.5
2026,3,Suzuka,HAD,Red Bull Racing,12.0,8.0,0.0,Finished,0,0,0,18,0.45,,21.5
2026,3,Suzuka,BOR,Audi,13.0,9.0,0.0,Finished,0,0,0,18,0.45,,21.5
2026,3,Suzuka,LIN,Racing Bulls,14.0,10.0,0.0,Finished,0,0,0,18,0.45,,21.5
2026,3,Suzuka,SAI,Williams,15.0,16.0,0.0,Finished,0,0,0,18,0.45,,21.5
2026,3,Suzuka,COL,Alpine,16.0,15.0,0.0,Finished,0,0,0,18,0.45,,21.5
2026,3,Suzuka,PER,Cadillac,17.0,19.0,0.0,Finished,0,0,0,18,0.45,,21.5
2026,3,Suzuka,ALO,Aston Martin,18.0,21.0,0.0,Lapped,1,0,0,18,0.45,,21.5
2026,3,Suzuka,BOT,Cadillac,19.0,20.0,0.0,Lapped,1,0,0,18,0.45,,21.5
2026,3,Suzuka,ALB,Williams,20.0,17.0,0.0,Lapped,1,0,0,18,0.45,,21.5
2026,3,Suzuka,STR,Aston Martin,21.0,22.0,0.0,Retired,1,0,0,18,0.45,,21.5
2026,3,Suzuka,BEA,Haas F1 Team,22.0,18.0,0.0,Retired,1,0,0,18,0.45,,21.5
2026,4,Miami Gardens,ANT,Mercedes,1.0,1.0,25.0,Finished,0,1,0,18,0.45,,21.5
2026,4,Miami Gardens,NOR,McLaren,2.0,4.0,18.0,Finished,0,0,0,18,0.45,,21.5
2026,4,Miami Gardens,PIA,McLaren,3.0,7.0,15.0,Finished,0,0,0,18,0.45,,21.5
2026,4,Miami Gardens,RUS,Mercedes,4.0,5.0,12.0,Finished,0,0,0,18,0.45,,21.5
2026,4,Miami Gardens,VER,Red Bull Racing,5.0,2.0,10.0,Finished,0,0,0,18,0.45,,21.5
2026,4,Miami Gardens,HAM,Ferrari,6.0,6.0,8.0,Finished,0,0,0,18,0.45,,21.5
2026,4,Miami Gardens,COL,Alpine,7.0,8.0,6.0,Finished,0,0,0,18,0.45,,21.5
2026,4,Miami Gardens,LEC,Ferrari,8.0,3.0,4.0,Finished,0,0,0,18,0.45,,21.5
2026,4,Miami Gardens,SAI,Williams,9.0,13.0,2.0,Finished,0,0,0,18,0.45,,21.5
2026,4,Miami Gardens,ALB,Williams,10.0,15.0,1.0,Finished,0,0,0,18,0.45,,21.5
2026,4,Miami Gardens,BEA,Haas F1 Team,11.0,12.0,0.0,Lapped,1,0,0,18,0.45,,21.5
2026,4,Miami Gardens,BOR,Audi,12.0,21.0,0.0,Lapped,1,0,0,18,0.45,,21.5
2026,4,Miami Gardens,OCO,Haas F1 Team,13.0,14.0,0.0,Lapped,1,0,0,18,0.45,,21.5
2026,4,Miami Gardens,LIN,Racing Bulls,14.0,16.0,0.0,Lapped,1,0,0,18,0.45,,21.5
2026,4,Miami Gardens,ALO,Aston Martin,15.0,17.0,0.0,Lapped,1,0,0,18,0.45,,21.5
2026,4,Miami Gardens,PER,Cadillac,16.0,20.0,0.0,Lapped,1,0,0,18,0.45,,21.5
2026,4,Miami Gardens,STR,Aston Martin,17.0,18.0,0.0,Lapped,1,0,0,18,0.45,,21.5
2026,4,Miami Gardens,BOT,Cadillac,18.0,19.0,0.0,Lapped,1,0,0,18,0.45,,21.5
2026,4,Miami Gardens,HUL,Audi,19.0,10.0,0.0,Retired,1,0,0,18,0.45,,21.5
2026,4,Miami Gardens,LAW,Racing Bulls,20.0,11.0,0.0,Retired,1,0,0,18,0.45,,21.5
2026,4,Miami Gardens,GAS,Alpine,21.0,9.0,0.0,Retired,1,0,0,18,0.45,,21.5
2026,4,Miami Gardens,HAD,Red Bull Racing,22.0,22.0,0.0,Retired,1,0,0,18,0.45,,21.5
2026,5,Montréal,ANT,Mercedes,1.0,2.0,25.0,Finished,0,1,1,18,0.45,,23.0
2026,5,Montréal,HAM,Ferrari,2.0,5.0,18.0,Finished,0,0,1,18,0.45,,23.0
2026,5,Montréal,VER,Red Bull Racing,3.0,6.0,15.0,Finished,0,0,1,18,0.45,,23.0
2026,5,Montréal,LEC,Ferrari,4.0,8.0,12.0,Finished,0,0,1,18,0.45,,23.0
2026,5,Montréal,HAD,Red Bull Racing,5.0,7.0,10.0,Lapped,1,0,1,18,0.45,,23.0
2026,5,Montréal,COL,Alpine,6.0,10.0,8.0,Lapped,1,0,1,18,0.45,,23.0
2026,5,Montréal,LAW,Racing Bulls,7.0,12.0,6.0,Lapped,1,0,1,18,0.45,,23.0
2026,5,Montréal,GAS,Alpine,8.0,14.0,4.0,Lapped,1,0,1,18,0.45,,23.0
2026,5,Montréal,SAI,Williams,9.0,15.0,2.0,Lapped,1,0,1,18,0.45,,23.0
2026,5,Montréal,BEA,Haas F1 Team,10.0,16.0,1.0,Lapped,1,0,1,18,0.45,,23.0
2026,5,Montréal,PIA,McLaren,11.0,4.0,0.0,Lapped,1,0,1,18,0.45,,23.0
2026,5,Montréal,HUL,Audi,12.0,11.0,0.0,Lapped,1,0,1,18,0.45,,23.0
2026,5,Montréal,BOR,Audi,13.0,13.0,0.0,Lapped,1,0,1,18,0.45,,23.0
2026,5,Montréal,OCO,Haas F1 Team,14.0,17.0,0.0,Lapped,1,0,1,18,0.45,,23.0
2026,5,Montréal,STR,Aston Martin,15.0,22.0,0.0,Lapped,1,0,1,18,0.45,,23.0
2026,5,Montréal,BOT,Cadillac,16.0,21.0,0.0,Lapped,1,0,1,18,0.45,,23.0
2026,5,Montréal,PER,Cadillac,17.0,20.0,0.0,Retired,1,0,1,18,0.45,,23.0
2026,5,Montréal,NOR,McLaren,18.0,3.0,0.0,Retired,1,0,1,18,0.45,,23.0
2026,5,Montréal,RUS,Mercedes,19.0,1.0,0.0,Retired,1,0,1,18,0.45,,23.0
2026,5,Montréal,ALO,Aston Martin,20.0,19.0,0.0,Retired,1,0,1,18,0.45,,23.0
2026,5,Montréal,ALB,Williams,21.0,18.0,0.0,Retired,1,0,1,18,0.45,,23.0
2026,5,Montréal,LIN,Racing Bulls,22.0,9.0,0.0,Did not start,1,0,1,18,0.45,,23.0
2026,6,Monte Carlo,ANT,Mercedes,1.0,1.0,25.0,Finished,0,1,0,18,0.45,,21.5
2026,6,Monte Carlo,HAM,Ferrari,2.0,3.0,18.0,Finished,0,0,0,18,0.45,,21.5
2026,6,Monte Carlo,HAD,Red Bull Racing,3.0,5.0,15.0,Finished,0,0,0,18,0.45,,21.5
2026,6,Monte Carlo,PIA,McLaren,4.0,7.0,12.0,Finished,0,0,0,18,0.45,,21.5
2026,6,Monte Carlo,LAW,Racing Bulls,5.0,10.0,10.0,Finished,0,0,0,18,0.45,,21.5
2026,6,Monte Carlo,LIN,Racing Bulls,6.0,15.0,8.0,Finished,0,0,0,18,0.45,,21.5
2026,6,Monte Carlo,GAS,Alpine,7.0,9.0,6.0,Finished,0,0,0,18,0.45,,21.5
2026,6,Monte Carlo,ALB,Williams,8.0,11.0,4.0,Finished,0,0,0,18,0.45,,21.5
2026,6,Monte Carlo,OCO,Haas F1 Team,9.0,17.0,2.0,Finished,0,0,0,18,0.45,,21.5
2026,6,Monte Carlo,ALO,Aston Martin,10.0,21.0,1.0,Finished,0,0,0,18,0.45,,21.5
2026,6,Monte Carlo,BOR,Audi,11.0,16.0,0.0,Finished,0,0,0,18,0.45,,21.5
2026,6,Monte Carlo,RUS,Mercedes,12.0,6.0,0.0,Finished,0,0,0,18,0.45,,21.5
2026,6,Monte Carlo,HUL,Audi,13.0,13.0,0.0,Finished,0,0,0,18,0.45,,21.5
2026,6,Monte Carlo,COL,Alpine,14.0,14.0,0.0,Finished,0,0,0,18,0.45,,21.5
2026,6,Monte Carlo,PER,Cadillac,15.0,18.0,0.0,Finished,0,0,0,18,0.45,,21.5
2026,6,Monte Carlo,SAI,Williams,16.0,12.0,0.0,Retired,1,0,0,18,0.45,,21.5
2026,6,Monte Carlo,LEC,Ferrari,17.0,4.0,0.0,Retired,1,0,0,18,0.45,,21.5
2026,6,Monte Carlo,STR,Aston Martin,18.0,22.0,0.0,Retired,1,0,0,18,0.45,,21.5
2026,6,Monte Carlo,NOR,McLaren,19.0,8.0,0.0,Retired,1,0,0,18,0.45,,21.5
2026,6,Monte Carlo,BEA,Haas F1 Team,20.0,19.0,0.0,Retired,1,0,0,18,0.45,,21.5
2026,6,Monte Carlo,BOT,Cadillac,21.0,20.0,0.0,Retired,1,0,0,18,0.45,,21.5
2026,6,Monte Carlo,VER,Red Bull Racing,22.0,2.0,0.0,Retired,1,0,0,18,0.45,,21.5
2026,7,Barcelona,HAM,Ferrari,1.0,2.0,25.0,Finished,0,1,0,18,0.45,,21.5
2026,7,Barcelona,RUS,Mercedes,2.0,1.0,18.0,Finished,0,0,0,18,0.45,,21.5
2026,7,Barcelona,NOR,McLaren,3.0,4.0,15.0,Finished,0,0,0,18,0.45,,21.5
2026,7,Barcelona,VER,Red Bull Racing,4.0,5.0,12.0,Finished,0,0,0,18,0.45,,21.5
2026,7,Barcelona,PIA,McLaren,5.0,7.0,10.0,Finished,0,0,0,18,0.45,,21.5
2026,7,Barcelona,HAD,Red Bull Racing,6.0,6.0,8.0,Lapped,1,0,0,18,0.45,,21.5
2026,7,Barcelona,GAS,Alpine,7.0,14.0,6.0,Lapped,1,0,0,18,0.45,,21.5
2026,7,Barcelona,LAW,Racing Bulls,8.0,8.0,4.0,Lapped,1,0,0,18,0.45,,21.5
2026,7,Barcelona,LIN,Racing Bulls,9.0,11.0,2.0,Lapped,1,0,0,18,0.45,,21.5
2026,7,Barcelona,COL,Alpine,10.0,13.0,1.0,Lapped,1,0,0,18,0.45,,21.5
2026,7,Barcelona,BOR,Audi,11.0,12.0,0.0,Lapped,1,0,0,18,0.45,,21.5
2026,7,Barcelona,SAI,Williams,12.0,16.0,0.0,Lapped,1,0,0,18,0.45,,21.5
2026,7,Barcelona,OCO,Haas F1 Team,13.0,17.0,0.0,Lapped,1,0,0,18,0.45,,21.5
2026,7,Barcelona,PER,Cadillac,14.0,19.0,0.0,Lapped,1,0,0,18,0.45,,21.5
2026,7,Barcelona,LEC,Ferrari,15.0,10.0,0.0,Retired,1,0,0,18,0.45,,21.5
2026,7,Barcelona,ANT,Mercedes,16.0,3.0,0.0,Retired,1,0,0,18,0.45,,21.5
2026,7,Barcelona,BEA,Haas F1 Team,17.0,15.0,0.0,Retired,1,0,0,18,0.45,,21.5
2026,7,Barcelona,ALB,Williams,18.0,18.0,0.0,Lapped,1,0,0,18,0.45,,21.5
2026,7,Barcelona,ALO,Aston Martin,19.0,22.0,0.0,Retired,1,0,0,18,0.45,,21.5
2026,7,Barcelona,HUL,Audi,20.0,9.0,0.0,Retired,1,0,0,18,0.45,,21.5
2026,7,Barcelona,BOT,Cadillac,21.0,20.0,0.0,Retired,1,0,0,18,0.45,,21.5
2026,7,Barcelona,STR,Aston Martin,22.0,21.0,0.0,Retired,1,0,0,18,0.45,,21.5
2026,8,Spielberg,RUS,Mercedes,1.0,1.0,25.0,Finished,0,1,0,18,0.45,,21.5
2026,8,Spielberg,VER,Red Bull Racing,2.0,5.0,18.0,Finished,0,0,0,18,0.45,,21.5
2026,8,Spielberg,ANT,Mercedes,3.0,4.0,15.0,Finished,0,0,0,18,0.45,,21.5
2026,8,Spielberg,PIA,McLaren,4.0,7.0,12.0,Finished,0,0,0,18,0.45,,21.5
2026,8,Spielberg,HAM,Ferrari,5.0,3.0,10.0,Finished,0,0,0,18,0.45,,21.5
2026,8,Spielberg,HAD,Red Bull Racing,6.0,8.0,8.0,Finished,0,0,0,18,0.45,,21.5
2026,8,Spielberg,NOR,McLaren,7.0,6.0,6.0,Finished,0,0,0,18,0.45,,21.5
2026,8,Spielberg,LEC,Ferrari,8.0,2.0,4.0,Finished,0,0,0,18,0.45,,21.5
2026,8,Spielberg,LAW,Racing Bulls,9.0,9.0,2.0,Lapped,1,0,0,18,0.45,,21.5
2026,8,Spielberg,LIN,Racing Bulls,10.0,10.0,1.0,Lapped,1,0,0,18,0.45,,21.5
2026,8,Spielberg,BOR,Audi,11.0,12.0,0.0,Lapped,1,0,0,18,0.45,,21.5
2026,8,Spielberg,HUL,Audi,12.0,14.0,0.0,Lapped,1,0,0,18,0.45,,21.5
2026,8,Spielberg,GAS,Alpine,13.0,11.0,0.0,Lapped,1,0,0,18,0.45,,21.5
2026,8,Spielberg,BEA,Haas F1 Team,14.0,13.0,0.0,Lapped,1,0,0,18,0.45,,21.5
2026,8,Spielberg,COL,Alpine,15.0,16.0,0.0,Lapped,1,0,0,18,0.45,,21.5
2026,8,Spielberg,OCO,Haas F1 Team,16.0,15.0,0.0,Lapped,1,0,0,18,0.45,,21.5
2026,8,Spielberg,ALB,Williams,17.0,18.0,0.0,Lapped,1,0,0,18,0.45,,21.5
2026,8,Spielberg,ALO,Aston Martin,18.0,21.0,0.0,Lapped,1,0,0,18,0.45,,21.5
2026,8,Spielberg,STR,Aston Martin,19.0,22.0,0.0,Retired,1,0,0,18,0.45,,21.5
2026,8,Spielberg,SAI,Williams,20.0,17.0,0.0,Retired,1,0,0,18,0.45,,21.5
2026,8,Spielberg,PER,Cadillac,21.0,19.0,0.0,Retired,1,0,0,18,0.45,,21.5
2026,8,Spielberg,BOT,Cadillac,22.0,20.0,0.0,Retired,1,0,0,18,0.45,,21.5
2026,9,Silverstone,LEC,Ferrari,1.0,2.0,25.0,Finished,0,1,0,18,0.45,,21.5
2026,9,Silverstone,RUS,Mercedes,2.0,4.0,18.0,Finished,0,0,0,18,0.45,,21.5
2026,9,Silverstone,HAM,Ferrari,3.0,3.0,15.0,Finished,0,0,0,18,0.45,,21.5
2026,9,Silverstone,NOR,McLaren,4.0,6.0,12.0,Finished,0,0,0,18,0.45,,21.5
2026,9,Silverstone,HAD,Red Bull Racing,5.0,5.0,10.0,Finished,0,0,0,18,0.45,,21.5
2026,9,Silverstone,LAW,Racing Bulls,6.0,10.0,8.0,Finished,0,0,0,18,0.45,,21.5
2026,9,Silverstone,LIN,Racing Bulls,7.0,9.0,6.0,Finished,0,0,0,18,0.45,,21.5
2026,9,Silverstone,BOR,Audi,8.0,11.0,4.0,Finished,0,0,0,18,0.45,,21.5
2026,9,Silverstone,COL,Alpine,9.0,19.0,2.0,Finished,0,0,0,18,0.45,,21.5
2026,9,Silverstone,GAS,Alpine,10.0,15.0,1.0,Finished,0,0,0,18,0.45,,21.5
2026,9,Silverstone,PIA,McLaren,11.0,8.0,0.0,Finished,0,0,0,18,0.45,,21.5
2026,9,Silverstone,BEA,Haas F1 Team,12.0,13.0,0.0,Finished,0,0,0,18,0.45,,21.5
2026,9,Silverstone,OCO,Haas F1 Team,13.0,17.0,0.0,Finished,0,0,0,18,0.45,,21.5
2026,9,Silverstone,PER,Cadillac,14.0,20.0,0.0,Finished,0,0,0,18,0.45,,21.5
2026,9,Silverstone,ANT,Mercedes,15.0,1.0,0.0,Finished,0,0,0,18,0.45,,21.5
2026,9,Silverstone,BOT,Cadillac,16.0,18.0,0.0,Finished,0,0,0,18,0.45,,21.5
2026,9,Silverstone,SAI,Williams,17.0,14.0,0.0,Lapped,1,0,0,18,0.45,,21.5
2026,9,Silverstone,ALO,Aston Martin,18.0,21.0,0.0,Lapped,1,0,0,18,0.45,,21.5
2026,9,Silverstone,STR,Aston Martin,19.0,22.0,0.0,Lapped,1,0,0,18,0.45,,21.5
2026,9,Silverstone,VER,Red Bull Racing,20.0,7.0,0.0,Retired,1,0,0,18,0.45,,21.5
2026,9,Silverstone,ALB,Williams,21.0,16.0,0.0,Retired,1,0,0,18,0.45,,21.5
2026,9,Silverstone,HUL,Audi,22.0,12.0,0.0,Retired,1,0,0,18,0.45,,21.5
2026,10,Spa-Francorchamps,ANT,Mercedes,1.0,1.0,25.0,Finished,0,1,0,18,0.45,,21.5
2026,10,Spa-Francorchamps,LEC,Ferrari,2.0,4.0,18.0,Finished,0,0,0,18,0.45,,21.5
2026,10,Spa-Francorchamps,VER,Red Bull Racing,3.0,2.0,15.0,Finished,0,0,0,18,0.45,,21.5
2026,10,Spa-Francorchamps,HAM,Ferrari,4.0,5.0,12.0,Finished,0,0,0,18,0.45,,21.5
2026,10,Spa-Francorchamps,PIA,McLaren,5.0,6.0,10.0,Finished,0,0,0,18,0.45,,21.5
2026,10,Spa-Francorchamps,HAD,Red Bull Racing,6.0,21.0,8.0,Finished,0,0,0,18,0.45,,21.5
2026,10,Spa-Francorchamps,NOR,McLaren,7.0,13.0,6.0,Finished,0,0,0,18,0.45,,21.5
2026,10,Spa-Francorchamps,BOR,Audi,8.0,8.0,4.0,Finished,0,0,0,18,0.45,,21.5
2026,10,Spa-Francorchamps,LIN,Racing Bulls,9.0,7.0,2.0,Finished,0,0,0,18,0.45,,21.5
2026,10,Spa-Francorchamps,COL,Alpine,10.0,11.0,1.0,Finished,0,0,0,18,0.45,,21.5
2026,10,Spa-Francorchamps,GAS,Alpine,11.0,10.0,0.0,Finished,0,0,0,18,0.45,,21.5
2026,10,Spa-Francorchamps,LAW,Racing Bulls,12.0,9.0,0.0,Finished,0,0,0,18,0.45,,21.5
2026,10,Spa-Francorchamps,HUL,Audi,13.0,12.0,0.0,Finished,0,0,0,18,0.45,,21.5
2026,10,Spa-Francorchamps,BEA,Haas F1 Team,14.0,14.0,0.0,Finished,0,0,0,18,0.45,,21.5
2026,10,Spa-Francorchamps,ALB,Williams,15.0,15.0,0.0,Finished,0,0,0,18,0.45,,21.5
2026,10,Spa-Francorchamps,SAI,Williams,16.0,19.0,0.0,Finished,0,0,0,18,0.45,,21.5
2026,10,Spa-Francorchamps,OCO,Haas F1 Team,17.0,16.0,0.0,Finished,0,0,0,18,0.45,,21.5
2026,10,Spa-Francorchamps,BOT,Cadillac,18.0,17.0,0.0,Lapped,1,0,0,18,0.45,,21.5
2026,10,Spa-Francorchamps,ALO,Aston Martin,19.0,22.0,0.0,Lapped,1,0,0,18,0.45,,21.5
2026,10,Spa-Francorchamps,STR,Aston Martin,20.0,20.0,0.0,Retired,1,0,0,18,0.45,,21.5
2026,10,Spa-Francorchamps,PER,Cadillac,21.0,18.0,0.0,Retired,1,0,0,18,0.45,,21.5
2026,10,Spa-Francorchamps,RUS,Mercedes,22.0,3.0,0.0,Retired,1,0,0,18,0.45,,21.5
2026,11,Budapest,NOR,McLaren,1.0,1.0,25.0,Finished,0,1,0,18,0.45,,21.5
2026,11,Budapest,VER,Red Bull Racing,2.0,4.0,18.0,Finished,0,0,0,18,0.45,,21.5
2026,11,Budapest,ANT,Mercedes,3.0,7.0,15.0,Finished,0,0,0,18,0.45,,21.5
2026,11,Budapest,LEC,Ferrari,4.0,2.0,12.0,Finished,0,0,0,18,0.45,,21.5
2026,11,Budapest,HAM,Ferrari,5.0,5.0,10.0,Finished,0,0,0,18,0.45,,21.5
2026,11,Budapest,HAD,Red Bull Racing,6.0,8.0,8.0,Finished,0,0,0,18,0.45,,21.5
2026,11,Budapest,RUS,Mercedes,7.0,6.0,6.0,Finished,0,0,0,18,0.45,,21.5
2026,11,Budapest,LAW,Racing Bulls,8.0,11.0,4.0,Lapped,1,0,0,18,0.45,,21.5
2026,11,Budapest,HUL,Audi,9.0,10.0,2.0,Lapped,1,0,0,18,0.45,,21.5
2026,11,Budapest,LIN,Racing Bulls,10.0,9.0,1.0,Lapped,1,0,0,18,0.45,,21.5
2026,11,Budapest,BOR,Audi,11.0,14.0,0.0,Lapped,1,0,0,18,0.45,,21.5
2026,11,Budapest,GAS,Alpine,12.0,12.0,0.0,Lapped,1,0,0,18,0.45,,21.5
2026,11,Budapest,STR,Aston Martin,13.0,20.0,0.0,Lapped,1,0,0,18,0.45,,21.5
2026,11,Budapest,ALO,Aston Martin,14.0,16.0,0.0,Lapped,1,0,0,18,0.45,,21.5
2026,11,Budapest,COL,Alpine,15.0,13.0,0.0,Lapped,1,0,0,18,0.45,,21.5
2026,11,Budapest,OCO,Haas F1 Team,16.0,15.0,0.0,Lapped,1,0,0,18,0.45,,21.5
2026,11,Budapest,ALB,Williams,17.0,19.0,0.0,Lapped,1,0,0,18,0.45,,21.5
2026,11,Budapest,SAI,Williams,18.0,18.0,0.0,Lapped,1,0,0,18,0.45,,21.5
2026,11,Budapest,BEA,Haas F1 Team,19.0,17.0,0.0,Lapped,1,0,0,18,0.45,,21.5
2026,11,Budapest,PIA,McLaren,20.0,3.0,0.0,Retired,1,0,0,18,0.45,,21.5
2026,11,Budapest,PER,Cadillac,21.0,22.0,0.0,Retired,1,0,0,18,0.45,,21.5
2026,11,Budapest,BOT,Cadillac,22.0,21.0,0.0,Retired,1,0,0,18,0.45,,21.5
2026,12,Zandvoort,NOR,McLaren,1.0,1.0,25.0,Finished,0,1,0,18,0.45,,21.5
2026,12,Zandvoort,ANT,Mercedes,2.0,3.0,18.0,Finished,0,0,0,18,0.45,,21.5
2026,12,Zandvoort,RUS,Mercedes,3.0,2.0,15.0,Finished,0,0,0,18,0.45,,21.5
2026,12,Zandvoort,HAM,Ferrari,4.0,5.0,12.0,Finished,0,0,0,18,0.45,,21.5
2026,12,Zandvoort,LEC,Ferrari,5.0,6.0,10.0,Finished,0,0,0,18,0.45,,21.5
2026,12,Zandvoort,PIA,McLaren,6.0,4.0,8.0,Finished,0,0,0,18,0.45,,21.5
2026,12,Zandvoort,LAW,Red Bull Racing,7.0,8.0,6.0,Finished,0,0,0,18,0.45,,21.5
2026,12,Zandvoort,HUL,Audi,8.0,13.0,4.0,Lapped,1,0,0,18,0.45,,21.5
2026,12,Zandvoort,ALO,Aston Martin,9.0,18.0,2.0,Lapped,1,0,0,18,0.45,,21.5
2026,12,Zandvoort,GAS,Alpine,10.0,11.0,1.0,Lapped,1,0,0,18,0.45,,21.5
2026,12,Zandvoort,TSU,Racing Bulls,11.0,12.0,0.0,Lapped,1,0,0,18,0.45,,21.5
2026,12,Zandvoort,LIN,Racing Bulls,12.0,10.0,0.0,Lapped,1,0,0,18,0.45,,21.5
2026,12,Zandvoort,BOR,Audi,13.0,9.0,0.0,Lapped,1,0,0,18,0.45,,21.5
2026,12,Zandvoort,COL,Alpine,14.0,14.0,0.0,Lapped,1,0,0,18,0.45,,21.5
2026,12,Zandvoort,PER,Cadillac,15.0,22.0,0.0,Lapped,1,0,0,18,0.45,,21.5
2026,12,Zandvoort,SAI,Williams,16.0,17.0,0.0,Lapped,1,0,0,18,0.45,,21.5
2026,12,Zandvoort,ALB,Williams,17.0,16.0,0.0,Retired,1,0,0,18,0.45,,21.5
2026,12,Zandvoort,BOT,Cadillac,18.0,21.0,0.0,Retired,1,0,0,18,0.45,,21.5
2026,12,Zandvoort,OCO,Haas F1 Team,19.0,15.0,0.0,Retired,1,0,0,18,0.45,,21.5
2026,12,Zandvoort,STR,Aston Martin,20.0,19.0,0.0,Retired,1,0,0,18,0.45,,21.5
2026,12,Zandvoort,BEA,Haas F1 Team,21.0,20.0,0.0,Retired,1,0,0,18,0.45,,21.5
2026,12,Zandvoort,VER,Red Bull Racing,22.0,7.0,0.0,Retired,1,0,0,18,0.45,,21.5
2026,13,Monza,ANT,Mercedes,1.0,19.0,25.0,Finished,0,1,0,18,0.45,,21.5
2026,13,Monza,RUS,Mercedes,2.0,2.0,18.0,Finished,0,0,0,18,0.45,,21.5
2026,13,Monza,VER,Red Bull Racing,3.0,5.0,15.0,Finished,0,0,0,18,0.45,,21.5
2026,13,Monza,NOR,McLaren,4.0,8.0,12.0,Finished,0,0,0,18,0.45,,21.5
2026,13,Monza,PIA,McLaren,5.0,6.0,10.0,Finished,0,0,0,18,0.45,,21.5
2026,13,Monza,HAM,Ferrari,6.0,4.0,8.0,Finished,0,0,0,18,0.45,,21.5
2026,13,Monza,GAS,Alpine,7.0,1.0,6.0,Finished,0,0,0,18,0.45,,21.5
2026,13,Monza,LIN,Racing Bulls,8.0,9.0,4.0,Finished,0,0,0,18,0.45,,21.5
2026,13,Monza,COL,Alpine,9.0,7.0,2.0,Finished,0,0,0,18,0.45,,21.5
2026,13,Monza,TSU,Racing Bulls,10.0,15.0,1.0,Finished,0,0,0,18,0.45,,21.5
2026,13,Monza,BOR,Audi,11.0,10.0,0.0,Finished,0,0,0,18,0.45,,21.5
2026,13,Monza,HUL,Audi,12.0,12.0,0.0,Finished,0,0,0,18,0.45,,21.5
2026,13,Monza,SAI,Williams,13.0,13.0,0.0,Finished,0,0,0,18,0.45,,21.5
2026,13,Monza,LAW,Red Bull Racing,14.0,22.0,0.0,Finished,0,0,0,18,0.45,,21.5
2026,13,Monza,BEA,Haas F1 Team,15.0,11.0,0.0,Finished,0,0,0,18,0.45,,21.5
2026,13,Monza,OCO,Haas F1 Team,16.0,14.0,0.0,Lapped,1,0,0,18,0.45,,21.5
2026,13,Monza,ALB,Williams,17.0,20.0,0.0,Lapped,1,0,0,18,0.45,,21.5
2026,13,Monza,PER,Cadillac,18.0,17.0,0.0,Lapped,1,0,0,18,0.45,,21.5
2026,13,Monza,BOT,Cadillac,19.0,16.0,0.0,Lapped,1,0,0,18,0.45,,21.5
2026,13,Monza,STR,Aston Martin,20.0,18.0,0.0,Retired,1,0,0,18,0.45,,21.5
2026,13,Monza,ALO,Aston Martin,21.0,21.0,0.0,Retired,1,0,0,18,0.45,,21.5
2026,13,Monza,LEC,Ferrari,22.0,3.0,0.0,Retired,1,0,0,18,0.45,,21.5
2026,14,Madrid,ANT,Mercedes,1.0,2.0,25.0,Finished,0,1,0,18,0.45,,21.5
2026,14,Madrid,VER,Red Bull Racing,2.0,3.0,18.0,Finished,0,0,0,18,0.45,,21.5
2026,14,Madrid,NOR,McLaren,3.0,1.0,15.0,Finished,0,0,0,18,0.45,,21.5
2026,14,Madrid,LEC,Ferrari,4.0,5.0,12.0,Finished,0,0,0,18,0.45,,21.5
2026,14,Madrid,RUS,Mercedes,5.0,6.0,10.0,Finished,0,0,0,18,0.45,,21.5
2026,14,Madrid,LAW,Red Bull Racing,6.0,8.0,8.0,Finished,0,0,0,18,0.45,,21.5
2026,14,Madrid,COL,Alpine,7.0,9.0,6.0,Finished,0,0,0,18,0.45,,21.5
2026,14,Madrid,PIA,McLaren,8.0,7.0,4.0,Finished,0,0,0,18,0.45,,21.5
2026,14,Madrid,LIN,Racing Bulls,9.0,10.0,2.0,Lapped,1,0,0,18,0.45,,21.5
2026,14,Madrid,HUL,Audi,10.0,11.0,1.0,Lapped,1,0,0,18,0.45,,21.5
2026,14,Madrid,OCO,Haas F1 Team,11.0,13.0,0.0,Lapped,1,0,0,18,0.45,,21.5
2026,14,Madrid,GAS,Alpine,12.0,14.0,0.0,Lapped,1,0,0,18,0.45,,21.5
2026,14,Madrid,BOR,Audi,13.0,12.0,0.0,Lapped,1,0,0,18,0.45,,21.5
2026,14,Madrid,TSU,Racing Bulls,14.0,15.0,0.0,Lapped,1,0,0,18,0.45,,21.5
2026,14,Madrid,ALB,Williams,15.0,16.0,0.0,Lapped,1,0,0,18,0.45,,21.5
2026,14,Madrid,BEA,Haas F1 Team,16.0,22.0,0.0,Lapped,1,0,0,18,0.45,,21.5
2026,14,Madrid,ALO,Aston Martin,17.0,17.0,0.0,Lapped,1,0,0,18,0.45,,21.5
2026,14,Madrid,BOT,Cadillac,18.0,19.0,0.0,Lapped,1,0,0,18,0.45,,21.5
2026,14,Madrid,SAI,Williams,19.0,20.0,0.0,Retired,1,0,0,18,0.45,,21.5
2026,14,Madrid,PER,Cadillac,20.0,18.0,0.0,Retired,1,0,0,18,0.45,,21.5
2026,14,Madrid,STR,Aston Martin,21.0,21.0,0.0,Retired,1,0,0,18,0.45,,21.5
2026,14,Madrid,HAM,Ferrari,22.0,4.0,0.0,Retired,1,0,0,18,0.45,,21.5
2026,15,Baku,RUS,Mercedes,1.0,1.0,25.0,Finished,0,1,1,18,0.45,,22.0
2026,15,Baku,VER,Red Bull Racing,2.0,8.0,18.0,Finished,0,0,1,18,0.45,,22.0
2026,15,Baku,HAD,Red Bull Racing,3.0,4.0,15.0,Finished,0,0,1,18,0.45,,22.0
2026,15,Baku,LEC,Ferrari,4.0,2.0,12.0,Finished,0,0,1,18,0.45,,22.0
2026,15,Baku,ANT,Mercedes,5.0,16.0,10.0,Finished,0,0,1,18,0.45,,22.0
2026,15,Baku,HAM,Ferrari,6.0,6.0,8.0,Finished,0,0,1,18,0.45,,22.0
2026,15,Baku,LIN,Racing Bulls,7.0,15.0,6.0,Finished,0,0,1,18,0.45,,22.0
2026,15,Baku,OCO,Haas F1 Team,8.0,13.0,4.0,Finished,0,0,1,18,0.45,,22.0
2026,15,Baku,BEA,Haas F1 Team,9.0,10.0,2.0,Finished,0,0,1,18,0.45,,22.0
2026,15,Baku,SAI,Williams,10.0,14.0,1.0,Finished,0,0,1,18,0.45,,22.0
2026,15,Baku,HUL,Audi,11.0,18.0,0.0,Finished,0,0,1,18,0.45,,22.0
2026,15,Baku,LAW,Racing Bulls,12.0,11.0,0.0,Finished,0,0,1,18,0.45,,22.0
2026,15,Baku,PIA,McLaren,13.0,3.0,0.0,Finished,0,0,1,18,0.45,,22.0
2026,15,Baku,PER,Cadillac,14.0,20.0,0.0,Finished,0,0,1,18,0.45,,22.0
2026,15,Baku,BOR,Audi,15.0,17.0,0.0,Finished,0,0,1,18,0.45,,22.0
2026,15,Baku,BOT,Cadillac,16.0,19.0,0.0,Retired,1,0,1,18,0.45,,22.0
2026,15,Baku,COL,Alpine,17.0,9.0,0.0,Retired,1,0,1,18,0.45,,22.0
2026,15,Baku,GAS,Alpine,18.0,7.0,0.0,Retired,1,0,1,18,0.45,,22.0
2026,15,Baku,NOR,McLaren,19.0,5.0,0.0,Retired,1,0,1,18,0.45,,22.0
2026,15,Baku,ALB,Williams,20.0,12.0,0.0,Retired,1,0,1,18,0.45,,22.0
2026,15,Baku,ALO,Aston Martin,21.0,21.0,0.0,Retired,1,0,1,18,0.45,,22.0
2026,15,Baku,STR,Aston Martin,22.0,22.0,0.0,Retired,1,0,1,18,0.45,,22.0
