season,round,circuit_id,driver,team,quali_position,quali_best_lap_seconds,gap_to_pole_seconds,qualifying_session_was_dry
2022,1,Sakhir,LEC,Ferrari,1.0,90.558,0.0,1
2022,1,Sakhir,VER,Red Bull Racing,2.0,90.681,0.12299999999999045,1
2022,1,Sakhir,SAI,Ferrari,3.0,90.687,0.12899999999999068,1
2022,1,Sakhir,PER,Red Bull Racing,4.0,90.921,0.36299999999999955,1
2022,1,Sakhir,HAM,Mercedes,5.0,91.048,0.4899999999999949,1
2022,1,Sakhir,BOT,Alfa Romeo,6.0,91.56,1.0019999999999953,1
2022,1,Sakhir,MAG,Haas F1 Team,7.0,91.461,0.9029999999999916,1
2022,1,Sakhir,ALO,Alpine,8.0,91.621,1.0629999999999882,1
2022,1,Sakhir,RUS,Mercedes,9.0,91.252,0.6939999999999884,1
2022,1,Sakhir,GAS,AlphaTauri,10.0,91.635,1.0769999999999982,1
2022,1,Sakhir,OCO,Alpine,11.0,91.782,1.2239999999999895,1
2022,1,Sakhir,MSC,Haas F1 Team,12.0,91.998,1.4399999999999977,1
2022,1,Sakhir,NOR,McLaren,13.0,92.008,1.4499999999999886,1
2022,1,Sakhir,ALB,Williams,14.0,92.664,2.1059999999999945,1
2022,1,Sakhir,ZHO,Alfa Romeo,15.0,92.387,1.8289999999999935,1
2022,1,Sakhir,TSU,AlphaTauri,16.0,92.75,2.191999999999993,1
2022,1,Sakhir,HUL,Aston Martin,17.0,92.777,2.218999999999994,1
2022,1,Sakhir,RIC,McLaren,18.0,92.945,2.3869999999999862,1
2022,1,Sakhir,STR,Aston Martin,19.0,93.032,2.4739999999999895,1
2022,1,Sakhir,LAT,Williams,20.0,93.634,3.0759999999999934,1
2022,2,Jeddah,PER,Red Bull Racing,1.0,88.2,14.530000000000001,1
2022,2,Jeddah,LEC,Ferrari,2.0,88.225,14.554999999999993,1
2022,2,Jeddah,SAI,Ferrari,3.0,73.67,0.0,1
2022,2,Jeddah,VER,Red Bull Racing,4.0,88.461,14.790999999999997,1
2022,2,Jeddah,OCO,Alpine,5.0,89.068,15.397999999999996,1
2022,2,Jeddah,RUS,Mercedes,6.0,89.104,15.433999999999997,1
2022,2,Jeddah,ALO,Alpine,7.0,89.147,15.477000000000004,1
2022,2,Jeddah,BOT,Alfa Romeo,8.0,89.183,15.513000000000005,1
2022,2,Jeddah,GAS,AlphaTauri,9.0,89.254,15.584000000000003,1
2022,2,Jeddah,MAG,Haas F1 Team,10.0,89.546,15.876000000000005,1
2022,2,Jeddah,NOR,McLaren,11.0,89.651,15.980999999999995,1
2022,2,Jeddah,RIC,McLaren,12.0,89.773,16.102999999999994,1
2022,2,Jeddah,ZHO,Alfa Romeo,13.0,89.819,16.149,1
2022,2,Jeddah,MSC,Haas F1 Team,14.0,89.92,16.25,1
2022,2,Jeddah,STR,Aston Martin,15.0,90.256,16.586,1
2022,2,Jeddah,HAM,Mercedes,16.0,90.343,16.673000000000002,1
2022,2,Jeddah,ALB,Williams,17.0,90.492,16.822000000000003,1
2022,2,Jeddah,HUL,Aston Martin,18.0,90.543,16.873000000000005,1
2022,2,Jeddah,LAT,Williams,19.0,91.817,18.14699999999999,1
2022,2,Jeddah,TSU,AlphaTauri,20.0,,,1
2022,3,Melbourne,LEC,Ferrari,1.0,77.868,0.0,1
2022,3,Melbourne,VER,Red Bull Racing,2.0,78.154,0.28600000000000136,1
2022,3,Melbourne,PER,Red Bull Racing,3.0,78.24,0.3719999999999999,1
2022,3,Melbourne,NOR,McLaren,4.0,78.703,0.835000000000008,1
2022,3,Melbourne,HAM,Mercedes,5.0,78.825,0.9570000000000078,1
2022,3,Melbourne,RUS,Mercedes,6.0,78.933,1.065000000000012,1
2022,3,Melbourne,RIC,McLaren,7.0,79.032,1.1640000000000015,1
2022,3,Melbourne,OCO,Alpine,8.0,79.061,1.193000000000012,1
2022,3,Melbourne,SAI,Ferrari,9.0,78.469,0.6009999999999991,1
2022,3,Melbourne,ALO,Alpine,10.0,78.815,0.9470000000000027,1
2022,3,Melbourne,GAS,AlphaTauri,11.0,79.226,1.358000000000004,1
2022,3,Melbourne,BOT,Alfa Romeo,12.0,79.251,1.3830000000000098,1
2022,3,Melbourne,TSU,AlphaTauri,13.0,79.424,1.5560000000000116,1
2022,3,Melbourne,ZHO,Alfa Romeo,14.0,79.91,2.0420000000000016,1
2022,3,Melbourne,MSC,Haas F1 Team,15.0,80.104,2.236000000000004,1
2022,3,Melbourne,ALB,Williams,16.0,80.135,2.26700000000001,1
2022,3,Melbourne,MAG,Haas F1 Team,17.0,80.254,2.38600000000001,1
2022,3,Melbourne,VET,Aston Martin,18.0,81.149,3.281000000000006,1
2022,3,Melbourne,LAT,Williams,19.0,81.372,3.504000000000005,1
2022,3,Melbourne,STR,Aston Martin,20.0,106.833,28.965000000000003,1
2022,4,Imola,VER,Red Bull Racing,1.0,78.793,0.1150000000000091,0
2022,4,Imola,LEC,Ferrari,2.0,78.796,0.11800000000000921,0
2022,4,Imola,NOR,McLaren,3.0,79.294,0.6159999999999997,0
2022,4,Imola,MAG,Haas F1 Team,4.0,79.902,1.2240000000000038,0
2022,4,Imola,ALO,Alpine,5.0,79.595,0.9170000000000016,0
2022,4,Imola,RIC,McLaren,6.0,79.98,1.3020000000000067,0
2022,4,Imola,PER,Red Bull Racing,7.0,79.296,0.6180000000000092,0
2022,4,Imola,BOT,Alfa Romeo,8.0,80.192,1.5139999999999958,0
2022,4,Imola,VET,Aston Martin,9.0,79.957,1.2789999999999964,0
2022,4,Imola,SAI,Ferrari,10.0,78.678,0.0,0
2022,4,Imola,RUS,Mercedes,11.0,80.383,1.7049999999999983,0
2022,4,Imola,MSC,Haas F1 Team,12.0,80.422,1.7439999999999998,0
2022,4,Imola,HAM,Mercedes,13.0,80.47,1.7920000000000016,0
2022,4,Imola,ZHO,Alfa Romeo,14.0,79.73,1.0520000000000067,0
2022,4,Imola,STR,Aston Martin,15.0,80.342,1.6640000000000015,0
2022,4,Imola,TSU,AlphaTauri,16.0,80.474,1.7960000000000065,0
2022,4,Imola,GAS,AlphaTauri,17.0,80.732,2.054000000000002,0
2022,4,Imola,LAT,Williams,18.0,81.971,3.2930000000000064,0
2022,4,Imola,OCO,Alpine,19.0,82.338,3.6599999999999966,0
2022,4,Imola,ALB,Williams,20.0,123.171,44.49300000000001,0
2022,5,Miami,LEC,Ferrari,1.0,88.796,0.0,1
2022,5,Miami,SAI,Ferrari,2.0,88.986,0.18999999999999773,1
2022,5,Miami,VER,Red Bull Racing,3.0,88.991,0.19499999999999318,1
2022,5,Miami,PER,Red Bull Racing,4.0,89.036,0.23999999999999488,1
2022,5,Miami,BOT,Alfa Romeo,5.0,89.475,0.6789999999999878,1
2022,5,Miami,HAM,Mercedes,6.0,89.625,0.8289999999999935,1
2022,5,Miami,GAS,AlphaTauri,7.0,89.69,0.8939999999999912,1
2022,5,Miami,NOR,McLaren,8.0,89.634,0.8379999999999939,1
2022,5,Miami,TSU,AlphaTauri,9.0,89.932,1.1359999999999957,1
2022,5,Miami,STR,Aston Martin,10.0,89.996,1.1999999999999886,1
2022,5,Miami,ALO,Alpine,11.0,90.16,1.36399999999999,1
2022,5,Miami,RUS,Mercedes,12.0,90.173,1.3769999999999953,1
2022,5,Miami,VET,Aston Martin,13.0,90.214,1.4179999999999922,1
2022,5,Miami,RIC,McLaren,14.0,90.31,1.5139999999999958,1
2022,5,Miami,MSC,Haas F1 Team,15.0,90.423,1.6269999999999953,1
2022,5,Miami,MAG,Haas F1 Team,16.0,90.975,2.178999999999988,1
2022,5,Miami,ZHO,Alfa Romeo,17.0,91.02,2.2239999999999895,1
2022,5,Miami,ALB,Williams,18.0,91.266,2.469999999999999,1
2022,5,Miami,LAT,Williams,19.0,91.325,2.5289999999999964,1
2022,5,Miami,OCO,Alpine,20.0,,,1
2022,6,Barcelona,LEC,Ferrari,1.0,78.75,0.0,1
2022,6,Barcelona,VER,Red Bull Racing,2.0,79.073,0.3229999999999933,1
2022,6,Barcelona,SAI,Ferrari,3.0,79.166,0.4159999999999968,1
2022,6,Barcelona,RUS,Mercedes,4.0,79.393,0.6430000000000007,1
2022,6,Barcelona,PER,Red Bull Racing,5.0,79.42,0.6700000000000017,1
2022,6,Barcelona,HAM,Mercedes,6.0,79.512,0.7620000000000005,1
2022,6,Barcelona,BOT,Alfa Romeo,7.0,79.608,0.8580000000000041,1
2022,6,Barcelona,MAG,Haas F1 Team,8.0,79.682,0.9320000000000022,1
2022,6,Barcelona,RIC,McLaren,9.0,80.287,1.5370000000000061,1
2022,6,Barcelona,MSC,Haas F1 Team,10.0,80.368,1.617999999999995,1
2022,6,Barcelona,NOR,McLaren,11.0,79.977,1.2270000000000039,1
2022,6,Barcelona,OCO,Alpine,12.0,80.638,1.8880000000000052,1
2022,6,Barcelona,TSU,AlphaTauri,13.0,80.639,1.8889999999999958,1
2022,6,Barcelona,GAS,AlphaTauri,14.0,80.719,1.968999999999994,1
2022,6,Barcelona,ZHO,Alfa Romeo,15.0,80.476,1.725999999999999,1
2022,6,Barcelona,VET,Aston Martin,16.0,80.954,2.2039999999999935,1
2022,6,Barcelona,ALO,Alpine,17.0,81.043,2.2930000000000064,1
2022,6,Barcelona,STR,Aston Martin,18.0,81.418,2.6680000000000064,1
2022,6,Barcelona,ALB,Williams,19.0,81.645,2.894999999999996,1
2022,6,Barcelona,LAT,Williams,20.0,81.915,3.1650000000000063,1
2022,7,Monaco,LEC,Ferrari,1.0,71.376,0.0,1
2022,7,Monaco,SAI,Ferrari,2.0,71.601,0.22499999999999432,1
2022,7,Monaco,PER,Red Bull Racing,3.0,71.629,0.2530000000000001,1
2022,7,Monaco,VER,Red Bull Racing,4.0,71.666,0.28999999999999204,1
2022,7,Monaco,NOR,McLaren,5.0,71.849,0.472999999999999,1
2022,7,Monaco,RUS,Mercedes,6.0,72.112,0.73599999999999,1
2022,7,Monaco,ALO,Alpine,7.0,72.247,0.8709999999999951,1
2022,7,Monaco,HAM,Mercedes,8.0,72.56,1.1839999999999975,1
2022,7,Monaco,VET,Aston Martin,9.0,72.613,1.2369999999999948,1
2022,7,Monaco,OCO,Alpine,10.0,72.528,1.152000000000001,1
2022,7,Monaco,TSU,AlphaTauri,11.0,72.797,1.4209999999999923,1
2022,7,Monaco,BOT,Alfa Romeo,12.0,72.909,1.5330000000000013,1
2022,7,Monaco,MAG,Haas F1 Team,13.0,72.921,1.5450000000000017,1
2022,7,Monaco,RIC,McLaren,14.0,72.964,1.5879999999999939,1
2022,7,Monaco,MSC,Haas F1 Team,15.0,73.081,1.7049999999999983,1
2022,7,Monaco,ALB,Williams,16.0,73.611,2.2349999999999994,1
2022,7,Monaco,GAS,AlphaTauri,17.0,73.66,2.283999999999992,1
2022,7,Monaco,STR,Aston Martin,18.0,73.678,2.3019999999999925,1
2022,7,Monaco,LAT,Williams,19.0,74.403,3.027000000000001,1
2022,7,Monaco,ZHO,Alfa Romeo,20.0,75.606,4.22999999999999,1
2022,8,Baku,LEC,Ferrari,1.0,101.359,0.0,1
2022,8,Baku,PER,Red Bull Racing,2.0,101.641,0.2820000000000107,1
2022,8,Baku,VER,Red Bull Racing,3.0,101.706,0.3470000000000084,1
2022,8,Baku,SAI,Ferrari,4.0,101.814,0.4549999999999983,1
2022,8,Baku,RUS,Mercedes,5.0,102.712,1.3530000000000086,1
2022,8,Baku,GAS,AlphaTauri,6.0,102.845,1.4860000000000042,1
2022,8,Baku,HAM,Mercedes,7.0,102.924,1.565000000000012,1
2022,8,Baku,TSU,AlphaTauri,8.0,103.056,1.6970000000000027,1
2022,8,Baku,VET,Aston Martin,9.0,103.091,1.7319999999999993,1
2022,8,Baku,ALO,Alpine,10.0,103.173,1.8140000000000072,1
2022,8,Baku,NOR,McLaren,11.0,103.398,2.0390000000000015,1
2022,8,Baku,RIC,McLaren,12.0,103.574,2.2150000000000034,1
2022,8,Baku,OCO,Alpine,13.0,103.585,2.225999999999999,1
2022,8,Baku,ZHO,Alfa Romeo,14.0,103.777,2.4180000000000064,1
2022,8,Baku,BOT,Alfa Romeo,15.0,104.444,3.085000000000008,1
2022,8,Baku,MAG,Haas F1 Team,16.0,104.643,3.284000000000006,1
2022,8,Baku,ALB,Williams,17.0,104.719,3.3599999999999994,1
2022,8,Baku,LAT,Williams,18.0,105.367,4.00800000000001,1
2022,8,Baku,STR,Aston Martin,19.0,105.371,4.0120000000000005,1
2022,8,Baku,MSC,Haas F1 Team,20.0,105.775,4.416000000000011,1
2022,9,Montréal,VER,Red Bull Racing,1.0,81.299,0.0,0
2022,9,Montréal,ALO,Alpine,2.0,81.944,0.644999999999996,0
2022,9,Montréal,SAI,Ferrari,3.0,82.096,0.796999999999997,0
2022,9,Montréal,HAM,Mercedes,4.0,82.891,1.5919999999999987,0
2022,9,Montréal,MAG,Haas F1 Team,5.0,82.96,1.6609999999999872,0
2022,9,Montréal,MSC,Haas F1 Team,6.0,83.356,2.056999999999988,0
2022,9,Montréal,OCO,Alpine,7.0,83.529,2.2299999999999898,0
2022,9,Montréal,RUS,Mercedes,8.0,83.557,2.2579999999999956,0
2022,9,Montréal,RIC,McLaren,9.0,83.749,2.4499999999999886,0
2022,9,Montréal,ZHO,Alfa Romeo,10.0,84.03,2.7309999999999945,0
2022,9,Montréal,BOT,Alfa Romeo,11.0,86.788,5.48899999999999,0
2022,9,Montréal,ALB,Williams,12.0,86.858,5.5589999999999975,0
2022,9,Montréal,PER,Red Bull Racing,13.0,93.127,11.827999999999989,0
2022,9,Montréal,NOR,McLaren,14.0,94.066,12.766999999999996,0
2022,9,Montréal,LEC,Ferrari,15.0,93.008,11.708999999999989,0
2022,9,Montréal,GAS,AlphaTauri,16.0,94.492,13.192999999999998,0
2022,9,Montréal,VET,Aston Martin,17.0,94.512,13.212999999999994,0
2022,9,Montréal,STR,Aston Martin,18.0,95.532,14.23299999999999,0
2022,9,Montréal,LAT,Williams,19.0,95.66,14.36099999999999,0
2022,9,Montréal,TSU,AlphaTauri,20.0,96.575,15.275999999999996,0
2022,10,Silverstone,SAI,Ferrari,1.0,100.19,1.0609999999999928,0
2022,10,Silverstone,VER,Red Bull Racing,2.0,99.129,0.0,0
2022,10,Silverstone,LEC,Ferrari,3.0,99.846,0.7169999999999987,0
2022,10,Silverstone,PER,Red Bull Racing,4.0,100.521,1.391999999999996,0
2022,10,Silverstone,HAM,Mercedes,5.0,100.428,1.2989999999999924,0
2022,10,Silverstone,NOR,McLaren,6.0,101.515,2.3859999999999957,0
2022,10,Silverstone,ALO,Alpine,7.0,101.598,2.468999999999994,0
2022,10,Silverstone,RUS,Mercedes,8.0,100.028,0.8990000000000009,0
2022,10,Silverstone,ZHO,Alfa Romeo,9.0,100.791,1.661999999999992,0
2022,10,Silverstone,LAT,Williams,10.0,101.998,2.8689999999999998,0
2022,10,Silverstone,GAS,AlphaTauri,11.0,101.68,2.551000000000002,0
2022,10,Silverstone,BOT,Alfa Romeo,12.0,101.396,2.266999999999996,0
2022,10,Silverstone,TSU,AlphaTauri,13.0,101.893,2.763999999999996,0
2022,10,Silverstone,RIC,McLaren,14.0,101.933,2.804000000000002,0
2022,10,Silverstone,OCO,Alpine,15.0,101.73,2.600999999999999,0
2022,10,Silverstone,ALB,Williams,16.0,102.078,2.948999999999998,0
2022,10,Silverstone,MAG,Haas F1 Team,17.0,102.159,3.030000000000001,0
2022,10,Silverstone,VET,Aston Martin,18.0,102.666,3.536999999999992,0
2022,10,Silverstone,MSC,Haas F1 Team,19.0,102.708,3.5789999999999935,0
2022,10,Silverstone,STR,Aston Martin,20.0,103.43,4.301000000000002,0
2022,11,Spielberg,VER,Red Bull Racing,1.0,64.984,0.0,1
2022,11,Spielberg,LEC,Ferrari,2.0,65.013,0.029000000000010573,1
2022,11,Spielberg,SAI,Ferrari,3.0,65.066,0.08200000000000784,1
2022,11,Spielberg,RUS,Mercedes,4.0,65.431,0.44700000000000273,1
2022,11,Spielberg,OCO,Alpine,5.0,65.726,0.7420000000000044,1
2022,11,Spielberg,MAG,Haas F1 Team,6.0,65.879,0.8950000000000102,1
2022,11,Spielberg,MSC,Haas F1 Team,7.0,66.011,1.027000000000001,1
2022,11,Spielberg,ALO,Alpine,8.0,66.016,1.0320000000000107,1
2022,11,Spielberg,HAM,Mercedes,9.0,65.475,0.49099999999999966,1
2022,11,Spielberg,GAS,AlphaTauri,10.0,66.16,1.176000000000002,1
2022,11,Spielberg,ALB,Williams,11.0,66.23,1.2460000000000093,1
2022,11,Spielberg,BOT,Alfa Romeo,12.0,66.319,1.335000000000008,1
2022,11,Spielberg,PER,Red Bull Racing,13.0,65.404,0.4200000000000017,1
2022,11,Spielberg,TSU,AlphaTauri,14.0,66.463,1.4789999999999992,1
2022,11,Spielberg,NOR,McLaren,15.0,66.33,1.3460000000000036,1
2022,11,Spielberg,RIC,McLaren,16.0,66.613,1.6290000000000049,1
2022,11,Spielberg,STR,Aston Martin,17.0,66.847,1.8629999999999995,1
2022,11,Spielberg,ZHO,Alfa Romeo,18.0,66.901,1.9170000000000016,1
2022,11,Spielberg,LAT,Williams,19.0,67.003,2.0190000000000055,1
2022,11,Spielberg,VET,Aston Martin,20.0,66.652,1.6680000000000064,1
2022,12,Le Castellet,LEC,Ferrari,1.0,90.872,0.0,1
2022,12,Le Castellet,VER,Red Bull Racing,2.0,91.176,0.30400000000000205,1
2022,12,Le Castellet,PER,Red Bull Racing,3.0,91.335,0.46299999999999386,1
2022,12,Le Castellet,HAM,Mercedes,4.0,91.765,0.8930000000000007,1
2022,12,Le Castellet,NOR,McLaren,5.0,92.032,1.1599999999999966,1
2022,12,Le Castellet,RUS,Mercedes,6.0,92.131,1.2590000000000003,1
2022,12,Le Castellet,ALO,Alpine,7.0,92.552,1.6800000000000068,1
2022,12,Le Castellet,TSU,AlphaTauri,8.0,92.78,1.9080000000000013,1
2022,12,Le Castellet,SAI,Ferrari,9.0,91.081,0.20900000000000318,1
2022,12,Le Castellet,MAG,Haas F1 Team,10.0,92.649,1.777000000000001,1
2022,12,Le Castellet,RIC,McLaren,11.0,92.922,2.049999999999997,1
2022,12,Le Castellet,OCO,Alpine,12.0,93.048,2.176000000000002,1
2022,12,Le Castellet,BOT,Alfa Romeo,13.0,93.034,2.162000000000006,1
2022,12,Le Castellet,VET,Aston Martin,14.0,93.276,2.4039999999999964,1
2022,12,Le Castellet,ALB,Williams,15.0,93.307,2.4350000000000023,1
2022,12,Le Castellet,GAS,AlphaTauri,16.0,93.439,2.566999999999993,1
2022,12,Le Castellet,STR,Aston Martin,17.0,93.439,2.566999999999993,1
2022,12,Le Castellet,ZHO,Alfa Romeo,18.0,93.674,2.8020000000000067,1
2022,12,Le Castellet,MSC,Haas F1 Team,19.0,93.114,2.2420000000000044,1
2022,12,Le Castellet,LAT,Williams,20.0,93.794,2.921999999999997,1
2022,13,Budapest,RUS,Mercedes,1.0,77.377,0.0,1
2022,13,Budapest,SAI,Ferrari,2.0,77.421,0.04400000000001114,1
2022,13,Budapest,LEC,Ferrari,3.0,77.567,0.18999999999999773,1
2022,13,Budapest,NOR,McLaren,4.0,77.769,0.3920000000000101,1
2022,13,Budapest,OCO,Alpine,5.0,78.018,0.6410000000000053,1
2022,13,Budapest,ALO,Alpine,6.0,77.904,0.527000000000001,1
2022,13,Budapest,HAM,Mercedes,7.0,78.035,0.6580000000000013,1
2022,13,Budapest,BOT,Alfa Romeo,8.0,78.157,0.7800000000000011,1
2022,13,Budapest,RIC,McLaren,9.0,78.198,0.820999999999998,1
2022,13,Budapest,VER,Red Bull Racing,10.0,77.703,0.3260000000000076,1
2022,13,Budapest,PER,Red Bull Racing,11.0,78.516,1.13900000000001,1
2022,13,Budapest,ZHO,Alfa Romeo,12.0,78.573,1.195999999999998,1
2022,13,Budapest,MAG,Haas F1 Team,13.0,78.825,1.4480000000000075,1
2022,13,Budapest,STR,Aston Martin,14.0,79.137,1.7600000000000051,1
2022,13,Budapest,MSC,Haas F1 Team,15.0,79.164,1.7870000000000061,1
2022,13,Budapest,TSU,AlphaTauri,16.0,79.24,1.8629999999999995,1
2022,13,Budapest,ALB,Williams,17.0,79.256,1.8790000000000049,1
2022,13,Budapest,VET,Aston Martin,18.0,79.273,1.8960000000000008,1
2022,13,Budapest,GAS,AlphaTauri,19.0,79.116,1.7390000000000043,1
2022,13,Budapest,LAT,Williams,20.0,79.57,2.192999999999998,1
2022,14,Spa-Francorchamps,VER,Red Bull Racing,1.0,103.665,0.0,1
2022,14,Spa-Francorchamps,SAI,Ferrari,2.0,104.297,0.6319999999999908,1
2022,14,Spa-Francorchamps,PER,Red Bull Racing,3.0,104.462,0.796999999999997,1
2022,14,Spa-Francorchamps,LEC,Ferrari,4.0,104.551,0.8859999999999957,1
2022,14,Spa-Francorchamps,OCO,Alpine,5.0,105.18,1.5150000000000006,1
2022,14,Spa-Francorchamps,ALO,Alpine,6.0,105.368,1.7029999999999887,1
2022,14,Spa-Francorchamps,HAM,Mercedes,7.0,105.42,1.7549999999999955,1
2022,14,Spa-Francorchamps,RUS,Mercedes,8.0,105.461,1.7959999999999923,1
2022,14,Spa-Francorchamps,ALB,Williams,9.0,105.672,2.006999999999991,1
2022,14,Spa-Francorchamps,NOR,McLaren,10.0,105.603,1.9379999999999882,1
2022,14,Spa-Francorchamps,RIC,McLaren,11.0,105.767,2.1019999999999897,1
2022,14,Spa-Francorchamps,GAS,AlphaTauri,12.0,105.827,2.161999999999992,1
2022,14,Spa-Francorchamps,ZHO,Alfa Romeo,13.0,106.085,2.4199999999999875,1
2022,14,Spa-Francorchamps,STR,Aston Martin,14.0,106.256,2.590999999999994,1
2022,14,Spa-Francorchamps,MSC,Haas F1 Team,15.0,106.342,2.6769999999999925,1
2022,14,Spa-Francorchamps,VET,Aston Martin,16.0,106.344,2.678999999999988,1
2022,14,Spa-Francorchamps,LAT,Williams,17.0,106.401,2.73599999999999,1
2022,14,Spa-Francorchamps,MAG,Haas F1 Team,18.0,106.557,2.891999999999996,1
2022,14,Spa-Francorchamps,TSU,AlphaTauri,19.0,106.692,3.026999999999987,1
2022,14,Spa-Francorchamps,BOT,Alfa Romeo,20.0,107.866,4.200999999999993,1
2022,15,Zandvoort,VER,Red Bull Racing,1.0,70.342,0.0,1
2022,15,Zandvoort,LEC,Ferrari,2.0,70.363,0.021000000000000796,1
2022,15,Zandvoort,SAI,Ferrari,3.0,70.434,0.09199999999999875,1
2022,15,Zandvoort,HAM,Mercedes,4.0,70.648,0.3059999999999974,1
2022,15,Zandvoort,PER,Red Bull Racing,5.0,71.077,0.7349999999999994,1
2022,15,Zandvoort,RUS,Mercedes,6.0,70.824,0.4819999999999993,1
2022,15,Zandvoort,NOR,McLaren,7.0,71.116,0.7740000000000009,1
2022,15,Zandvoort,MSC,Haas F1 Team,8.0,71.42,1.078000000000003,1
2022,15,Zandvoort,TSU,AlphaTauri,9.0,71.427,1.085000000000008,1
2022,15,Zandvoort,STR,Aston Martin,10.0,71.416,1.073999999999998,1
2022,15,Zandvoort,GAS,AlphaTauri,11.0,71.512,1.1700000000000017,1
2022,15,Zandvoort,OCO,Alpine,12.0,71.605,1.2630000000000052,1
2022,15,Zandvoort,ALO,Alpine,13.0,71.613,1.2710000000000008,1
2022,15,Zandvoort,ZHO,Alfa Romeo,14.0,71.704,1.3619999999999948,1
2022,15,Zandvoort,ALB,Williams,15.0,71.695,1.3529999999999944,1
2022,15,Zandvoort,BOT,Alfa Romeo,16.0,71.961,1.6189999999999998,1
2022,15,Zandvoort,RIC,McLaren,17.0,72.081,1.7390000000000043,1
2022,15,Zandvoort,MAG,Haas F1 Team,18.0,72.041,1.698999999999998,1
2022,15,Zandvoort,VET,Aston Martin,19.0,72.391,2.0490000000000066,1
2022,15,Zandvoort,LAT,Williams,20.0,73.353,3.0109999999999957,1
2022,16,Monza,LEC,Ferrari,1.0,80.161,0.0,1
2022,16,Monza,VER,Red Bull Racing,2.0,80.306,0.14499999999999602,1
2022,16,Monza,SAI,Ferrari,3.0,80.429,0.2680000000000007,1
2022,16,Monza,PER,Red Bull Racing,4.0,81.206,1.0450000000000017,1
2022,16,Monza,HAM,Mercedes,5.0,81.524,1.3629999999999995,1
2022,16,Monza,RUS,Mercedes,6.0,81.542,1.3810000000000002,1
2022,16,Monza,NOR,McLaren,7.0,81.584,1.4230000000000018,1
2022,16,Monza,RIC,McLaren,8.0,81.855,1.6940000000000026,1
2022,16,Monza,GAS,AlphaTauri,9.0,81.91,1.7489999999999952,1
2022,16,Monza,ALO,Alpine,10.0,81.829,1.6679999999999922,1
2022,16,Monza,OCO,Alpine,11.0,82.13,1.968999999999994,1
2022,16,Monza,BOT,Alfa Romeo,12.0,82.235,2.073999999999998,1
2022,16,Monza,DEV,Williams,13.0,82.176,2.0150000000000006,1
2022,16,Monza,ZHO,Alfa Romeo,14.0,82.003,1.8419999999999987,1
2022,16,Monza,TSU,AlphaTauri,15.0,82.02,1.8589999999999947,1
2022,16,Monza,LAT,Williams,16.0,82.587,2.426000000000002,1
2022,16,Monza,VET,Aston Martin,17.0,82.636,2.4749999999999943,1
2022,16,Monza,STR,Aston Martin,18.0,82.748,2.5870000000000033,1
2022,16,Monza,MAG,Haas F1 Team,19.0,82.399,2.2379999999999995,1
2022,16,Monza,MSC,Haas F1 Team,20.0,83.005,2.843999999999994,1
2022,17,Marina Bay,LEC,Ferrari,1.0,109.412,0.0,1
2022,17,Marina Bay,PER,Red Bull Racing,2.0,109.434,0.02199999999999136,1
2022,17,Marina Bay,HAM,Mercedes,3.0,109.466,0.053999999999987836,1
2022,17,Marina Bay,SAI,Ferrari,4.0,109.583,0.17099999999999227,1
2022,17,Marina Bay,ALO,Alpine,5.0,109.966,0.5539999999999878,1
2022,17,Marina Bay,NOR,McLaren,6.0,110.584,1.171999999999997,1
2022,17,Marina Bay,GAS,AlphaTauri,7.0,111.211,1.7989999999999924,1
2022,17,Marina Bay,VER,Red Bull Racing,8.0,111.395,1.9829999999999899,1
2022,17,Marina Bay,MAG,Haas F1 Team,9.0,111.573,2.160999999999987,1
2022,17,Marina Bay,TSU,AlphaTauri,10.0,111.983,2.570999999999998,1
2022,17,Marina Bay,RUS,Mercedes,11.0,114.012,4.599999999999994,1
2022,17,Marina Bay,STR,Aston Martin,12.0,114.211,4.798999999999992,1
2022,17,Marina Bay,MSC,Haas F1 Team,13.0,114.37,4.957999999999998,1
2022,17,Marina Bay,VET,Aston Martin,14.0,114.38,4.967999999999989,1
2022,17,Marina Bay,ZHO,Alfa Romeo,15.0,115.375,5.962999999999994,1
2022,17,Marina Bay,BOT,Alfa Romeo,16.0,116.083,6.670999999999992,1
2022,17,Marina Bay,RIC,McLaren,17.0,116.226,6.813999999999993,1
2022,17,Marina Bay,OCO,Alpine,18.0,116.337,6.924999999999997,1
2022,17,Marina Bay,ALB,Williams,19.0,116.985,7.572999999999993,1
2022,17,Marina Bay,LAT,Williams,20.0,117.532,8.11999999999999,1
2022,18,Suzuka,VER,Red Bull Racing,1.0,89.304,0.0,1
2022,18,Suzuka,LEC,Ferrari,2.0,89.314,0.009999999999990905,1
2022,18,Suzuka,SAI,Ferrari,3.0,89.361,0.05700000000000216,1
2022,18,Suzuka,PER,Red Bull Racing,4.0,89.709,0.40500000000000114,1
2022,18,Suzuka,OCO,Alpine,5.0,90.165,0.8610000000000042,1
2022,18,Suzuka,HAM,Mercedes,6.0,90.261,0.9569999999999936,1
2022,18,Suzuka,ALO,Alpine,7.0,90.322,1.0180000000000007,1
2022,18,Suzuka,RUS,Mercedes,8.0,90.389,1.0849999999999937,1
2022,18,Suzuka,VET,Aston Martin,9.0,90.554,1.25,1
2022,18,Suzuka,NOR,McLaren,10.0,90.473,1.168999999999997,1
2022,18,Suzuka,RIC,McLaren,11.0,90.659,1.355000000000004,1
2022,18,Suzuka,BOT,Alfa Romeo,12.0,90.709,1.4050000000000011,1
2022,18,Suzuka,TSU,AlphaTauri,13.0,90.808,1.5040000000000049,1
2022,18,Suzuka,ZHO,Alfa Romeo,14.0,90.894,1.5900000000000034,1
2022,18,Suzuka,MSC,Haas F1 Team,15.0,91.152,1.847999999999999,1
2022,18,Suzuka,ALB,Williams,16.0,91.311,2.007000000000005,1
2022,18,Suzuka,GAS,AlphaTauri,17.0,91.322,2.0180000000000007,1
2022,18,Suzuka,MAG,Haas F1 Team,18.0,91.352,2.048000000000002,1
2022,18,Suzuka,STR,Aston Martin,19.0,91.419,2.114999999999995,1
2022,18,Suzuka,LAT,Williams,20.0,91.511,2.2069999999999936,1
2022,19,Austin,SAI,Ferrari,1.0,94.356,0.0,1
2022,19,Austin,LEC,Ferrari,2.0,94.421,0.06500000000001194,1
2022,19,Austin,VER,Red Bull Racing,3.0,94.448,0.09199999999999875,1
2022,19,Austin,PER,Red Bull Racing,4.0,94.645,0.2890000000000015,1
2022,19,Austin,HAM,Mercedes,5.0,94.947,0.5910000000000082,1
2022,19,Austin,RUS,Mercedes,6.0,94.988,0.632000000000005,1
2022,19,Austin,STR,Aston Martin,7.0,95.598,1.2420000000000044,1
2022,19,Austin,NOR,McLaren,8.0,95.69,1.3340000000000032,1
2022,19,Austin,ALO,Alpine,9.0,95.876,1.5200000000000102,1
2022,19,Austin,BOT,Alfa Romeo,10.0,96.319,1.963000000000008,1
2022,19,Austin,ALB,Williams,11.0,96.368,2.0120000000000005,1
2022,19,Austin,VET,Aston Martin,12.0,96.398,2.0420000000000016,1
2022,19,Austin,GAS,AlphaTauri,13.0,96.577,2.2210000000000036,1
2022,19,Austin,ZHO,Alfa Romeo,14.0,96.196,1.8400000000000034,1
2022,19,Austin,TSU,AlphaTauri,15.0,96.439,2.0829999999999984,1
2022,19,Austin,MAG,Haas F1 Team,16.0,96.949,2.5930000000000035,1
2022,19,Austin,RIC,McLaren,17.0,97.046,2.690000000000012,1
2022,19,Austin,OCO,Alpine,18.0,97.068,2.7120000000000033,1
2022,19,Austin,MSC,Haas F1 Team,19.0,97.111,2.7550000000000097,1
2022,19,Austin,LAT,Williams,20.0,97.244,2.8880000000000052,1
2022,20,Mexico City,VER,Red Bull Racing,1.0,77.775,0.0,1
2022,20,Mexico City,RUS,Mercedes,2.0,78.079,0.30399999999998784,1
2022,20,Mexico City,HAM,Mercedes,3.0,78.084,0.3089999999999975,1
2022,20,Mexico City,PER,Red Bull Racing,4.0,78.128,0.35299999999999443,1
2022,20,Mexico City,SAI,Ferrari,5.0,78.351,0.5759999999999934,1
2022,20,Mexico City,BOT,Alfa Romeo,6.0,78.401,0.6259999999999906,1
2022,20,Mexico City,LEC,Ferrari,7.0,78.555,0.7800000000000011,1
2022,20,Mexico City,NOR,McLaren,8.0,78.721,0.945999999999998,1
2022,20,Mexico City,ALO,Alpine,9.0,78.939,1.1639999999999873,1
2022,20,Mexico City,OCO,Alpine,10.0,79.01,1.2349999999999994,1
2022,20,Mexico City,RIC,McLaren,11.0,79.325,1.5499999999999972,1
2022,20,Mexico City,ZHO,Alfa Romeo,12.0,79.476,1.7009999999999934,1
2022,20,Mexico City,TSU,AlphaTauri,13.0,79.589,1.813999999999993,1
2022,20,Mexico City,GAS,AlphaTauri,14.0,79.672,1.8969999999999914,1
2022,20,Mexico City,MAG,Haas F1 Team,15.0,79.833,2.0579999999999927,1
2022,20,Mexico City,MSC,Haas F1 Team,16.0,79.695,1.9199999999999875,1
2022,20,Mexico City,VET,Aston Martin,17.0,80.419,2.6439999999999912,1
2022,20,Mexico City,STR,Aston Martin,18.0,80.52,2.7449999999999903,1
2022,20,Mexico City,ALB,Williams,19.0,80.859,3.083999999999989,1
2022,20,Mexico City,LAT,Williams,20.0,81.167,3.391999999999996,1
2022,21,São Paulo,MAG,Haas F1 Team,1.0,71.41,0.5289999999999964,0
2022,21,São Paulo,VER,Red Bull Racing,2.0,70.881,0.0,0
2022,21,São Paulo,RUS,Mercedes,3.0,71.318,0.4369999999999976,0
2022,21,São Paulo,NOR,McLaren,4.0,71.377,0.4959999999999951,0
2022,21,São Paulo,SAI,Ferrari,5.0,70.89,0.009000000000000341,0
2022,21,São Paulo,OCO,Alpine,6.0,71.587,0.7060000000000031,0
2022,21,São Paulo,ALO,Alpine,7.0,71.394,0.5130000000000052,0
2022,21,São Paulo,HAM,Mercedes,8.0,71.539,0.6580000000000013,0
2022,21,São Paulo,PER,Red Bull Racing,9.0,71.456,0.5750000000000028,0
2022,21,São Paulo,LEC,Ferrari,10.0,70.95,0.06900000000000261,0
2022,21,São Paulo,ALB,Williams,11.0,71.631,0.75,0
2022,21,São Paulo,GAS,AlphaTauri,12.0,71.675,0.7939999999999969,0
2022,21,São Paulo,VET,Aston Martin,13.0,71.678,0.796999999999997,0
2022,21,São Paulo,RIC,McLaren,14.0,72.14,1.2590000000000003,0
2022,21,São Paulo,STR,Aston Martin,15.0,72.21,1.3289999999999935,0
2022,21,São Paulo,LAT,Williams,16.0,75.095,4.213999999999999,0
2022,21,São Paulo,ZHO,Alfa Romeo,17.0,75.197,4.3160000000000025,0
2022,21,São Paulo,BOT,Alfa Romeo,18.0,75.486,4.605000000000004,0
2022,21,São Paulo,TSU,AlphaTauri,19.0,76.264,5.382999999999996,0
2022,21,São Paulo,MSC,Haas F1 Team,20.0,76.361,5.480000000000004,0
2022,22,Yas Island,VER,Red Bull Racing,1.0,83.824,0.0,1
2022,22,Yas Island,PER,Red Bull Racing,2.0,84.052,0.22800000000000864,1
2022,22,Yas Island,LEC,Ferrari,3.0,84.092,0.2680000000000007,1
2022,22,Yas Island,SAI,Ferrari,4.0,84.242,0.41800000000000637,1
2022,22,Yas Island,HAM,Mercedes,5.0,84.508,0.6839999999999975,1
2022,22,Yas Island,RUS,Mercedes,6.0,84.511,0.6869999999999976,1
2022,22,Yas Island,NOR,McLaren,7.0,84.769,0.9450000000000074,1
2022,22,Yas Island,OCO,Alpine,8.0,84.83,1.0060000000000002,1
2022,22,Yas Island,VET,Aston Martin,9.0,84.961,1.1370000000000005,1
2022,22,Yas Island,RIC,McLaren,10.0,85.045,1.2210000000000036,1
2022,22,Yas Island,ALO,Alpine,11.0,85.096,1.2720000000000056,1
2022,22,Yas Island,TSU,AlphaTauri,12.0,85.219,1.394999999999996,1
2022,22,Yas Island,MSC,Haas F1 Team,13.0,85.225,1.4009999999999962,1
2022,22,Yas Island,STR,Aston Martin,14.0,85.359,1.5349999999999966,1
2022,22,Yas Island,ZHO,Alfa Romeo,15.0,85.408,1.5840000000000032,1
2022,22,Yas Island,MAG,Haas F1 Team,16.0,85.834,2.010000000000005,1
2022,22,Yas Island,GAS,AlphaTauri,17.0,85.859,2.0349999999999966,1
2022,22,Yas Island,BOT,Alfa Romeo,18.0,85.892,2.067999999999998,1
2022,22,Yas Island,ALB,Williams,19.0,86.028,2.2040000000000077,1
2022,22,Yas Island,LAT,Williams,20.0,86.054,2.230000000000004,1
2023,1,Sakhir,VER,Red Bull Racing,1.0,89.708,0.0,1
2023,1,Sakhir,PER,Red Bull Racing,2.0,89.846,0.13800000000000523,1
2023,1,Sakhir,LEC,Ferrari,3.0,90.0,0.2920000000000016,1
2023,1,Sakhir,SAI,Ferrari,4.0,90.154,0.44599999999999795,1
2023,1,Sakhir,ALO,Aston Martin,5.0,90.336,0.6280000000000001,1
2023,1,Sakhir,RUS,Mercedes,6.0,90.34,0.632000000000005,1
2023,1,Sakhir,HAM,Mercedes,7.0,90.384,0.6760000000000019,1
2023,1,Sakhir,STR,Aston Martin,8.0,90.836,1.1280000000000001,1
2023,1,Sakhir,OCO,Alpine,9.0,90.914,1.206000000000003,1
2023,1,Sakhir,HUL,Haas F1 Team,10.0,90.809,1.100999999999999,1
2023,1,Sakhir,NOR,McLaren,11.0,91.381,1.6730000000000018,1
2023,1,Sakhir,BOT,Alfa Romeo,12.0,91.443,1.7349999999999994,1
2023,1,Sakhir,ZHO,Alfa Romeo,13.0,91.473,1.7650000000000006,1
2023,1,Sakhir,TSU,AlphaTauri,14.0,91.4,1.6920000000000073,1
2023,1,Sakhir,ALB,Williams,15.0,91.461,1.7530000000000001,1
2023,1,Sakhir,SAR,Williams,16.0,91.652,1.9440000000000026,1
2023,1,Sakhir,MAG,Haas F1 Team,17.0,91.892,2.1839999999999975,1
2023,1,Sakhir,PIA,McLaren,18.0,92.101,2.3930000000000007,1
2023,1,Sakhir,DEV,AlphaTauri,19.0,92.121,2.4129999999999967,1
2023,1,Sakhir,GAS,Alpine,20.0,91.818,2.1099999999999994,1
2023,2,Jeddah,PER,Red Bull Racing,1.0,88.265,0.0,1
2023,2,Jeddah,LEC,Ferrari,2.0,88.42,0.15500000000000114,1
2023,2,Jeddah,ALO,Aston Martin,3.0,88.73,0.4650000000000034,1
2023,2,Jeddah,RUS,Mercedes,4.0,88.857,0.5919999999999987,1
2023,2,Jeddah,SAI,Ferrari,5.0,88.931,0.6659999999999968,1
2023,2,Jeddah,STR,Aston Martin,6.0,88.945,0.6799999999999926,1
2023,2,Jeddah,OCO,Alpine,7.0,89.078,0.8130000000000024,1
2023,2,Jeddah,HAM,Mercedes,8.0,89.223,0.9579999999999984,1
2023,2,Jeddah,PIA,McLaren,9.0,89.243,0.9779999999999944,1
2023,2,Jeddah,GAS,Alpine,10.0,89.357,1.0919999999999987,1
2023,2,Jeddah,HUL,Haas F1 Team,11.0,89.451,1.1859999999999928,1
2023,2,Jeddah,ZHO,Alfa Romeo,12.0,89.461,1.195999999999998,1
2023,2,Jeddah,MAG,Haas F1 Team,13.0,89.517,1.2519999999999953,1
2023,2,Jeddah,BOT,Alfa Romeo,14.0,89.668,1.4030000000000058,1
2023,2,Jeddah,VER,Red Bull Racing,15.0,88.761,0.4959999999999951,1
2023,2,Jeddah,TSU,AlphaTauri,16.0,89.939,1.6739999999999924,1
2023,2,Jeddah,ALB,Williams,17.0,89.994,1.7289999999999992,1
2023,2,Jeddah,DEV,AlphaTauri,18.0,90.244,1.9789999999999992,1
2023,2,Jeddah,NOR,McLaren,19.0,90.447,2.182000000000002,1
2023,2,Jeddah,SAR,Williams,20.0,89.721,1.456000000000003,1
2023,3,Melbourne,VER,Red Bull Racing,1.0,76.732,0.0,0
2023,3,Melbourne,RUS,Mercedes,2.0,76.968,0.2360000000000042,0
2023,3,Melbourne,HAM,Mercedes,3.0,77.104,0.3719999999999999,0
2023,3,Melbourne,ALO,Aston Martin,4.0,77.139,0.4069999999999965,0
2023,3,Melbourne,SAI,Ferrari,5.0,77.27,0.5379999999999967,0
2023,3,Melbourne,STR,Aston Martin,6.0,77.308,0.5760000000000076,0
2023,3,Melbourne,LEC,Ferrari,7.0,77.369,0.6370000000000005,0
2023,3,Melbourne,ALB,Williams,8.0,77.609,0.8769999999999953,0
2023,3,Melbourne,GAS,Alpine,9.0,77.574,0.8419999999999987,0
2023,3,Melbourne,HUL,Haas F1 Team,10.0,77.412,0.6800000000000068,0
2023,3,Melbourne,OCO,Alpine,11.0,77.768,1.0360000000000014,0
2023,3,Melbourne,TSU,AlphaTauri,12.0,78.099,1.3670000000000044,0
2023,3,Melbourne,NOR,McLaren,13.0,78.119,1.3870000000000005,0
2023,3,Melbourne,MAG,Haas F1 Team,14.0,78.129,1.3970000000000056,0
2023,3,Melbourne,DEV,AlphaTauri,15.0,78.335,1.6029999999999944,0
2023,3,Melbourne,PIA,McLaren,16.0,78.517,1.7849999999999966,0
2023,3,Melbourne,ZHO,Alfa Romeo,17.0,78.54,1.808000000000007,0
2023,3,Melbourne,SAR,Williams,18.0,78.557,1.8250000000000028,0
2023,3,Melbourne,BOT,Alfa Romeo,19.0,78.714,1.9819999999999993,0
2023,3,Melbourne,PER,Red Bull Racing,20.0,100.187,23.455,0
2023,4,Baku,LEC,Ferrari,1.0,100.203,0.0,1
2023,4,Baku,VER,Red Bull Racing,2.0,100.391,0.1880000000000024,1
2023,4,Baku,PER,Red Bull Racing,3.0,100.495,0.2920000000000016,1
2023,4,Baku,SAI,Ferrari,4.0,101.016,0.8130000000000024,1
2023,4,Baku,HAM,Mercedes,5.0,101.177,0.9740000000000038,1
2023,4,Baku,ALO,Aston Martin,6.0,101.253,1.0499999999999972,1
2023,4,Baku,NOR,McLaren,7.0,101.281,1.078000000000003,1
2023,4,Baku,TSU,AlphaTauri,8.0,101.569,1.3659999999999997,1
2023,4,Baku,STR,Aston Martin,9.0,101.576,1.3729999999999905,1
2023,4,Baku,PIA,McLaren,10.0,101.611,1.4080000000000013,1
2023,4,Baku,RUS,Mercedes,11.0,101.654,1.4509999999999934,1
2023,4,Baku,OCO,Alpine,12.0,101.798,1.5949999999999989,1
2023,4,Baku,ALB,Williams,13.0,101.818,1.6149999999999949,1
2023,4,Baku,BOT,Alfa Romeo,14.0,102.259,2.0559999999999974,1
2023,4,Baku,SAR,Williams,15.0,102.242,2.0390000000000015,1
2023,4,Baku,ZHO,Alfa Romeo,16.0,102.642,2.438999999999993,1
2023,4,Baku,HUL,Haas F1 Team,17.0,102.755,2.5519999999999925,1
2023,4,Baku,MAG,Haas F1 Team,18.0,103.417,3.2139999999999986,1
2023,4,Baku,GAS,Alpine,19.0,104.853,4.6499999999999915,1
2023,4,Baku,DEV,AlphaTauri,20.0,115.282,15.078999999999994,1
2023,5,Miami,PER,Red Bull Racing,1.0,86.841,0.027000000000001023,1
2023,5,Miami,ALO,Aston Martin,2.0,87.097,0.28300000000000125,1
2023,5,Miami,SAI,Ferrari,3.0,87.148,0.3340000000000032,1
2023,5,Miami,MAG,Haas F1 Team,4.0,87.673,0.8590000000000089,1
2023,5,Miami,GAS,Alpine,5.0,87.612,0.7980000000000018,1
2023,5,Miami,RUS,Mercedes,6.0,87.743,0.929000000000002,1
2023,5,Miami,LEC,Ferrari,7.0,86.964,0.15000000000000568,1
2023,5,Miami,OCO,Alpine,8.0,87.444,0.6300000000000097,1
2023,5,Miami,VER,Red Bull Racing,9.0,86.814,0.0,1
2023,5,Miami,BOT,Alfa Romeo,10.0,87.564,0.75,1
2023,5,Miami,ALB,Williams,11.0,87.795,0.9810000000000088,1
2023,5,Miami,HUL,Haas F1 Team,12.0,87.903,1.0890000000000128,1
2023,5,Miami,HAM,Mercedes,13.0,87.846,1.0320000000000107,1
2023,5,Miami,ZHO,Alfa Romeo,14.0,88.091,1.277000000000001,1
2023,5,Miami,DEV,AlphaTauri,15.0,88.325,1.51100000000001,1
2023,5,Miami,NOR,McLaren,16.0,88.394,1.5800000000000125,1
2023,5,Miami,TSU,AlphaTauri,17.0,88.429,1.615000000000009,1
2023,5,Miami,STR,Aston Martin,18.0,88.476,1.6620000000000061,1
2023,5,Miami,PIA,McLaren,19.0,88.484,1.6700000000000017,1
2023,5,Miami,SAR,Williams,20.0,88.577,1.7630000000000052,1
2023,6,Monaco,VER,Red Bull Racing,1.0,71.365,0.0,1
2023,6,Monaco,ALO,Aston Martin,2.0,71.449,0.08400000000000318,1
2023,6,Monaco,LEC,Ferrari,3.0,71.471,0.10600000000000875,1
2023,6,Monaco,OCO,Alpine,4.0,71.553,0.1880000000000024,1
2023,6,Monaco,SAI,Ferrari,5.0,71.63,0.26500000000000057,1
2023,6,Monaco,HAM,Mercedes,6.0,71.725,0.35999999999999943,1
2023,6,Monaco,GAS,Alpine,7.0,71.933,0.568000000000012,1
2023,6,Monaco,RUS,Mercedes,8.0,71.964,0.5990000000000038,1
2023,6,Monaco,TSU,AlphaTauri,9.0,72.082,0.7169999999999987,1
2023,6,Monaco,NOR,McLaren,10.0,72.254,0.88900000000001,1
2023,6,Monaco,PIA,McLaren,11.0,72.395,1.0300000000000011,1
2023,6,Monaco,DEV,AlphaTauri,12.0,72.428,1.0630000000000024,1
2023,6,Monaco,ALB,Williams,13.0,72.527,1.1620000000000061,1
2023,6,Monaco,STR,Aston Martin,14.0,72.623,1.2580000000000098,1
2023,6,Monaco,BOT,Alfa Romeo,15.0,72.625,1.2600000000000051,1
2023,6,Monaco,SAR,Williams,16.0,73.113,1.7480000000000047,1
2023,6,Monaco,MAG,Haas F1 Team,17.0,73.27,1.9050000000000011,1
2023,6,Monaco,HUL,Haas F1 Team,18.0,73.279,1.9140000000000015,1
2023,6,Monaco,ZHO,Alfa Romeo,19.0,73.523,2.1580000000000013,1
2023,6,Monaco,PER,Red Bull Racing,20.0,73.85,2.4849999999999994,1
2023,7,Barcelona,VER,Red Bull Racing,1.0,72.272,0.0,0
2023,7,Barcelona,SAI,Ferrari,2.0,72.734,0.4619999999999891,0
2023,7,Barcelona,NOR,McLaren,3.0,72.776,0.5039999999999907,0
2023,7,Barcelona,GAS,Alpine,4.0,72.816,0.5439999999999969,0
2023,7,Barcelona,HAM,Mercedes,5.0,72.818,0.5459999999999923,0
2023,7,Barcelona,STR,Aston Martin,6.0,72.994,0.7219999999999942,0
2023,7,Barcelona,OCO,Alpine,7.0,73.001,0.7289999999999992,0
2023,7,Barcelona,HUL,Haas F1 Team,8.0,73.229,0.9569999999999936,0
2023,7,Barcelona,ALO,Aston Martin,9.0,73.098,0.8259999999999934,0
2023,7,Barcelona,PIA,McLaren,10.0,73.059,0.7869999999999919,0
2023,7,Barcelona,PER,Red Bull Racing,11.0,73.334,1.0619999999999976,0
2023,7,Barcelona,RUS,Mercedes,12.0,73.326,1.0539999999999878,0
2023,7,Barcelona,ZHO,Alfa Romeo,13.0,73.521,1.2489999999999952,0
2023,7,Barcelona,DEV,AlphaTauri,14.0,73.581,1.3089999999999975,0
2023,7,Barcelona,TSU,AlphaTauri,15.0,73.316,1.043999999999997,0
2023,7,Barcelona,BOT,Alfa Romeo,16.0,73.977,1.7049999999999983,0
2023,7,Barcelona,MAG,Haas F1 Team,17.0,74.042,1.769999999999996,0
2023,7,Barcelona,ALB,Williams,18.0,74.063,1.7909999999999968,0
2023,7,Barcelona,LEC,Ferrari,19.0,74.079,1.806999999999988,0
2023,7,Barcelona,SAR,Williams,20.0,74.699,2.4269999999999925,0
2023,8,Montréal,VER,Red Bull Racing,1.0,79.092,0.36700000000000443,0
2023,8,Montréal,HUL,Haas F1 Team,2.0,80.305,1.5800000000000125,0
2023,8,Montréal,ALO,Aston Martin,3.0,79.776,1.051000000000002,0
2023,8,Montréal,HAM,Mercedes,4.0,80.426,1.7010000000000076,0
2023,8,Montréal,RUS,Mercedes,5.0,80.098,1.3730000000000047,0
2023,8,Montréal,OCO,Alpine,6.0,80.406,1.6810000000000116,0
2023,8,Montréal,NOR,McLaren,7.0,79.347,0.6219999999999999,0
2023,8,Montréal,SAI,Ferrari,8.0,79.856,1.1310000000000002,0
2023,8,Montréal,PIA,McLaren,9.0,79.659,0.9340000000000117,0
2023,8,Montréal,ALB,Williams,10.0,78.725,0.0,0
2023,8,Montréal,LEC,Ferrari,11.0,80.615,1.8900000000000006,0
2023,8,Montréal,PER,Red Bull Racing,12.0,80.959,2.234000000000009,0
2023,8,Montréal,STR,Aston Martin,13.0,81.484,2.7590000000000003,0
2023,8,Montréal,MAG,Haas F1 Team,14.0,81.678,2.953000000000003,0
2023,8,Montréal,BOT,Alfa Romeo,15.0,81.821,3.0960000000000036,0
2023,8,Montréal,TSU,AlphaTauri,16.0,82.746,4.021000000000001,0
2023,8,Montréal,GAS,Alpine,17.0,82.886,4.161000000000001,0
2023,8,Montréal,DEV,AlphaTauri,18.0,83.137,4.412000000000006,0
2023,8,Montréal,SAR,Williams,19.0,83.337,4.612000000000009,0
2023,8,Montréal,ZHO,Alfa Romeo,20.0,83.342,4.617000000000004,0
2023,9,Spielberg,VER,Red Bull Racing,1.0,64.391,0.0,1
2023,9,Spielberg,LEC,Ferrari,2.0,64.439,0.04799999999998761,1
2023,9,Spielberg,SAI,Ferrari,3.0,64.581,0.18999999999999773,1
2023,9,Spielberg,NOR,McLaren,4.0,64.658,0.2669999999999959,1
2023,9,Spielberg,HAM,Mercedes,5.0,64.819,0.42799999999999727,1
2023,9,Spielberg,STR,Aston Martin,6.0,64.893,0.5019999999999953,1
2023,9,Spielberg,ALO,Aston Martin,7.0,64.911,0.519999999999996,1
2023,9,Spielberg,HUL,Haas F1 Team,8.0,65.09,0.6989999999999981,1
2023,9,Spielberg,GAS,Alpine,9.0,65.084,0.6929999999999978,1
2023,9,Spielberg,ALB,Williams,10.0,65.34,0.9489999999999981,1
2023,9,Spielberg,RUS,Mercedes,11.0,65.408,1.016999999999996,1
2023,9,Spielberg,OCO,Alpine,12.0,65.295,0.9039999999999964,1
2023,9,Spielberg,PIA,McLaren,13.0,65.213,0.8219999999999885,1
2023,9,Spielberg,BOT,Alfa Romeo,14.0,65.513,1.1219999999999999,1
2023,9,Spielberg,PER,Red Bull Racing,15.0,64.99,0.5989999999999895,1
2023,9,Spielberg,TSU,AlphaTauri,16.0,65.784,1.3930000000000007,1
2023,9,Spielberg,ZHO,Alfa Romeo,17.0,65.818,1.4269999999999925,1
2023,9,Spielberg,SAR,Williams,18.0,65.948,1.556999999999988,1
2023,9,Spielberg,MAG,Haas F1 Team,19.0,65.793,1.402000000000001,1
2023,9,Spielberg,DEV,AlphaTauri,20.0,65.974,1.5829999999999984,1
2023,10,Silverstone,VER,Red Bull Racing,1.0,86.72,0.0,0
2023,10,Silverstone,NOR,McLaren,2.0,86.961,0.24099999999999966,0
2023,10,Silverstone,PIA,McLaren,3.0,87.092,0.3719999999999999,0
2023,10,Silverstone,LEC,Ferrari,4.0,87.136,0.4159999999999968,0
2023,10,Silverstone,SAI,Ferrari,5.0,87.148,0.42799999999999727,0
2023,10,Silverstone,RUS,Mercedes,6.0,87.155,0.4350000000000023,0
2023,10,Silverstone,HAM,Mercedes,7.0,87.211,0.49099999999999966,0
2023,10,Silverstone,ALB,Williams,8.0,87.53,0.8100000000000023,0
2023,10,Silverstone,ALO,Aston Martin,9.0,87.659,0.9390000000000072,0
2023,10,Silverstone,GAS,Alpine,10.0,87.689,0.9689999999999941,0
2023,10,Silverstone,HUL,Haas F1 Team,11.0,88.896,2.176000000000002,0
2023,10,Silverstone,STR,Aston Martin,12.0,88.935,2.2150000000000034,0
2023,10,Silverstone,OCO,Alpine,13.0,88.956,2.236000000000004,0
2023,10,Silverstone,SAR,Williams,14.0,89.031,2.311000000000007,0
2023,10,Silverstone,BOT,Alfa Romeo,15.0,89.798,3.078000000000003,0
2023,10,Silverstone,PER,Red Bull Racing,15.0,89.968,3.2480000000000047,0
2023,10,Silverstone,TSU,AlphaTauri,16.0,90.025,3.305000000000007,0
2023,10,Silverstone,ZHO,Alfa Romeo,17.0,90.123,3.403000000000006,0
2023,10,Silverstone,DEV,AlphaTauri,18.0,90.513,3.7930000000000064,0
2023,10,Silverstone,MAG,Haas F1 Team,19.0,92.378,5.658000000000001,0
2023,11,Budapest,HAM,Mercedes,1.0,76.609,0.0,1
2023,11,Budapest,VER,Red Bull Racing,2.0,76.612,0.0030000000000001137,1
2023,11,Budapest,NOR,McLaren,3.0,76.694,0.08500000000000796,1
2023,11,Budapest,PIA,McLaren,4.0,76.905,0.2960000000000065,1
2023,11,Budapest,ZHO,Alfa Romeo,5.0,76.971,0.362000000000009,1
2023,11,Budapest,LEC,Ferrari,6.0,76.992,0.3830000000000098,1
2023,11,Budapest,BOT,Alfa Romeo,7.0,77.034,0.42500000000001137,1
2023,11,Budapest,ALO,Aston Martin,8.0,77.035,0.42600000000000193,1
2023,11,Budapest,PER,Red Bull Racing,9.0,77.045,0.43600000000000705,1
2023,11,Budapest,HUL,Haas F1 Team,10.0,77.186,0.5770000000000124,1
2023,11,Budapest,SAI,Ferrari,11.0,77.703,1.0940000000000083,1
2023,11,Budapest,OCO,Alpine,12.0,77.841,1.2319999999999993,1
2023,11,Budapest,RIC,AlphaTauri,13.0,78.002,1.3930000000000007,1
2023,11,Budapest,STR,Aston Martin,14.0,77.861,1.2520000000000095,1
2023,11,Budapest,GAS,Alpine,15.0,78.045,1.436000000000007,1
2023,11,Budapest,ALB,Williams,16.0,78.917,2.308000000000007,1
2023,11,Budapest,TSU,AlphaTauri,17.0,78.919,2.3100000000000023,1
2023,11,Budapest,RUS,Mercedes,18.0,79.027,2.4180000000000064,1
2023,11,Budapest,MAG,Haas F1 Team,19.0,79.206,2.5970000000000084,1
2023,11,Budapest,SAR,Williams,20.0,79.248,2.63900000000001,1
2023,12,Spa-Francorchamps,VER,Red Bull Racing,1.0,106.168,0.0,0
2023,12,Spa-Francorchamps,LEC,Ferrari,2.0,106.988,0.8199999999999932,0
2023,12,Spa-Francorchamps,PER,Red Bull Racing,3.0,107.045,0.8769999999999953,0
2023,12,Spa-Francorchamps,HAM,Mercedes,4.0,107.087,0.9189999999999969,0
2023,12,Spa-Francorchamps,SAI,Ferrari,5.0,107.152,0.9839999999999947,0
2023,12,Spa-Francorchamps,PIA,McLaren,6.0,107.365,1.1969999999999885,0
2023,12,Spa-Francorchamps,NOR,McLaren,7.0,107.669,1.5009999999999906,0
2023,12,Spa-Francorchamps,RUS,Mercedes,8.0,107.805,1.6370000000000005,0
2023,12,Spa-Francorchamps,ALO,Aston Martin,9.0,107.843,1.6749999999999972,0
2023,12,Spa-Francorchamps,STR,Aston Martin,10.0,108.841,2.6729999999999876,0
2023,12,Spa-Francorchamps,TSU,AlphaTauri,11.0,113.148,6.97999999999999,0
2023,12,Spa-Francorchamps,GAS,Alpine,12.0,113.671,7.503,0
2023,12,Spa-Francorchamps,MAG,Haas F1 Team,13.0,114.16,7.99199999999999,0
2023,12,Spa-Francorchamps,BOT,Alfa Romeo,14.0,114.694,8.525999999999996,0
2023,12,Spa-Francorchamps,OCO,Alpine,15.0,116.372,10.203999999999994,0
2023,12,Spa-Francorchamps,ALB,Williams,16.0,120.314,14.145999999999987,0
2023,12,Spa-Francorchamps,ZHO,Alfa Romeo,17.0,120.832,14.663999999999987,0
2023,12,Spa-Francorchamps,SAR,Williams,18.0,121.535,15.36699999999999,0
2023,12,Spa-Francorchamps,RIC,AlphaTauri,19.0,119.483,13.314999999999998,0
2023,12,Spa-Francorchamps,HUL,Haas F1 Team,20.0,123.166,16.99799999999999,0
2023,13,Zandvoort,VER,Red Bull Racing,1.0,70.567,0.0,0
2023,13,Zandvoort,NOR,McLaren,2.0,71.104,0.5370000000000061,0
2023,13,Zandvoort,RUS,Mercedes,3.0,71.294,0.7270000000000039,0
2023,13,Zandvoort,ALB,Williams,4.0,71.419,0.8520000000000039,0
2023,13,Zandvoort,ALO,Aston Martin,5.0,71.506,0.9390000000000072,0
2023,13,Zandvoort,SAI,Ferrari,6.0,71.754,1.1870000000000118,0
2023,13,Zandvoort,PER,Red Bull Racing,7.0,71.88,1.3130000000000024,0
2023,13,Zandvoort,PIA,McLaren,8.0,71.938,1.3710000000000093,0
2023,13,Zandvoort,LEC,Ferrari,9.0,72.665,2.098000000000013,0
2023,13,Zandvoort,SAR,Williams,10.0,76.748,6.181000000000012,0
2023,13,Zandvoort,STR,Aston Martin,11.0,80.121,9.554000000000002,0
2023,13,Zandvoort,GAS,Alpine,12.0,80.128,9.561000000000007,0
2023,13,Zandvoort,HAM,Mercedes,13.0,80.151,9.584000000000003,0
2023,13,Zandvoort,TSU,AlphaTauri,14.0,80.23,9.663000000000011,0
2023,13,Zandvoort,HUL,Haas F1 Team,15.0,80.25,9.683000000000007,0
2023,13,Zandvoort,ZHO,Alfa Romeo,16.0,82.067,11.5,0
2023,13,Zandvoort,OCO,Alpine,17.0,82.11,11.543000000000006,0
2023,13,Zandvoort,MAG,Haas F1 Team,18.0,82.192,11.625,0
2023,13,Zandvoort,BOT,Alfa Romeo,19.0,82.26,11.693000000000012,0
2023,13,Zandvoort,LAW,AlphaTauri,20.0,83.42,12.853000000000009,0
2023,14,Monza,SAI,Ferrari,1.0,80.294,0.0,1
2023,14,Monza,VER,Red Bull Racing,2.0,80.307,0.01300000000000523,1
2023,14,Monza,LEC,Ferrari,3.0,80.361,0.06700000000000728,1
2023,14,Monza,RUS,Mercedes,4.0,80.671,0.37700000000000955,1
2023,14,Monza,PER,Red Bull Racing,5.0,80.688,0.39400000000000546,1
2023,14,Monza,ALB,Williams,6.0,80.76,0.4660000000000082,1
2023,14,Monza,PIA,McLaren,7.0,80.785,0.49099999999999966,1
2023,14,Monza,HAM,Mercedes,8.0,80.82,0.5259999999999962,1
2023,14,Monza,NOR,McLaren,9.0,80.979,0.6850000000000023,1
2023,14,Monza,ALO,Aston Martin,10.0,81.417,1.1230000000000047,1
2023,14,Monza,TSU,AlphaTauri,11.0,81.594,1.2999999999999972,1
2023,14,Monza,LAW,AlphaTauri,12.0,81.758,1.4639999999999986,1
2023,14,Monza,HUL,Haas F1 Team,13.0,81.776,1.4819999999999993,1
2023,14,Monza,BOT,Alfa Romeo,14.0,81.94,1.6460000000000008,1
2023,14,Monza,SAR,Williams,15.0,81.93,1.63600000000001,1
2023,14,Monza,ZHO,Alfa Romeo,16.0,82.39,2.0960000000000036,1
2023,14,Monza,GAS,Alpine,17.0,82.545,2.2510000000000048,1
2023,14,Monza,OCO,Alpine,18.0,82.548,2.254000000000005,1
2023,14,Monza,MAG,Haas F1 Team,19.0,82.592,2.298000000000002,1
2023,14,Monza,STR,Aston Martin,20.0,82.86,2.5660000000000025,1
2023,15,Marina Bay,SAI,Ferrari,1.0,90.984,0.0,1
2023,15,Marina Bay,RUS,Mercedes,2.0,91.056,0.07200000000000273,1
2023,15,Marina Bay,LEC,Ferrari,3.0,91.063,0.07900000000000773,1
2023,15,Marina Bay,NOR,McLaren,4.0,91.27,0.28600000000000136,1
2023,15,Marina Bay,HAM,Mercedes,5.0,91.485,0.5010000000000048,1
2023,15,Marina Bay,MAG,Haas F1 Team,6.0,91.575,0.5910000000000082,1
2023,15,Marina Bay,ALO,Aston Martin,7.0,91.615,0.6310000000000002,1
2023,15,Marina Bay,OCO,Alpine,8.0,91.673,0.6890000000000072,1
2023,15,Marina Bay,HUL,Haas F1 Team,9.0,91.808,0.8240000000000123,1
2023,15,Marina Bay,LAW,AlphaTauri,10.0,92.166,1.1820000000000022,1
2023,15,Marina Bay,VER,Red Bull Racing,11.0,92.173,1.1890000000000072,1
2023,15,Marina Bay,GAS,Alpine,12.0,92.274,1.2900000000000063,1
2023,15,Marina Bay,PER,Red Bull Racing,13.0,92.099,1.115000000000009,1
2023,15,Marina Bay,ALB,Williams,14.0,92.668,1.6840000000000117,1
2023,15,Marina Bay,TSU,AlphaTauri,15.0,91.991,1.007000000000005,1
2023,15,Marina Bay,BOT,Alfa Romeo,16.0,92.809,1.8250000000000028,1
2023,15,Marina Bay,PIA,McLaren,17.0,92.902,1.9180000000000064,1
2023,15,Marina Bay,SAR,Williams,18.0,93.252,2.2680000000000007,1
2023,15,Marina Bay,ZHO,Alfa Romeo,19.0,93.258,2.274000000000001,1
2023,15,Marina Bay,STR,Aston Martin,20.0,93.397,2.413000000000011,1
2023,16,Suzuka,VER,Red Bull Racing,1.0,88.877,0.0,1
2023,16,Suzuka,PIA,McLaren,2.0,89.458,0.5810000000000031,1
2023,16,Suzuka,NOR,McLaren,3.0,89.493,0.6159999999999997,1
2023,16,Suzuka,LEC,Ferrari,4.0,89.542,0.6650000000000063,1
2023,16,Suzuka,PER,Red Bull Racing,5.0,89.65,0.7730000000000103,1
2023,16,Suzuka,SAI,Ferrari,6.0,89.85,0.972999999999999,1
2023,16,Suzuka,HAM,Mercedes,7.0,89.908,1.031000000000006,1
2023,16,Suzuka,RUS,Mercedes,8.0,90.219,1.3419999999999987,1
2023,16,Suzuka,TSU,AlphaTauri,9.0,90.204,1.3269999999999982,1
2023,16,Suzuka,ALO,Aston Martin,10.0,90.465,1.588000000000008,1
2023,16,Suzuka,LAW,AlphaTauri,11.0,90.425,1.5480000000000018,1
2023,16,Suzuka,GAS,Alpine,12.0,90.509,1.632000000000005,1
2023,16,Suzuka,ALB,Williams,13.0,90.537,1.6600000000000108,1
2023,16,Suzuka,OCO,Alpine,14.0,90.586,1.7090000000000032,1
2023,16,Suzuka,MAG,Haas F1 Team,15.0,90.665,1.788000000000011,1
2023,16,Suzuka,BOT,Alfa Romeo,16.0,91.049,2.1720000000000113,1
2023,16,Suzuka,STR,Aston Martin,17.0,91.181,2.304000000000002,1
2023,16,Suzuka,HUL,Haas F1 Team,18.0,91.299,2.4220000000000113,1
2023,16,Suzuka,ZHO,Alfa Romeo,19.0,91.379,2.5020000000000095,1
2023,16,Suzuka,SAR,Williams,20.0,,,1
2023,17,Lusail,VER,Red Bull Racing,1.0,83.778,0.0,1
2023,17,Lusail,RUS,Mercedes,2.0,84.219,0.4409999999999883,1
2023,17,Lusail,HAM,Mercedes,3.0,84.305,0.527000000000001,1
2023,17,Lusail,ALO,Aston Martin,4.0,84.369,0.590999999999994,1
2023,17,Lusail,LEC,Ferrari,5.0,84.424,0.6460000000000008,1
2023,17,Lusail,PIA,McLaren,6.0,84.228,0.44999999999998863,1
2023,17,Lusail,GAS,Alpine,7.0,84.553,0.7749999999999915,1
2023,17,Lusail,OCO,Alpine,8.0,84.763,0.9849999999999994,1
2023,17,Lusail,BOT,Alfa Romeo,9.0,85.058,1.2800000000000011,1
2023,17,Lusail,NOR,McLaren,10.0,84.074,0.29599999999999227,1
2023,17,Lusail,TSU,AlphaTauri,11.0,85.301,1.5229999999999961,1
2023,17,Lusail,SAI,Ferrari,12.0,85.328,1.5499999999999972,1
2023,17,Lusail,PER,Red Bull Racing,13.0,85.275,1.4969999999999999,1
2023,17,Lusail,ALB,Williams,14.0,85.707,1.9289999999999878,1
2023,17,Lusail,HUL,Haas F1 Team,15.0,85.547,1.7689999999999912,1
2023,17,Lusail,SAR,Williams,16.0,86.21,2.431999999999988,1
2023,17,Lusail,STR,Aston Martin,17.0,86.345,2.566999999999993,1
2023,17,Lusail,LAW,AlphaTauri,18.0,86.635,2.8569999999999993,1
2023,17,Lusail,MAG,Haas F1 Team,19.0,87.046,3.2680000000000007,1
2023,17,Lusail,ZHO,Alfa Romeo,20.0,87.432,3.6539999999999964,1
2023,18,Austin,LEC,Ferrari,1.0,94.723,0.0049999999999954525,1
2023,18,Austin,NOR,McLaren,2.0,94.853,0.1349999999999909,1
2023,18,Austin,HAM,Mercedes,3.0,94.862,0.14399999999999125,1
2023,18,Austin,SAI,Ferrari,4.0,94.945,0.22699999999998965,1
2023,18,Austin,RUS,Mercedes,5.0,95.079,0.36099999999999,1
2023,18,Austin,VER,Red Bull Racing,6.0,94.718,0.0,1
2023,18,Austin,GAS,Alpine,7.0,95.089,0.3709999999999951,1
2023,18,Austin,OCO,Alpine,8.0,95.154,0.43599999999999284,1
2023,18,Austin,PER,Red Bull Racing,9.0,95.173,0.4549999999999983,1
2023,18,Austin,PIA,McLaren,10.0,95.467,0.7489999999999952,1
2023,18,Austin,TSU,AlphaTauri,11.0,95.697,0.9789999999999992,1
2023,18,Austin,ZHO,Alfa Romeo,12.0,95.698,0.9799999999999898,1
2023,18,Austin,BOT,Alfa Romeo,13.0,95.858,1.1400000000000006,1
2023,18,Austin,MAG,Haas F1 Team,14.0,95.88,1.161999999999992,1
2023,18,Austin,RIC,AlphaTauri,15.0,95.974,1.2560000000000002,1
2023,18,Austin,HUL,Haas F1 Team,16.0,96.235,1.516999999999996,1
2023,18,Austin,ALO,Aston Martin,17.0,96.268,1.5499999999999972,1
2023,18,Austin,ALB,Williams,18.0,96.315,1.5969999999999942,1
2023,18,Austin,STR,Aston Martin,19.0,96.589,1.8709999999999951,1
2023,18,Austin,SAR,Williams,20.0,96.827,2.1089999999999947,1
2023,19,Mexico City,LEC,Ferrari,1.0,77.166,0.0,1
2023,19,Mexico City,SAI,Ferrari,2.0,77.233,0.06700000000000728,1
2023,19,Mexico City,VER,Red Bull Racing,3.0,77.263,0.09700000000000841,1
2023,19,Mexico City,RIC,AlphaTauri,4.0,77.382,0.21600000000000819,1
2023,19,Mexico City,PER,Red Bull Racing,5.0,77.423,0.257000000000005,1
2023,19,Mexico City,HAM,Mercedes,6.0,77.454,0.2879999999999967,1
2023,19,Mexico City,PIA,McLaren,7.0,77.623,0.45700000000000784,1
2023,19,Mexico City,RUS,Mercedes,8.0,77.673,0.507000000000005,1
2023,19,Mexico City,BOT,Alfa Romeo,9.0,78.016,0.8500000000000085,1
2023,19,Mexico City,ZHO,Alfa Romeo,10.0,78.05,0.8840000000000003,1
2023,19,Mexico City,GAS,Alpine,11.0,78.521,1.355000000000004,1
2023,19,Mexico City,HUL,Haas F1 Team,12.0,78.524,1.358000000000004,1
2023,19,Mexico City,ALO,Aston Martin,13.0,78.738,1.5720000000000027,1
2023,19,Mexico City,ALB,Williams,14.0,78.302,1.13600000000001,1
2023,19,Mexico City,TSU,AlphaTauri,15.0,78.89,1.7240000000000038,1
2023,19,Mexico City,OCO,Alpine,16.0,79.08,1.9140000000000015,1
2023,19,Mexico City,MAG,Haas F1 Team,17.0,79.163,1.9969999999999999,1
2023,19,Mexico City,STR,Aston Martin,18.0,79.227,2.061000000000007,1
2023,19,Mexico City,NOR,McLaren,19.0,81.554,4.388000000000005,1
2023,19,Mexico City,SAR,Williams,20.0,79.965,2.7990000000000066,1
2023,20,São Paulo,VER,Red Bull Racing,1.0,70.162,0.14100000000000534,0
2023,20,São Paulo,LEC,Ferrari,2.0,70.303,0.2819999999999965,0
2023,20,São Paulo,STR,Aston Martin,3.0,70.375,0.3539999999999992,0
2023,20,São Paulo,ALO,Aston Martin,4.0,70.237,0.21599999999999397,0
2023,20,São Paulo,HAM,Mercedes,5.0,70.266,0.24500000000000455,0
2023,20,São Paulo,RUS,Mercedes,6.0,70.316,0.2950000000000017,0
2023,20,São Paulo,NOR,McLaren,7.0,70.021,0.0,0
2023,20,São Paulo,SAI,Ferrari,8.0,70.254,0.2330000000000041,0
2023,20,São Paulo,PER,Red Bull Racing,9.0,70.219,0.1979999999999933,0
2023,20,São Paulo,PIA,McLaren,10.0,70.33,0.3089999999999975,0
2023,20,São Paulo,HUL,Haas F1 Team,11.0,70.475,0.4539999999999935,0
2023,20,São Paulo,OCO,Alpine,12.0,70.562,0.5409999999999968,0
2023,20,São Paulo,GAS,Alpine,13.0,70.567,0.5459999999999923,0
2023,20,São Paulo,MAG,Haas F1 Team,14.0,70.602,0.5810000000000031,0
2023,20,São Paulo,ALB,Williams,15.0,70.621,0.5999999999999943,0
2023,20,São Paulo,TSU,AlphaTauri,16.0,70.837,0.8160000000000025,0
2023,20,São Paulo,RIC,AlphaTauri,17.0,70.843,0.8220000000000027,0
2023,20,São Paulo,BOT,Alfa Romeo,18.0,70.955,0.9339999999999975,0
2023,20,São Paulo,SAR,Williams,19.0,71.035,1.0139999999999958,0
2023,20,São Paulo,ZHO,Alfa Romeo,20.0,71.275,1.2540000000000049,0
2023,21,Las Vegas,LEC,Ferrari,1.0,92.726,0.0,1
2023,21,Las Vegas,SAI,Ferrari,2.0,92.77,0.04399999999999693,1
2023,21,Las Vegas,VER,Red Bull Racing,3.0,93.104,0.3780000000000001,1
2023,21,Las Vegas,RUS,Mercedes,4.0,93.112,0.3859999999999957,1
2023,21,Las Vegas,GAS,Alpine,5.0,93.239,0.5130000000000052,1
2023,21,Las Vegas,ALB,Williams,6.0,93.323,0.5969999999999942,1
2023,21,Las Vegas,SAR,Williams,7.0,93.513,0.7870000000000061,1
2023,21,Las Vegas,BOT,Alfa Romeo,8.0,93.525,0.7990000000000066,1
2023,21,Las Vegas,MAG,Haas F1 Team,9.0,93.537,0.811000000000007,1
2023,21,Las Vegas,ALO,Aston Martin,10.0,93.555,0.8290000000000077,1
2023,21,Las Vegas,HAM,Mercedes,11.0,93.837,1.1110000000000042,1
2023,21,Las Vegas,PER,Red Bull Racing,12.0,93.855,1.1290000000000049,1
2023,21,Las Vegas,HUL,Haas F1 Team,13.0,93.979,1.2530000000000001,1
2023,21,Las Vegas,STR,Aston Martin,14.0,94.199,1.472999999999999,1
2023,21,Las Vegas,RIC,AlphaTauri,15.0,94.308,1.5820000000000078,1
2023,21,Las Vegas,NOR,McLaren,16.0,94.703,1.9770000000000039,1
2023,21,Las Vegas,OCO,Alpine,17.0,94.834,2.108000000000004,1
2023,21,Las Vegas,ZHO,Alfa Romeo,18.0,94.849,2.1230000000000047,1
2023,21,Las Vegas,PIA,McLaren,19.0,94.85,2.1239999999999952,1
2023,21,Las Vegas,TSU,AlphaTauri,20.0,96.447,3.7210000000000036,1
2023,22,Yas Island,VER,Red Bull Racing,1.0,83.445,0.0,1
2023,22,Yas Island,LEC,Ferrari,2.0,83.584,0.13900000000001,1
2023,22,Yas Island,PIA,McLaren,3.0,83.782,0.3370000000000033,1
2023,22,Yas Island,RUS,Mercedes,4.0,83.788,0.3430000000000035,1
2023,22,Yas Island,NOR,McLaren,5.0,83.816,0.3710000000000093,1
2023,22,Yas Island,TSU,AlphaTauri,6.0,83.968,0.5230000000000103,1
2023,22,Yas Island,ALO,Aston Martin,7.0,84.084,0.63900000000001,1
2023,22,Yas Island,HUL,Haas F1 Team,8.0,84.108,0.6630000000000109,1
2023,22,Yas Island,PER,Red Bull Racing,9.0,83.868,0.4230000000000018,1
2023,22,Yas Island,GAS,Alpine,10.0,84.078,0.6330000000000098,1
2023,22,Yas Island,HAM,Mercedes,11.0,84.359,0.9140000000000015,1
2023,22,Yas Island,OCO,Alpine,12.0,84.391,0.9460000000000122,1
2023,22,Yas Island,STR,Aston Martin,13.0,84.405,0.960000000000008,1
2023,22,Yas Island,ALB,Williams,14.0,84.298,0.8530000000000086,1
2023,22,Yas Island,RIC,AlphaTauri,15.0,84.442,0.9969999999999999,1
2023,22,Yas Island,SAI,Ferrari,16.0,84.738,1.2930000000000064,1
2023,22,Yas Island,MAG,Haas F1 Team,17.0,84.764,1.3190000000000026,1
2023,22,Yas Island,BOT,Alfa Romeo,18.0,84.788,1.3430000000000035,1
2023,22,Yas Island,ZHO,Alfa Romeo,19.0,85.114,1.6690000000000111,1
2023,22,Yas Island,SAR,Williams,20.0,84.532,1.0870000000000033,1
2024,1,Sakhir,VER,Red Bull Racing,1.0,89.179,0.013999999999995794,1
2024,1,Sakhir,LEC,Ferrari,2.0,89.165,0.0,1
2024,1,Sakhir,RUS,Mercedes,3.0,89.485,0.3199999999999932,1
2024,1,Sakhir,SAI,Ferrari,4.0,89.507,0.34199999999999875,1
2024,1,Sakhir,PER,Red Bull Racing,5.0,89.537,0.3719999999999999,1
2024,1,Sakhir,ALO,Aston Martin,6.0,89.542,0.37699999999999534,1
2024,1,Sakhir,NOR,McLaren,7.0,89.614,0.44899999999999807,1
2024,1,Sakhir,PIA,McLaren,8.0,89.683,0.5180000000000007,1
2024,1,Sakhir,HAM,Mercedes,9.0,89.71,0.5449999999999875,1
2024,1,Sakhir,HUL,Haas F1 Team,10.0,89.851,0.6859999999999928,1
2024,1,Sakhir,TSU,RB,11.0,90.129,0.9639999999999986,1
2024,1,Sakhir,STR,Aston Martin,12.0,89.965,0.7999999999999972,1
2024,1,Sakhir,ALB,Williams,13.0,90.221,1.0559999999999974,1
2024,1,Sakhir,RIC,RB,14.0,90.278,1.1129999999999995,1
2024,1,Sakhir,MAG,Haas F1 Team,15.0,90.529,1.36399999999999,1
2024,1,Sakhir,BOT,Kick Sauber,16.0,90.756,1.590999999999994,1
2024,1,Sakhir,ZHO,Kick Sauber,17.0,90.757,1.5919999999999987,1
2024,1,Sakhir,SAR,Williams,18.0,90.77,1.6049999999999898,1
2024,1,Sakhir,OCO,Alpine,19.0,90.793,1.6280000000000001,1
2024,1,Sakhir,GAS,Alpine,20.0,90.948,1.782999999999987,1
2024,2,Jeddah,VER,Red Bull Racing,1.0,87.472,0.0,1
2024,2,Jeddah,LEC,Ferrari,2.0,87.791,0.3190000000000026,1
2024,2,Jeddah,PER,Red Bull Racing,3.0,87.807,0.33500000000000796,1
2024,2,Jeddah,ALO,Aston Martin,4.0,87.846,0.37400000000000944,1
2024,2,Jeddah,PIA,McLaren,5.0,88.089,0.6170000000000044,1
2024,2,Jeddah,NOR,McLaren,6.0,88.132,0.6600000000000108,1
2024,2,Jeddah,RUS,Mercedes,7.0,88.316,0.8440000000000083,1
2024,2,Jeddah,HAM,Mercedes,8.0,88.46,0.9879999999999995,1
2024,2,Jeddah,TSU,RB,9.0,88.547,1.0750000000000028,1
2024,2,Jeddah,STR,Aston Martin,10.0,88.25,0.7780000000000058,1
2024,2,Jeddah,BEA,Ferrari,11.0,88.642,1.1700000000000017,1
2024,2,Jeddah,ALB,Williams,12.0,88.98,1.5080000000000098,1
2024,2,Jeddah,MAG,Haas F1 Team,13.0,89.02,1.5480000000000018,1
2024,2,Jeddah,RIC,RB,14.0,89.025,1.5530000000000115,1
2024,2,Jeddah,HUL,Haas F1 Team,15.0,89.055,1.5830000000000126,1
2024,2,Jeddah,BOT,Kick Sauber,16.0,89.179,1.7070000000000078,1
2024,2,Jeddah,OCO,Alpine,17.0,89.475,2.003,1
2024,2,Jeddah,GAS,Alpine,18.0,89.479,2.007000000000005,1
2024,2,Jeddah,SAR,Williams,19.0,89.526,2.054000000000002,1
2024,2,Jeddah,ZHO,Kick Sauber,20.0,121.101,33.629000000000005,1
2024,3,Melbourne,VER,Red Bull Racing,1.0,75.915,0.0,0
2024,3,Melbourne,SAI,Ferrari,2.0,76.185,0.269999999999996,0
2024,3,Melbourne,PER,Red Bull Racing,3.0,76.274,0.35899999999999466,0
2024,3,Melbourne,NOR,McLaren,4.0,76.315,0.3999999999999915,0
2024,3,Melbourne,LEC,Ferrari,5.0,76.304,0.3889999999999958,0
2024,3,Melbourne,PIA,McLaren,6.0,76.572,0.6569999999999965,0
2024,3,Melbourne,RUS,Mercedes,7.0,76.724,0.8089999999999975,0
2024,3,Melbourne,TSU,RB,8.0,76.788,0.8729999999999905,0
2024,3,Melbourne,STR,Aston Martin,9.0,76.78,0.8649999999999949,0
2024,3,Melbourne,ALO,Aston Martin,10.0,76.71,0.7949999999999875,0
2024,3,Melbourne,HAM,Mercedes,11.0,76.96,1.0449999999999875,0
2024,3,Melbourne,ALB,Williams,12.0,77.13,1.2149999999999892,0
2024,3,Melbourne,BOT,Kick Sauber,13.0,77.34,1.4249999999999972,0
2024,3,Melbourne,MAG,Haas F1 Team,14.0,77.427,1.5120000000000005,0
2024,3,Melbourne,OCO,Alpine,15.0,77.617,1.7019999999999982,0
2024,3,Melbourne,HUL,Haas F1 Team,16.0,77.976,2.060999999999993,0
2024,3,Melbourne,GAS,Alpine,17.0,77.982,2.066999999999993,0
2024,3,Melbourne,RIC,RB,18.0,77.466,1.5509999999999877,0
2024,3,Melbourne,ZHO,Kick Sauber,19.0,78.188,2.272999999999996,0
2024,4,Suzuka,VER,Red Bull Racing,1.0,88.197,0.0,1
2024,4,Suzuka,PER,Red Bull Racing,2.0,88.263,0.0660000000000025,1
2024,4,Suzuka,NOR,McLaren,3.0,88.489,0.2920000000000016,1
2024,4,Suzuka,SAI,Ferrari,4.0,88.682,0.48499999999999943,1
2024,4,Suzuka,ALO,Aston Martin,5.0,88.686,0.4890000000000043,1
2024,4,Suzuka,PIA,McLaren,6.0,88.76,0.5630000000000024,1
2024,4,Suzuka,HAM,Mercedes,7.0,88.766,0.5690000000000026,1
2024,4,Suzuka,LEC,Ferrari,8.0,88.786,0.5889999999999986,1
2024,4,Suzuka,RUS,Mercedes,9.0,89.008,0.8109999999999928,1
2024,4,Suzuka,TSU,RB,10.0,89.413,1.215999999999994,1
2024,4,Suzuka,RIC,RB,11.0,89.472,1.2749999999999915,1
2024,4,Suzuka,HUL,Haas F1 Team,12.0,89.494,1.296999999999997,1
2024,4,Suzuka,BOT,Kick Sauber,13.0,89.593,1.3960000000000008,1
2024,4,Suzuka,ALB,Williams,14.0,89.714,1.516999999999996,1
2024,4,Suzuka,OCO,Alpine,15.0,89.811,1.6140000000000043,1
2024,4,Suzuka,STR,Aston Martin,16.0,90.024,1.8269999999999982,1
2024,4,Suzuka,GAS,Alpine,17.0,90.119,1.921999999999997,1
2024,4,Suzuka,MAG,Haas F1 Team,18.0,90.131,1.9339999999999975,1
2024,4,Suzuka,SAR,Williams,19.0,90.139,1.941999999999993,1
2024,4,Suzuka,ZHO,Kick Sauber,20.0,90.143,1.945999999999998,1
2024,5,Shanghai,VER,Red Bull Racing,1.0,93.66,0.0,1
2024,5,Shanghai,PER,Red Bull Racing,2.0,93.982,0.32200000000000273,1
2024,5,Shanghai,ALO,Aston Martin,3.0,94.148,0.48799999999999955,1
2024,5,Shanghai,NOR,McLaren,4.0,94.165,0.5050000000000097,1
2024,5,Shanghai,PIA,McLaren,5.0,94.273,0.6129999999999995,1
2024,5,Shanghai,LEC,Ferrari,6.0,94.289,0.6290000000000049,1
2024,5,Shanghai,SAI,Ferrari,7.0,94.297,0.6370000000000005,1
2024,5,Shanghai,RUS,Mercedes,8.0,94.433,0.7730000000000103,1
2024,5,Shanghai,HUL,Haas F1 Team,9.0,94.604,0.9440000000000026,1
2024,5,Shanghai,BOT,Kick Sauber,10.0,94.665,1.0050000000000097,1
2024,5,Shanghai,STR,Aston Martin,11.0,94.838,1.1779999999999973,1
2024,5,Shanghai,RIC,RB,12.0,94.934,1.274000000000001,1
2024,5,Shanghai,OCO,Alpine,13.0,95.223,1.5630000000000024,1
2024,5,Shanghai,ALB,Williams,14.0,95.241,1.581000000000003,1
2024,5,Shanghai,GAS,Alpine,15.0,95.287,1.6270000000000095,1
2024,5,Shanghai,ZHO,Kick Sauber,16.0,95.505,1.8449999999999989,1
2024,5,Shanghai,MAG,Haas F1 Team,17.0,95.516,1.8560000000000088,1
2024,5,Shanghai,HAM,Mercedes,18.0,95.573,1.9129999999999967,1
2024,5,Shanghai,TSU,RB,19.0,95.746,2.0859999999999985,1
2024,5,Shanghai,SAR,Williams,20.0,96.358,2.6980000000000075,1
2024,6,Miami,VER,Red Bull Racing,1.0,87.241,0.0,1
2024,6,Miami,LEC,Ferrari,2.0,87.382,0.14100000000000534,1
2024,6,Miami,SAI,Ferrari,3.0,87.455,0.21399999999999864,1
2024,6,Miami,PER,Red Bull Racing,4.0,87.46,0.2189999999999941,1
2024,6,Miami,NOR,McLaren,5.0,87.594,0.35299999999999443,1
2024,6,Miami,PIA,McLaren,6.0,87.675,0.4339999999999975,1
2024,6,Miami,RUS,Mercedes,7.0,88.067,0.8259999999999934,1
2024,6,Miami,HAM,Mercedes,8.0,87.697,0.45600000000000307,1
2024,6,Miami,HUL,Haas F1 Team,9.0,88.146,0.9050000000000011,1
2024,6,Miami,TSU,RB,10.0,88.167,0.9260000000000019,1
2024,6,Miami,STR,Aston Martin,11.0,88.177,0.936000000000007,1
2024,6,Miami,GAS,Alpine,12.0,87.976,0.7349999999999994,1
2024,6,Miami,OCO,Alpine,13.0,88.209,0.9680000000000035,1
2024,6,Miami,ALB,Williams,14.0,88.343,1.1020000000000039,1
2024,6,Miami,ALO,Aston Martin,15.0,88.427,1.186000000000007,1
2024,6,Miami,BOT,Kick Sauber,16.0,88.463,1.2219999999999942,1
2024,6,Miami,SAR,Williams,17.0,88.487,1.2459999999999951,1
2024,6,Miami,RIC,RB,18.0,88.617,1.3760000000000048,1
2024,6,Miami,MAG,Haas F1 Team,19.0,88.619,1.3780000000000001,1
2024,6,Miami,ZHO,Kick Sauber,20.0,88.824,1.5829999999999984,1
2024,7,Imola,VER,Red Bull Racing,1.0,74.746,0.0,1
2024,7,Imola,PIA,McLaren,2.0,74.82,0.07399999999999807,1
2024,7,Imola,NOR,McLaren,3.0,74.837,0.09100000000000819,1
2024,7,Imola,LEC,Ferrari,4.0,74.97,0.22400000000000375,1
2024,7,Imola,SAI,Ferrari,5.0,75.233,0.487000000000009,1
2024,7,Imola,RUS,Mercedes,6.0,75.234,0.48799999999999955,1
2024,7,Imola,TSU,RB,7.0,75.358,0.612000000000009,1
2024,7,Imola,HAM,Mercedes,8.0,75.504,0.7580000000000098,1
2024,7,Imola,RIC,RB,9.0,75.674,0.9280000000000115,1
2024,7,Imola,HUL,Haas F1 Team,10.0,75.569,0.8230000000000075,1
2024,7,Imola,PER,Red Bull Racing,11.0,75.706,0.960000000000008,1
2024,7,Imola,OCO,Alpine,12.0,75.906,1.1600000000000108,1
2024,7,Imola,STR,Aston Martin,13.0,75.992,1.2460000000000093,1
2024,7,Imola,ALB,Williams,14.0,76.2,1.4540000000000077,1
2024,7,Imola,GAS,Alpine,15.0,76.015,1.2690000000000055,1
2024,7,Imola,BOT,Kick Sauber,16.0,76.626,1.8800000000000097,1
2024,7,Imola,ZHO,Kick Sauber,17.0,76.834,2.088000000000008,1
2024,7,Imola,MAG,Haas F1 Team,18.0,76.854,2.108000000000004,1
2024,7,Imola,ALO,Aston Martin,19.0,76.917,2.1710000000000065,1
2024,7,Imola,SAR,Williams,20.0,76.731,1.9849999999999994,1
2024,8,Monaco,LEC,Ferrari,1.0,70.27,0.0,1
2024,8,Monaco,PIA,McLaren,2.0,70.424,0.15400000000001057,1
2024,8,Monaco,SAI,Ferrari,3.0,70.518,0.24800000000000466,1
2024,8,Monaco,NOR,McLaren,4.0,70.542,0.27200000000000557,1
2024,8,Monaco,RUS,Mercedes,5.0,70.543,0.27300000000001035,1
2024,8,Monaco,VER,Red Bull Racing,6.0,70.567,0.29699999999999704,1
2024,8,Monaco,HAM,Mercedes,7.0,70.621,0.3509999999999991,1
2024,8,Monaco,TSU,RB,8.0,70.858,0.5880000000000081,1
2024,8,Monaco,ALB,Williams,9.0,70.948,0.6779999999999973,1
2024,8,Monaco,GAS,Alpine,10.0,70.896,0.6260000000000048,1
2024,8,Monaco,OCO,Alpine,11.0,71.285,1.0150000000000006,1
2024,8,Monaco,RIC,RB,12.0,71.482,1.2120000000000033,1
2024,8,Monaco,STR,Aston Martin,13.0,71.563,1.2930000000000064,1
2024,8,Monaco,HUL,Haas F1 Team,14.0,71.44,1.1700000000000017,1
2024,8,Monaco,ALO,Aston Martin,14.0,72.019,1.7490000000000094,1
2024,8,Monaco,SAR,Williams,15.0,72.02,1.75,1
2024,8,Monaco,MAG,Haas F1 Team,15.0,71.725,1.4549999999999983,1
2024,8,Monaco,PER,Red Bull Racing,16.0,72.06,1.7900000000000063,1
2024,8,Monaco,BOT,Kick Sauber,17.0,72.512,2.2420000000000044,1
2024,8,Monaco,ZHO,Kick Sauber,18.0,73.028,2.7580000000000098,1
2024,9,Montréal,RUS,Mercedes,1.0,71.742,0.0,0
2024,9,Montréal,VER,Red Bull Racing,2.0,72.0,0.25799999999999557,0
2024,9,Montréal,NOR,McLaren,3.0,72.021,0.27899999999999636,0
2024,9,Montréal,PIA,McLaren,4.0,72.103,0.36099999999999,0
2024,9,Montréal,RIC,RB,5.0,72.178,0.43599999999999284,0
2024,9,Montréal,ALO,Aston Martin,6.0,72.228,0.48599999999999,0
2024,9,Montréal,HAM,Mercedes,7.0,71.979,0.23699999999999477,0
2024,9,Montréal,TSU,RB,8.0,72.303,0.5609999999999928,0
2024,9,Montréal,STR,Aston Martin,9.0,72.659,0.9170000000000016,0
2024,9,Montréal,ALB,Williams,10.0,72.485,0.742999999999995,0
2024,9,Montréal,LEC,Ferrari,11.0,72.691,0.9489999999999981,0
2024,9,Montréal,SAI,Ferrari,12.0,72.728,0.98599999999999,0
2024,9,Montréal,SAR,Williams,13.0,72.736,0.9939999999999998,0
2024,9,Montréal,MAG,Haas F1 Team,14.0,72.916,1.1739999999999924,0
2024,9,Montréal,GAS,Alpine,15.0,72.94,1.1979999999999933,0
2024,9,Montréal,PER,Red Bull Racing,16.0,73.326,1.583999999999989,0
2024,9,Montréal,BOT,Kick Sauber,17.0,73.366,1.6239999999999952,0
2024,9,Montréal,OCO,Alpine,18.0,73.435,1.6929999999999978,0
2024,9,Montréal,HUL,Haas F1 Team,19.0,73.978,2.23599999999999,0
2024,9,Montréal,ZHO,Kick Sauber,20.0,74.292,2.549999999999997,0
2024,10,Barcelona,NOR,McLaren,1.0,71.383,0.0,1
2024,10,Barcelona,VER,Red Bull Racing,2.0,71.403,0.020000000000010232,1
2024,10,Barcelona,HAM,Mercedes,3.0,71.701,0.31799999999999784,1
2024,10,Barcelona,RUS,Mercedes,4.0,71.703,0.3200000000000074,1
2024,10,Barcelona,LEC,Ferrari,5.0,71.731,0.347999999999999,1
2024,10,Barcelona,SAI,Ferrari,6.0,71.736,0.35300000000000864,1
2024,10,Barcelona,GAS,Alpine,7.0,71.857,0.47400000000000375,1
2024,10,Barcelona,PER,Red Bull Racing,8.0,72.054,0.6710000000000065,1
2024,10,Barcelona,OCO,Alpine,9.0,72.109,0.7259999999999991,1
2024,10,Barcelona,PIA,McLaren,10.0,72.011,0.6280000000000001,1
2024,10,Barcelona,ALO,Aston Martin,11.0,72.128,0.7450000000000045,1
2024,10,Barcelona,BOT,Kick Sauber,12.0,72.227,0.8440000000000083,1
2024,10,Barcelona,HUL,Haas F1 Team,13.0,72.31,0.9270000000000067,1
2024,10,Barcelona,STR,Aston Martin,14.0,72.372,0.9890000000000043,1
2024,10,Barcelona,ZHO,Kick Sauber,15.0,72.738,1.355000000000004,1
2024,10,Barcelona,MAG,Haas F1 Team,16.0,72.937,1.554000000000002,1
2024,10,Barcelona,TSU,RB,17.0,72.985,1.6020000000000039,1
2024,10,Barcelona,RIC,RB,18.0,73.075,1.6920000000000073,1
2024,10,Barcelona,ALB,Williams,19.0,73.153,1.7700000000000102,1
2024,10,Barcelona,SAR,Williams,20.0,73.509,2.1260000000000048,1
2024,11,Spielberg,VER,Red Bull Racing,1.0,64.314,0.0,1
2024,11,Spielberg,NOR,McLaren,2.0,64.718,0.4040000000000106,1
2024,11,Spielberg,RUS,Mercedes,3.0,64.84,0.5260000000000105,1
2024,11,Spielberg,SAI,Ferrari,4.0,64.851,0.5370000000000061,1
2024,11,Spielberg,HAM,Mercedes,5.0,64.903,0.5890000000000128,1
2024,11,Spielberg,LEC,Ferrari,6.0,65.044,0.730000000000004,1
2024,11,Spielberg,PIA,McLaren,7.0,64.786,0.4720000000000084,1
2024,11,Spielberg,PER,Red Bull Racing,8.0,65.144,0.8300000000000125,1
2024,11,Spielberg,HUL,Haas F1 Team,9.0,65.262,0.9480000000000075,1
2024,11,Spielberg,OCO,Alpine,10.0,65.274,0.960000000000008,1
2024,11,Spielberg,RIC,RB,11.0,65.289,0.9750000000000085,1
2024,11,Spielberg,MAG,Haas F1 Team,12.0,65.347,1.0330000000000013,1
2024,11,Spielberg,GAS,Alpine,13.0,65.335,1.0210000000000008,1
2024,11,Spielberg,TSU,RB,14.0,65.412,1.0980000000000132,1
2024,11,Spielberg,ALO,Aston Martin,15.0,65.639,1.3250000000000028,1
2024,11,Spielberg,ALB,Williams,16.0,65.736,1.4220000000000113,1
2024,11,Spielberg,STR,Aston Martin,17.0,65.819,1.5050000000000097,1
2024,11,Spielberg,BOT,Kick Sauber,18.0,65.847,1.5330000000000013,1
2024,11,Spielberg,SAR,Williams,19.0,65.856,1.5420000000000016,1
2024,11,Spielberg,ZHO,Kick Sauber,20.0,66.061,1.747000000000014,1
2024,12,Silverstone,RUS,Mercedes,1.0,85.819,0.0,0
2024,12,Silverstone,HAM,Mercedes,2.0,85.99,0.17099999999999227,0
2024,12,Silverstone,NOR,McLaren,3.0,86.03,0.21099999999999852,0
2024,12,Silverstone,VER,Red Bull Racing,4.0,86.203,0.38400000000000034,0
2024,12,Silverstone,PIA,McLaren,5.0,86.237,0.41799999999999216,0
2024,12,Silverstone,HUL,Haas F1 Team,6.0,86.338,0.5189999999999912,0
2024,12,Silverstone,SAI,Ferrari,7.0,86.509,0.6899999999999977,0
2024,12,Silverstone,STR,Aston Martin,8.0,86.585,0.7659999999999911,0
2024,12,Silverstone,ALB,Williams,9.0,86.64,0.820999999999998,0
2024,12,Silverstone,ALO,Aston Martin,10.0,86.73,0.9110000000000014,0
2024,12,Silverstone,LEC,Ferrari,11.0,87.097,1.2779999999999916,0
2024,12,Silverstone,SAR,Williams,12.0,87.175,1.3559999999999945,0
2024,12,Silverstone,TSU,RB,13.0,87.269,1.4500000000000028,0
2024,12,Silverstone,ZHO,Kick Sauber,14.0,87.867,2.048000000000002,0
2024,12,Silverstone,RIC,RB,15.0,87.949,2.1299999999999955,0
2024,12,Silverstone,BOT,Kick Sauber,16.0,92.431,6.611999999999995,0
2024,12,Silverstone,MAG,Haas F1 Team,17.0,92.905,7.0859999999999985,0
2024,12,Silverstone,OCO,Alpine,18.0,94.557,8.738,0
2024,12,Silverstone,PER,Red Bull Racing,19.0,98.348,12.528999999999996,0
2024,12,Silverstone,GAS,Alpine,20.0,99.804,13.985,0
2024,13,Budapest,NOR,McLaren,1.0,75.227,0.0,0
2024,13,Budapest,PIA,McLaren,2.0,75.249,0.02199999999999136,0
2024,13,Budapest,VER,Red Bull Racing,3.0,75.273,0.04599999999999227,0
2024,13,Budapest,SAI,Ferrari,4.0,75.696,0.4689999999999941,0
2024,13,Budapest,HAM,Mercedes,5.0,75.854,0.6269999999999953,0
2024,13,Budapest,LEC,Ferrari,6.0,75.891,0.6640000000000015,0
2024,13,Budapest,ALO,Aston Martin,7.0,76.043,0.8160000000000025,0
2024,13,Budapest,STR,Aston Martin,8.0,76.075,0.847999999999999,0
2024,13,Budapest,RIC,RB,9.0,76.202,0.9749999999999943,0
2024,13,Budapest,TSU,RB,10.0,76.121,0.8939999999999912,0
2024,13,Budapest,HUL,Haas F1 Team,11.0,76.317,1.0899999999999892,0
2024,13,Budapest,BOT,Kick Sauber,12.0,76.384,1.1569999999999965,0
2024,13,Budapest,ALB,Williams,13.0,76.429,1.2019999999999982,0
2024,13,Budapest,SAR,Williams,14.0,76.543,1.3160000000000025,0
2024,13,Budapest,MAG,Haas F1 Team,15.0,76.548,1.320999999999998,0
2024,13,Budapest,PER,Red Bull Racing,16.0,77.886,2.658999999999992,0
2024,13,Budapest,RUS,Mercedes,17.0,77.968,2.7409999999999997,0
2024,13,Budapest,ZHO,Kick Sauber,18.0,78.037,2.8100000000000023,0
2024,13,Budapest,OCO,Alpine,19.0,78.049,2.8220000000000027,0
2024,13,Budapest,GAS,Alpine,20.0,78.166,2.938999999999993,0
2024,14,Spa-Francorchamps,VER,Red Bull Racing,1.0,113.159,0.0,0
2024,14,Spa-Francorchamps,LEC,Ferrari,2.0,113.754,0.5949999999999989,0
2024,14,Spa-Francorchamps,PER,Red Bull Racing,3.0,113.765,0.6059999999999945,0
2024,14,Spa-Francorchamps,HAM,Mercedes,4.0,113.835,0.6759999999999877,0
2024,14,Spa-Francorchamps,NOR,McLaren,5.0,113.981,0.8219999999999885,0
2024,14,Spa-Francorchamps,PIA,McLaren,6.0,114.027,0.867999999999995,0
2024,14,Spa-Francorchamps,RUS,Mercedes,7.0,114.095,0.9359999999999928,0
2024,14,Spa-Francorchamps,SAI,Ferrari,8.0,114.112,0.9529999999999887,0
2024,14,Spa-Francorchamps,ALO,Aston Martin,9.0,114.258,1.0989999999999895,0
2024,14,Spa-Francorchamps,OCO,Alpine,10.0,114.46,1.3009999999999877,0
2024,14,Spa-Francorchamps,ALB,Williams,11.0,114.473,1.313999999999993,0
2024,14,Spa-Francorchamps,GAS,Alpine,12.0,114.635,1.475999999999999,0
2024,14,Spa-Francorchamps,RIC,RB,13.0,114.682,1.5229999999999961,0
2024,14,Spa-Francorchamps,BOT,Kick Sauber,14.0,114.764,1.6049999999999898,0
2024,14,Spa-Francorchamps,STR,Aston Martin,15.0,115.716,2.556999999999988,0
2024,14,Spa-Francorchamps,HUL,Haas F1 Team,16.0,116.308,3.149000000000001,0
2024,14,Spa-Francorchamps,MAG,Haas F1 Team,17.0,116.5,3.340999999999994,0
2024,14,Spa-Francorchamps,TSU,RB,18.0,116.593,3.4339999999999975,0
2024,14,Spa-Francorchamps,SAR,Williams,19.0,117.23,4.070999999999998,0
2024,14,Spa-Francorchamps,ZHO,Kick Sauber,20.0,117.775,4.616,0
2024,15,Zandvoort,NOR,McLaren,1.0,69.673,0.0,1
2024,15,Zandvoort,VER,Red Bull Racing,2.0,70.029,0.35599999999999454,1
2024,15,Zandvoort,PIA,McLaren,3.0,70.172,0.4989999999999952,1
2024,15,Zandvoort,RUS,Mercedes,4.0,70.244,0.570999999999998,1
2024,15,Zandvoort,PER,Red Bull Racing,5.0,70.416,0.742999999999995,1
2024,15,Zandvoort,LEC,Ferrari,6.0,70.582,0.9089999999999918,1
2024,15,Zandvoort,ALO,Aston Martin,7.0,70.633,0.9599999999999937,1
2024,15,Zandvoort,STR,Aston Martin,8.0,70.661,0.9879999999999995,1
2024,15,Zandvoort,GAS,Alpine,9.0,70.815,1.141999999999996,1
2024,15,Zandvoort,SAI,Ferrari,10.0,70.914,1.2409999999999997,1
2024,15,Zandvoort,ALB,Williams,10.0,70.653,0.980000000000004,1
2024,15,Zandvoort,HAM,Mercedes,11.0,70.948,1.2749999999999915,1
2024,15,Zandvoort,TSU,RB,12.0,70.955,1.2819999999999965,1
2024,15,Zandvoort,HUL,Haas F1 Team,13.0,71.215,1.5420000000000016,1
2024,15,Zandvoort,MAG,Haas F1 Team,14.0,71.295,1.6219999999999999,1
2024,15,Zandvoort,RIC,RB,15.0,71.943,2.269999999999996,1
2024,15,Zandvoort,OCO,Alpine,16.0,71.995,2.3220000000000027,1
2024,15,Zandvoort,BOT,Kick Sauber,17.0,72.168,2.4950000000000045,1
2024,15,Zandvoort,ZHO,Kick Sauber,18.0,73.261,3.587999999999994,1
2024,15,Zandvoort,SAR,Williams,20.0,,,1
2024,16,Monza,NOR,McLaren,1.0,79.327,0.0,1
2024,16,Monza,PIA,McLaren,2.0,79.436,0.10900000000000887,1
2024,16,Monza,RUS,Mercedes,3.0,79.44,0.11299999999999955,1
2024,16,Monza,LEC,Ferrari,4.0,79.461,0.13400000000000034,1
2024,16,Monza,SAI,Ferrari,5.0,79.467,0.14000000000000057,1
2024,16,Monza,HAM,Mercedes,6.0,79.513,0.18600000000000705,1
2024,16,Monza,VER,Red Bull Racing,7.0,79.662,0.33500000000000796,1
2024,16,Monza,PER,Red Bull Racing,8.0,80.062,0.7349999999999994,1
2024,16,Monza,ALB,Williams,9.0,80.299,0.9720000000000084,1
2024,16,Monza,HUL,Haas F1 Team,10.0,80.339,1.0120000000000005,1
2024,16,Monza,ALO,Aston Martin,11.0,80.421,1.0940000000000083,1
2024,16,Monza,RIC,RB,12.0,80.479,1.152000000000001,1
2024,16,Monza,MAG,Haas F1 Team,13.0,80.698,1.3709999999999951,1
2024,16,Monza,GAS,Alpine,14.0,80.738,1.4110000000000014,1
2024,16,Monza,OCO,Alpine,15.0,80.764,1.4369999999999976,1
2024,16,Monza,TSU,RB,16.0,80.945,1.617999999999995,1
2024,16,Monza,STR,Aston Martin,17.0,81.013,1.686000000000007,1
2024,16,Monza,COL,Williams,18.0,81.061,1.7340000000000089,1
2024,16,Monza,BOT,Kick Sauber,19.0,81.101,1.774000000000001,1
2024,16,Monza,ZHO,Kick Sauber,20.0,81.445,2.117999999999995,1
2024,17,Baku,LEC,Ferrari,1.0,101.365,0.0,1
2024,17,Baku,PIA,McLaren,2.0,101.686,0.32100000000001216,1
2024,17,Baku,SAI,Ferrari,3.0,101.805,0.44000000000001194,1
2024,17,Baku,PER,Red Bull Racing,4.0,101.813,0.4480000000000075,1
2024,17,Baku,RUS,Mercedes,5.0,101.874,0.5090000000000003,1
2024,17,Baku,VER,Red Bull Racing,6.0,102.023,0.6580000000000013,1
2024,17,Baku,HAM,Mercedes,7.0,102.289,0.9240000000000066,1
2024,17,Baku,ALO,Aston Martin,8.0,102.369,1.0040000000000049,1
2024,17,Baku,COL,Williams,9.0,102.473,1.108000000000004,1
2024,17,Baku,ALB,Williams,10.0,102.84,1.4750000000000085,1
2024,17,Baku,BEA,Haas F1 Team,11.0,102.968,1.6030000000000086,1
2024,17,Baku,TSU,RB,12.0,103.035,1.6700000000000017,1
2024,17,Baku,HUL,Haas F1 Team,13.0,103.101,1.7360000000000042,1
2024,17,Baku,STR,Aston Martin,14.0,103.37,2.0050000000000097,1
2024,17,Baku,RIC,RB,15.0,103.547,2.182000000000002,1
2024,17,Baku,GAS,Alpine,15.0,103.088,1.722999999999999,1
2024,17,Baku,NOR,McLaren,16.0,103.609,2.2439999999999998,1
2024,17,Baku,BOT,Kick Sauber,17.0,103.618,2.253,1
2024,17,Baku,ZHO,Kick Sauber,18.0,104.246,2.8810000000000002,1
2024,17,Baku,OCO,Alpine,19.0,104.504,3.13900000000001,1
2024,18,Marina Bay,NOR,McLaren,1.0,89.525,0.0,1
2024,18,Marina Bay,VER,Red Bull Racing,2.0,89.68,0.15500000000000114,1
2024,18,Marina Bay,HAM,Mercedes,3.0,89.841,0.3159999999999883,1
2024,18,Marina Bay,RUS,Mercedes,4.0,89.867,0.34199999999999875,1
2024,18,Marina Bay,PIA,McLaren,5.0,89.64,0.11499999999999488,1
2024,18,Marina Bay,HUL,Haas F1 Team,6.0,90.115,0.5899999999999892,1
2024,18,Marina Bay,ALO,Aston Martin,7.0,90.214,0.688999999999993,1
2024,18,Marina Bay,TSU,RB,8.0,90.289,0.7639999999999958,1
2024,18,Marina Bay,LEC,Ferrari,9.0,89.747,0.2219999999999942,1
2024,18,Marina Bay,SAI,Ferrari,10.0,90.108,0.5829999999999984,1
2024,18,Marina Bay,ALB,Williams,11.0,90.474,0.9489999999999981,1
2024,18,Marina Bay,COL,Williams,12.0,90.481,0.9559999999999889,1
2024,18,Marina Bay,PER,Red Bull Racing,13.0,90.579,1.0539999999999878,1
2024,18,Marina Bay,MAG,Haas F1 Team,14.0,90.653,1.1280000000000001,1
2024,18,Marina Bay,OCO,Alpine,15.0,90.769,1.2439999999999998,1
2024,18,Marina Bay,RIC,RB,16.0,91.085,1.559999999999988,1
2024,18,Marina Bay,STR,Aston Martin,17.0,91.094,1.5689999999999884,1
2024,18,Marina Bay,GAS,Alpine,18.0,91.312,1.786999999999992,1
2024,18,Marina Bay,BOT,Kick Sauber,19.0,91.572,2.046999999999997,1
2024,18,Marina Bay,ZHO,Kick Sauber,20.0,92.054,2.5289999999999964,1
2024,19,Austin,NOR,McLaren,1.0,92.33,0.0,1
2024,19,Austin,VER,Red Bull Racing,2.0,92.361,0.03100000000000591,1
2024,19,Austin,SAI,Ferrari,3.0,92.652,0.32200000000000273,1
2024,19,Austin,LEC,Ferrari,4.0,92.74,0.4099999999999966,1
2024,19,Austin,PIA,McLaren,5.0,92.95,0.6200000000000045,1
2024,19,Austin,RUS,Mercedes,6.0,92.974,0.6440000000000055,1
2024,19,Austin,GAS,Alpine,7.0,93.018,0.6880000000000024,1
2024,19,Austin,ALO,Aston Martin,8.0,93.309,0.9789999999999992,1
2024,19,Austin,MAG,Haas F1 Team,9.0,93.474,1.1440000000000055,1
2024,19,Austin,PER,Red Bull Racing,10.0,93.02,0.6899999999999977,1
2024,19,Austin,TSU,RB,11.0,93.506,1.176000000000002,1
2024,19,Austin,HUL,Haas F1 Team,12.0,93.544,1.2139999999999986,1
2024,19,Austin,OCO,Alpine,13.0,93.597,1.266999999999996,1
2024,19,Austin,STR,Aston Martin,14.0,93.759,1.429000000000002,1
2024,19,Austin,LAW,RB,15.0,93.339,1.0090000000000003,1
2024,19,Austin,ALB,Williams,16.0,94.051,1.7210000000000036,1
2024,19,Austin,COL,Williams,17.0,94.062,1.7319999999999993,1
2024,19,Austin,BOT,Kick Sauber,18.0,94.152,1.8220000000000027,1
2024,19,Austin,HAM,Mercedes,19.0,94.154,1.823999999999998,1
2024,19,Austin,ZHO,Kick Sauber,20.0,94.228,1.8979999999999961,1
2024,20,Mexico City,SAI,Ferrari,1.0,75.946,0.0,1
2024,20,Mexico City,VER,Red Bull Racing,2.0,76.171,0.22500000000000853,1
2024,20,Mexico City,NOR,McLaren,3.0,76.26,0.31400000000000716,1
2024,20,Mexico City,LEC,Ferrari,4.0,76.265,0.3190000000000026,1
2024,20,Mexico City,RUS,Mercedes,5.0,76.356,0.4099999999999966,1
2024,20,Mexico City,HAM,Mercedes,6.0,76.651,0.7049999999999983,1
2024,20,Mexico City,MAG,Haas F1 Team,7.0,76.886,0.9399999999999977,1
2024,20,Mexico City,GAS,Alpine,8.0,76.892,0.945999999999998,1
2024,20,Mexico City,ALB,Williams,9.0,76.988,1.0420000000000016,1
2024,20,Mexico City,HUL,Haas F1 Team,10.0,76.995,1.0490000000000066,1
2024,20,Mexico City,TSU,RB,11.0,77.129,1.183000000000007,1
2024,20,Mexico City,LAW,RB,12.0,77.162,1.2160000000000082,1
2024,20,Mexico City,ALO,Aston Martin,13.0,77.168,1.2220000000000084,1
2024,20,Mexico City,STR,Aston Martin,14.0,77.294,1.347999999999999,1
2024,20,Mexico City,BOT,Kick Sauber,15.0,77.393,1.4470000000000027,1
2024,20,Mexico City,COL,Williams,16.0,77.558,1.612000000000009,1
2024,20,Mexico City,PIA,McLaren,17.0,77.597,1.6509999999999962,1
2024,20,Mexico City,PER,Red Bull Racing,18.0,77.611,1.6650000000000063,1
2024,20,Mexico City,OCO,Alpine,19.0,77.617,1.6710000000000065,1
2024,20,Mexico City,ZHO,Kick Sauber,20.0,78.072,2.1260000000000048,1
2024,21,São Paulo,NOR,McLaren,1.0,83.405,0.0,0
2024,21,São Paulo,RUS,Mercedes,2.0,83.578,0.17300000000000182,0
2024,21,São Paulo,TSU,RB,3.0,84.111,0.7060000000000031,0
2024,21,São Paulo,OCO,Alpine,4.0,84.475,1.0699999999999932,0
2024,21,São Paulo,LAW,RB,5.0,84.484,1.0789999999999935,0
2024,21,São Paulo,LEC,Ferrari,6.0,84.525,1.1200000000000045,0
2024,21,São Paulo,ALB,Williams,7.0,84.657,1.2519999999999953,0
2024,21,São Paulo,PIA,McLaren,8.0,84.686,1.281000000000006,0
2024,21,São Paulo,ALO,Aston Martin,9.0,85.035,1.6299999999999955,0
2024,21,São Paulo,STR,Aston Martin,10.0,86.334,2.929000000000002,0
2024,21,São Paulo,BOT,Kick Sauber,11.0,86.472,3.066999999999993,0
2024,21,São Paulo,VER,Red Bull Racing,12.0,87.771,4.366,0
2024,21,São Paulo,PER,Red Bull Racing,13.0,88.158,4.753,0
2024,21,São Paulo,SAI,Ferrari,14.0,89.406,6.001000000000005,0
2024,21,São Paulo,GAS,Alpine,15.0,89.42,6.015000000000001,0
2024,21,São Paulo,HAM,Mercedes,16.0,91.15,7.7450000000000045,0
2024,21,São Paulo,BEA,Haas F1 Team,17.0,91.229,7.823999999999998,0
2024,21,São Paulo,COL,Williams,18.0,91.27,7.864999999999995,0
2024,21,São Paulo,HUL,Haas F1 Team,19.0,91.623,8.218000000000004,0
2024,21,São Paulo,ZHO,Kick Sauber,20.0,92.263,8.858000000000004,0
2024,22,Las Vegas,RUS,Mercedes,1.0,92.312,0.0,1
2024,22,Las Vegas,SAI,Ferrari,2.0,92.41,0.09799999999999898,1
2024,22,Las Vegas,GAS,Alpine,3.0,92.664,0.35200000000000387,1
2024,22,Las Vegas,LEC,Ferrari,4.0,92.783,0.47100000000000364,1
2024,22,Las Vegas,VER,Red Bull Racing,5.0,92.797,0.48499999999999943,1
2024,22,Las Vegas,NOR,McLaren,6.0,93.008,0.695999999999998,1
2024,22,Las Vegas,TSU,RB,7.0,93.029,0.7169999999999987,1
2024,22,Las Vegas,PIA,McLaren,8.0,93.024,0.7120000000000033,1
2024,22,Las Vegas,HUL,Haas F1 Team,9.0,93.062,0.75,1
2024,22,Las Vegas,HAM,Mercedes,10.0,92.567,0.25499999999999545,1
2024,22,Las Vegas,OCO,Alpine,11.0,93.221,0.909000000000006,1
2024,22,Las Vegas,MAG,Haas F1 Team,12.0,93.297,0.9849999999999994,1
2024,22,Las Vegas,ZHO,Kick Sauber,13.0,93.566,1.2540000000000049,1
2024,22,Las Vegas,COL,Williams,14.0,93.746,1.4339999999999975,1
2024,22,Las Vegas,LAW,RB,15.0,94.087,1.7750000000000057,1
2024,22,Las Vegas,PER,Red Bull Racing,16.0,94.155,1.8430000000000035,1
2024,22,Las Vegas,ALO,Aston Martin,17.0,94.258,1.945999999999998,1
2024,22,Las Vegas,ALB,Williams,18.0,94.425,2.1129999999999995,1
2024,22,Las Vegas,BOT,Kick Sauber,19.0,94.43,2.118000000000009,1
2024,22,Las Vegas,STR,Aston Martin,20.0,94.484,2.171999999999997,1
2024,23,Lusail,VER,Red Bull Racing,1.0,80.52,0.0,1
2024,23,Lusail,RUS,Mercedes,2.0,80.575,0.05500000000000682,1
2024,23,Lusail,NOR,McLaren,3.0,80.772,0.25200000000000955,1
2024,23,Lusail,PIA,McLaren,4.0,80.829,0.3089999999999975,1
2024,23,Lusail,LEC,Ferrari,5.0,80.852,0.33200000000000784,1
2024,23,Lusail,HAM,Mercedes,6.0,81.011,0.49099999999999966,1
2024,23,Lusail,SAI,Ferrari,7.0,81.041,0.5210000000000008,1
2024,23,Lusail,ALO,Aston Martin,8.0,81.208,0.6880000000000024,1
2024,23,Lusail,PER,Red Bull Racing,9.0,81.425,0.9050000000000011,1
2024,23,Lusail,MAG,Haas F1 Team,10.0,81.387,0.8670000000000044,1
2024,23,Lusail,GAS,Alpine,11.0,81.437,0.9170000000000016,1
2024,23,Lusail,ZHO,Kick Sauber,12.0,81.501,0.9810000000000088,1
2024,23,Lusail,BOT,Kick Sauber,13.0,81.731,1.2109999999999985,1
2024,23,Lusail,TSU,RB,14.0,81.771,1.2510000000000048,1
2024,23,Lusail,STR,Aston Martin,15.0,81.911,1.3910000000000053,1
2024,23,Lusail,ALB,Williams,16.0,82.39,1.8700000000000045,1
2024,23,Lusail,LAW,RB,17.0,82.411,1.8910000000000053,1
2024,23,Lusail,HUL,Haas F1 Team,18.0,82.442,1.921999999999997,1
2024,23,Lusail,COL,Williams,19.0,82.594,2.073999999999998,1
2024,23,Lusail,OCO,Alpine,20.0,82.714,2.1940000000000026,1
2024,24,Yas Island,NOR,McLaren,1.0,82.595,0.0,1
2024,24,Yas Island,PIA,McLaren,2.0,82.804,0.20900000000000318,1
2024,24,Yas Island,SAI,Ferrari,3.0,82.824,0.2289999999999992,1
2024,24,Yas Island,HUL,Haas F1 Team,4.0,82.886,0.2909999999999968,1
2024,24,Yas Island,VER,Red Bull Racing,5.0,82.945,0.3499999999999943,1
2024,24,Yas Island,GAS,Alpine,6.0,82.984,0.3889999999999958,1
2024,24,Yas Island,RUS,Mercedes,7.0,83.132,0.5370000000000061,1
2024,24,Yas Island,ALO,Aston Martin,8.0,83.196,0.6009999999999991,1
2024,24,Yas Island,BOT,Kick Sauber,9.0,83.204,0.6089999999999947,1
2024,24,Yas Island,PER,Red Bull Racing,10.0,83.264,0.6689999999999969,1
2024,24,Yas Island,TSU,RB,11.0,83.419,0.8239999999999981,1
2024,24,Yas Island,LAW,RB,12.0,83.472,0.8769999999999953,1
2024,24,Yas Island,STR,Aston Martin,13.0,83.729,1.1340000000000003,1
2024,24,Yas Island,LEC,Ferrari,14.0,82.98,0.3850000000000051,1
2024,24,Yas Island,MAG,Haas F1 Team,15.0,83.632,1.0370000000000061,1
2024,24,Yas Island,ALB,Williams,16.0,83.821,1.225999999999999,1
2024,24,Yas Island,ZHO,Kick Sauber,17.0,83.88,1.2849999999999966,1
2024,24,Yas Island,HAM,Mercedes,18.0,83.887,1.2920000000000016,1
2024,24,Yas Island,COL,Williams,19.0,83.912,1.3170000000000073,1
2024,24,Yas Island,DOO,Alpine,20.0,84.105,1.5100000000000051,1
2025,1,Melbourne,NOR,McLaren,1.0,75.096,0.0,1
2025,1,Melbourne,PIA,McLaren,2.0,75.18,0.08400000000000318,1
2025,1,Melbourne,VER,Red Bull Racing,3.0,75.481,0.3849999999999909,1
2025,1,Melbourne,RUS,Mercedes,4.0,75.546,0.45000000000000284,1
2025,1,Melbourne,TSU,Racing Bulls,5.0,75.67,0.5739999999999981,1
2025,1,Melbourne,ALB,Williams,6.0,75.737,0.6409999999999911,1
2025,1,Melbourne,LEC,Ferrari,7.0,75.755,0.6589999999999918,1
2025,1,Melbourne,HAM,Ferrari,8.0,75.919,0.8229999999999933,1
2025,1,Melbourne,GAS,Alpine,9.0,75.98,0.8840000000000003,1
2025,1,Melbourne,SAI,Williams,10.0,75.931,0.8349999999999937,1
2025,1,Melbourne,HAD,Racing Bulls,11.0,76.175,1.0789999999999935,1
2025,1,Melbourne,ALO,Aston Martin,12.0,76.288,1.191999999999993,1
2025,1,Melbourne,STR,Aston Martin,13.0,76.369,1.2729999999999961,1
2025,1,Melbourne,DOO,Alpine,14.0,76.315,1.218999999999994,1
2025,1,Melbourne,BOR,Kick Sauber,15.0,76.516,1.4200000000000017,1
2025,1,Melbourne,ANT,Mercedes,16.0,76.525,1.429000000000002,1
2025,1,Melbourne,HUL,Kick Sauber,17.0,76.579,1.4829999999999899,1
2025,1,Melbourne,LAW,Red Bull Racing,18.0,77.094,1.9979999999999905,1
2025,1,Melbourne,OCO,Haas F1 Team,19.0,77.147,2.051000000000002,1
2025,1,Melbourne,BEA,Haas F1 Team,20.0,,,1
2025,2,Shanghai,PIA,McLaren,1.0,90.641,0.0,1
2025,2,Shanghai,RUS,Mercedes,2.0,90.723,0.08199999999999363,1
2025,2,Shanghai,NOR,McLaren,3.0,90.787,0.1460000000000008,1
2025,2,Shanghai,VER,Red Bull Racing,4.0,90.817,0.17599999999998772,1
2025,2,Shanghai,HAM,Ferrari,5.0,90.927,0.28600000000000136,1
2025,2,Shanghai,LEC,Ferrari,6.0,91.021,0.37999999999999545,1
2025,2,Shanghai,HAD,Racing Bulls,7.0,91.079,0.4379999999999882,1
2025,2,Shanghai,ANT,Mercedes,8.0,91.103,0.4619999999999891,1
2025,2,Shanghai,TSU,Racing Bulls,9.0,91.238,0.5969999999999942,1
2025,2,Shanghai,ALB,Williams,10.0,91.503,0.8619999999999948,1
2025,2,Shanghai,OCO,Haas F1 Team,11.0,91.625,0.9839999999999947,1
2025,2,Shanghai,HUL,Kick Sauber,12.0,91.632,0.9909999999999997,1
2025,2,Shanghai,ALO,Aston Martin,13.0,91.688,1.046999999999997,1
2025,2,Shanghai,STR,Aston Martin,14.0,91.773,1.1319999999999908,1
2025,2,Shanghai,SAI,Williams,15.0,91.628,0.9869999999999948,1
2025,2,Shanghai,GAS,Alpine,16.0,91.992,1.350999999999999,1
2025,2,Shanghai,BEA,Haas F1 Team,17.0,92.018,1.3769999999999953,1
2025,2,Shanghai,DOO,Alpine,18.0,92.092,1.4509999999999934,1
2025,2,Shanghai,BOR,Kick Sauber,19.0,92.141,1.5,1
2025,2,Shanghai,LAW,Red Bull Racing,20.0,92.174,1.5330000000000013,1
2025,3,Suzuka,VER,Red Bull Racing,1.0,86.983,0.0,1
2025,3,Suzuka,NOR,McLaren,2.0,86.995,0.012000000000000455,1
2025,3,Suzuka,PIA,McLaren,3.0,87.027,0.04399999999999693,1
2025,3,Suzuka,LEC,Ferrari,4.0,87.299,0.3160000000000025,1
2025,3,Suzuka,RUS,Mercedes,5.0,87.318,0.33499999999999375,1
2025,3,Suzuka,ANT,Mercedes,6.0,87.555,0.5720000000000027,1
2025,3,Suzuka,HAD,Racing Bulls,7.0,87.569,0.5859999999999985,1
2025,3,Suzuka,HAM,Ferrari,8.0,87.61,0.6269999999999953,1
2025,3,Suzuka,ALB,Williams,9.0,87.615,0.6319999999999908,1
2025,3,Suzuka,BEA,Haas F1 Team,10.0,87.711,0.7279999999999944,1
2025,3,Suzuka,GAS,Alpine,11.0,87.822,0.8389999999999986,1
2025,3,Suzuka,SAI,Williams,12.0,87.836,0.8529999999999944,1
2025,3,Suzuka,ALO,Aston Martin,13.0,87.897,0.9140000000000015,1
2025,3,Suzuka,LAW,Racing Bulls,14.0,87.906,0.9230000000000018,1
2025,3,Suzuka,TSU,Red Bull Racing,15.0,87.967,0.9839999999999947,1
2025,3,Suzuka,HUL,Kick Sauber,16.0,88.57,1.586999999999989,1
2025,3,Suzuka,BOR,Kick Sauber,17.0,88.622,1.6389999999999958,1
2025,3,Suzuka,OCO,Haas F1 Team,18.0,88.696,1.7129999999999939,1
2025,3,Suzuka,DOO,Alpine,19.0,88.877,1.8939999999999912,1
2025,3,Suzuka,STR,Aston Martin,20.0,89.271,2.2879999999999967,1
2025,4,Sakhir,PIA,McLaren,1.0,89.841,0.0,1
2025,4,Sakhir,RUS,Mercedes,2.0,90.009,0.16800000000000637,1
2025,4,Sakhir,LEC,Ferrari,3.0,90.175,0.3340000000000032,1
2025,4,Sakhir,ANT,Mercedes,4.0,90.213,0.3719999999999999,1
2025,4,Sakhir,GAS,Alpine,5.0,90.216,0.375,1
2025,4,Sakhir,NOR,McLaren,6.0,90.267,0.42600000000000193,1
2025,4,Sakhir,VER,Red Bull Racing,7.0,90.423,0.5820000000000078,1
2025,4,Sakhir,SAI,Williams,8.0,90.68,0.8390000000000128,1
2025,4,Sakhir,HAM,Ferrari,9.0,90.772,0.9310000000000116,1
2025,4,Sakhir,TSU,Red Bull Racing,10.0,91.228,1.3870000000000005,1
2025,4,Sakhir,DOO,Alpine,11.0,91.245,1.4040000000000106,1
2025,4,Sakhir,HAD,Racing Bulls,12.0,91.271,1.4300000000000068,1
2025,4,Sakhir,ALO,Aston Martin,13.0,91.634,1.7930000000000064,1
2025,4,Sakhir,OCO,Haas F1 Team,14.0,91.594,1.7530000000000001,1
2025,4,Sakhir,ALB,Williams,15.0,92.04,2.1990000000000123,1
2025,4,Sakhir,HUL,Kick Sauber,16.0,91.693,1.8520000000000039,1
2025,4,Sakhir,LAW,Racing Bulls,17.0,92.165,2.3240000000000123,1
2025,4,Sakhir,BOR,Kick Sauber,18.0,92.186,2.345000000000013,1
2025,4,Sakhir,STR,Aston Martin,19.0,92.283,2.4420000000000073,1
2025,4,Sakhir,BEA,Haas F1 Team,20.0,92.373,2.5320000000000107,1
2025,5,Jeddah,VER,Red Bull Racing,1.0,87.294,0.0,1
2025,5,Jeddah,PIA,McLaren,2.0,87.304,0.010000000000005116,1
2025,5,Jeddah,RUS,Mercedes,3.0,87.407,0.11299999999999955,1
2025,5,Jeddah,LEC,Ferrari,4.0,87.67,0.3760000000000048,1
2025,5,Jeddah,ANT,Mercedes,5.0,87.798,0.5040000000000049,1
2025,5,Jeddah,SAI,Williams,6.0,88.024,0.730000000000004,1
2025,5,Jeddah,HAM,Ferrari,7.0,88.102,0.8080000000000069,1
2025,5,Jeddah,TSU,Red Bull Racing,8.0,87.99,0.695999999999998,1
2025,5,Jeddah,GAS,Alpine,9.0,88.025,0.7310000000000088,1
2025,5,Jeddah,NOR,McLaren,10.0,87.481,0.1869999999999976,1
2025,5,Jeddah,ALB,Williams,11.0,88.109,0.8149999999999977,1
2025,5,Jeddah,LAW,Racing Bulls,12.0,88.191,0.8970000000000056,1
2025,5,Jeddah,ALO,Aston Martin,13.0,88.303,1.0090000000000003,1
2025,5,Jeddah,HAD,Racing Bulls,14.0,88.418,1.1240000000000094,1
2025,5,Jeddah,BEA,Haas F1 Team,15.0,88.536,1.2420000000000044,1
2025,5,Jeddah,STR,Aston Martin,16.0,88.645,1.350999999999999,1
2025,5,Jeddah,DOO,Alpine,17.0,88.739,1.4450000000000074,1
2025,5,Jeddah,HUL,Kick Sauber,18.0,88.782,1.4879999999999995,1
2025,5,Jeddah,OCO,Haas F1 Team,19.0,89.092,1.7980000000000018,1
2025,5,Jeddah,BOR,Kick Sauber,20.0,89.462,2.1680000000000064,1
2025,6,Miami Gardens,VER,Red Bull Racing,1.0,86.204,0.0,1
2025,6,Miami Gardens,NOR,McLaren,2.0,86.269,0.06500000000001194,1
2025,6,Miami Gardens,ANT,Mercedes,3.0,86.271,0.06700000000000728,1
2025,6,Miami Gardens,PIA,McLaren,4.0,86.269,0.06500000000001194,1
2025,6,Miami Gardens,RUS,Mercedes,5.0,86.385,0.1810000000000116,1
2025,6,Miami Gardens,SAI,Williams,6.0,86.569,0.3650000000000091,1
2025,6,Miami Gardens,ALB,Williams,7.0,86.682,0.47800000000000864,1
2025,6,Miami Gardens,LEC,Ferrari,8.0,86.754,0.5500000000000114,1
2025,6,Miami Gardens,OCO,Haas F1 Team,9.0,86.824,0.6200000000000045,1
2025,6,Miami Gardens,TSU,Red Bull Racing,10.0,86.943,0.7390000000000043,1
2025,6,Miami Gardens,HAD,Racing Bulls,11.0,86.987,0.7830000000000013,1
2025,6,Miami Gardens,HAM,Ferrari,12.0,87.006,0.8020000000000067,1
2025,6,Miami Gardens,BOR,Kick Sauber,13.0,87.151,0.9470000000000027,1
2025,6,Miami Gardens,DOO,Alpine,14.0,87.186,0.9820000000000135,1
2025,6,Miami Gardens,LAW,Racing Bulls,15.0,87.363,1.159000000000006,1
2025,6,Miami Gardens,HUL,Kick Sauber,16.0,87.473,1.2690000000000055,1
2025,6,Miami Gardens,ALO,Aston Martin,17.0,87.604,1.4000000000000057,1
2025,6,Miami Gardens,GAS,Alpine,18.0,87.71,1.5060000000000002,1
2025,6,Miami Gardens,STR,Aston Martin,19.0,87.83,1.6260000000000048,1
2025,6,Miami Gardens,BEA,Haas F1 Team,20.0,87.999,1.7950000000000017,1
2025,7,Imola,PIA,McLaren,1.0,74.67,0.0,1
2025,7,Imola,VER,Red Bull Racing,2.0,74.704,0.033999999999991815,1
2025,7,Imola,RUS,Mercedes,3.0,74.807,0.13700000000000045,1
2025,7,Imola,NOR,McLaren,4.0,74.962,0.2920000000000016,1
2025,7,Imola,ALO,Aston Martin,5.0,75.431,0.7609999999999957,1
2025,7,Imola,SAI,Williams,6.0,75.198,0.5279999999999916,1
2025,7,Imola,ALB,Williams,7.0,75.473,0.8029999999999973,1
2025,7,Imola,STR,Aston Martin,8.0,75.497,0.8269999999999982,1
2025,7,Imola,HAD,Racing Bulls,9.0,75.51,0.8400000000000034,1
2025,7,Imola,GAS,Alpine,10.0,75.505,0.8349999999999937,1
2025,7,Imola,LEC,Ferrari,11.0,75.604,0.9339999999999975,1
2025,7,Imola,HAM,Ferrari,12.0,75.765,1.0949999999999989,1
2025,7,Imola,ANT,Mercedes,13.0,75.772,1.1020000000000039,1
2025,7,Imola,BOR,Kick Sauber,14.0,76.26,1.5900000000000034,1
2025,7,Imola,COL,Alpine,15.0,76.256,1.5859999999999985,1
2025,7,Imola,LAW,Racing Bulls,16.0,76.379,1.7090000000000032,1
2025,7,Imola,BEA,Haas F1 Team,16.0,76.077,1.4069999999999965,1
2025,7,Imola,HUL,Kick Sauber,17.0,76.518,1.847999999999999,1
2025,7,Imola,OCO,Haas F1 Team,18.0,76.613,1.9429999999999978,1
2025,7,Imola,TSU,Red Bull Racing,20.0,,,1
2025,8,Monaco,NOR,McLaren,1.0,69.954,0.0,1
2025,8,Monaco,LEC,Ferrari,2.0,70.063,0.10900000000000887,1
2025,8,Monaco,PIA,McLaren,3.0,70.129,0.17500000000001137,1
2025,8,Monaco,HAM,Ferrari,4.0,70.382,0.4280000000000115,1
2025,8,Monaco,VER,Red Bull Racing,5.0,70.669,0.7150000000000034,1
2025,8,Monaco,HAD,Racing Bulls,6.0,70.923,0.9690000000000083,1
2025,8,Monaco,ALO,Aston Martin,7.0,70.924,0.9700000000000131,1
2025,8,Monaco,OCO,Haas F1 Team,8.0,70.942,0.9879999999999995,1
2025,8,Monaco,LAW,Racing Bulls,9.0,71.129,1.1750000000000114,1
2025,8,Monaco,ALB,Williams,10.0,70.732,0.7780000000000058,1
2025,8,Monaco,SAI,Williams,11.0,71.362,1.4080000000000013,1
2025,8,Monaco,TSU,Red Bull Racing,12.0,71.415,1.4610000000000127,1
2025,8,Monaco,HUL,Kick Sauber,13.0,71.596,1.6420000000000101,1
2025,8,Monaco,RUS,Mercedes,14.0,71.507,1.5530000000000115,1
2025,8,Monaco,ANT,Mercedes,15.0,71.88,1.926000000000002,1
2025,8,Monaco,BOR,Kick Sauber,16.0,71.902,1.9480000000000075,1
2025,8,Monaco,BEA,Haas F1 Team,17.0,71.979,2.0250000000000057,1
2025,8,Monaco,GAS,Alpine,18.0,71.994,2.0400000000000063,1
2025,8,Monaco,STR,Aston Martin,19.0,72.563,2.609000000000009,1
2025,8,Monaco,COL,Alpine,20.0,72.597,2.6430000000000007,1
2025,9,Barcelona,PIA,McLaren,1.0,71.546,0.0,1
2025,9,Barcelona,NOR,McLaren,2.0,71.755,0.20899999999998897,1
2025,9,Barcelona,VER,Red Bull Racing,3.0,71.848,0.3019999999999925,1
2025,9,Barcelona,RUS,Mercedes,4.0,71.848,0.3019999999999925,1
2025,9,Barcelona,HAM,Ferrari,5.0,72.045,0.4989999999999952,1
2025,9,Barcelona,ANT,Mercedes,6.0,72.111,0.5649999999999977,1
2025,9,Barcelona,LEC,Ferrari,7.0,72.131,0.5849999999999937,1
2025,9,Barcelona,GAS,Alpine,8.0,72.199,0.6529999999999916,1
2025,9,Barcelona,HAD,Racing Bulls,9.0,72.252,0.7059999999999889,1
2025,9,Barcelona,ALO,Aston Martin,10.0,72.284,0.7379999999999995,1
2025,9,Barcelona,ALB,Williams,11.0,72.641,1.0949999999999989,1
2025,9,Barcelona,BOR,Kick Sauber,12.0,72.756,1.2099999999999937,1
2025,9,Barcelona,LAW,Racing Bulls,13.0,72.763,1.2169999999999987,1
2025,9,Barcelona,STR,Aston Martin,14.0,73.038,1.4919999999999902,1
2025,9,Barcelona,BEA,Haas F1 Team,15.0,73.074,1.5279999999999916,1
2025,9,Barcelona,HUL,Kick Sauber,16.0,73.19,1.6439999999999912,1
2025,9,Barcelona,OCO,Haas F1 Team,17.0,73.201,1.654999999999987,1
2025,9,Barcelona,SAI,Williams,18.0,73.203,1.6569999999999965,1
2025,9,Barcelona,COL,Alpine,19.0,73.334,1.7879999999999967,1
2025,9,Barcelona,TSU,Red Bull Racing,20.0,73.385,1.8389999999999986,1
2025,10,Montréal,RUS,Mercedes,1.0,70.899,0.0,1
2025,10,Montréal,VER,Red Bull Racing,2.0,71.059,0.1599999999999966,1
2025,10,Montréal,PIA,McLaren,3.0,71.12,0.22100000000000364,1
2025,10,Montréal,ANT,Mercedes,4.0,71.391,0.49200000000000443,1
2025,10,Montréal,HAM,Ferrari,5.0,71.526,0.6269999999999953,1
2025,10,Montréal,ALO,Aston Martin,6.0,71.586,0.6869999999999976,1
2025,10,Montréal,NOR,McLaren,7.0,71.599,0.7000000000000028,1
2025,10,Montréal,LEC,Ferrari,8.0,71.626,0.7270000000000039,1
2025,10,Montréal,HAD,Racing Bulls,9.0,71.867,0.9680000000000035,1
2025,10,Montréal,ALB,Williams,10.0,71.892,0.992999999999995,1
2025,10,Montréal,TSU,Red Bull Racing,11.0,72.102,1.203000000000003,1
2025,10,Montréal,COL,Alpine,12.0,72.142,1.242999999999995,1
2025,10,Montréal,HUL,Kick Sauber,13.0,72.183,1.284000000000006,1
2025,10,Montréal,BEA,Haas F1 Team,14.0,72.306,1.4069999999999965,1
2025,10,Montréal,OCO,Haas F1 Team,15.0,72.378,1.4789999999999992,1
2025,10,Montréal,BOR,Kick Sauber,16.0,72.385,1.4860000000000042,1
2025,10,Montréal,SAI,Williams,17.0,72.398,1.4989999999999952,1
2025,10,Montréal,STR,Aston Martin,18.0,72.517,1.617999999999995,1
2025,10,Montréal,LAW,Racing Bulls,19.0,72.525,1.6260000000000048,1
2025,10,Montréal,GAS,Alpine,20.0,72.667,1.7680000000000007,1
2025,11,Spielberg,NOR,McLaren,1.0,63.971,0.0,1
2025,11,Spielberg,LEC,Ferrari,2.0,64.492,0.5210000000000079,1
2025,11,Spielberg,PIA,McLaren,3.0,64.554,0.5830000000000055,1
2025,11,Spielberg,HAM,Ferrari,4.0,64.582,0.6109999999999971,1
2025,11,Spielberg,RUS,Mercedes,5.0,64.763,0.7920000000000087,1
2025,11,Spielberg,LAW,Racing Bulls,6.0,64.926,0.9550000000000054,1
2025,11,Spielberg,VER,Red Bull Racing,7.0,64.836,0.865000000000002,1
2025,11,Spielberg,BOR,Kick Sauber,8.0,64.846,0.8750000000000071,1
2025,11,Spielberg,ANT,Mercedes,9.0,65.052,1.0810000000000102,1
2025,11,Spielberg,GAS,Alpine,10.0,64.846,0.8750000000000071,1
2025,11,Spielberg,ALO,Aston Martin,11.0,65.128,1.1570000000000036,1
2025,11,Spielberg,ALB,Williams,12.0,65.143,1.1720000000000041,1
2025,11,Spielberg,HAD,Racing Bulls,13.0,65.063,1.0920000000000059,1
2025,11,Spielberg,COL,Alpine,14.0,65.278,1.3070000000000093,1
2025,11,Spielberg,BEA,Haas F1 Team,15.0,65.218,1.247000000000007,1
2025,11,Spielberg,STR,Aston Martin,16.0,65.329,1.357999999999997,1
2025,11,Spielberg,OCO,Haas F1 Team,17.0,65.364,1.3930000000000078,1
2025,11,Spielberg,TSU,Red Bull Racing,18.0,65.369,1.3980000000000032,1
2025,11,Spielberg,SAI,Williams,19.0,65.582,1.610999999999997,1
2025,11,Spielberg,HUL,Kick Sauber,20.0,65.606,1.634999999999998,1
2025,12,Silverstone,VER,Red Bull Racing,1.0,84.892,0.0,1
2025,12,Silverstone,PIA,McLaren,2.0,84.995,0.10300000000000864,1
2025,12,Silverstone,NOR,McLaren,3.0,85.01,0.11800000000000921,1
2025,12,Silverstone,RUS,Mercedes,4.0,85.029,0.13700000000000045,1
2025,12,Silverstone,HAM,Ferrari,5.0,85.084,0.19200000000000728,1
2025,12,Silverstone,LEC,Ferrari,6.0,85.121,0.2289999999999992,1
2025,12,Silverstone,ANT,Mercedes,7.0,85.374,0.4819999999999993,1
2025,12,Silverstone,BEA,Haas F1 Team,8.0,85.471,0.5790000000000077,1
2025,12,Silverstone,ALO,Aston Martin,9.0,85.593,0.7010000000000076,1
2025,12,Silverstone,GAS,Alpine,10.0,85.711,0.8190000000000026,1
2025,12,Silverstone,SAI,Williams,11.0,85.746,0.8539999999999992,1
2025,12,Silverstone,TSU,Red Bull Racing,12.0,85.826,0.9339999999999975,1
2025,12,Silverstone,HAD,Racing Bulls,13.0,85.864,0.9720000000000084,1
2025,12,Silverstone,ALB,Williams,14.0,85.889,0.9969999999999999,1
2025,12,Silverstone,OCO,Haas F1 Team,15.0,85.95,1.058000000000007,1
2025,12,Silverstone,LAW,Racing Bulls,16.0,86.44,1.5480000000000018,1
2025,12,Silverstone,BOR,Kick Sauber,17.0,86.446,1.554000000000002,1
2025,12,Silverstone,STR,Aston Martin,18.0,86.504,1.612000000000009,1
2025,12,Silverstone,HUL,Kick Sauber,19.0,86.574,1.6820000000000022,1
2025,12,Silverstone,COL,Alpine,20.0,87.06,2.1680000000000064,1
2025,13,Spa-Francorchamps,NOR,McLaren,1.0,100.562,0.0,1
2025,13,Spa-Francorchamps,PIA,McLaren,2.0,100.626,0.06400000000000716,1
2025,13,Spa-Francorchamps,LEC,Ferrari,3.0,100.9,0.33800000000000807,1
2025,13,Spa-Francorchamps,VER,Red Bull Racing,4.0,100.903,0.3410000000000082,1
2025,13,Spa-Francorchamps,ALB,Williams,5.0,101.201,0.6389999999999958,1
2025,13,Spa-Francorchamps,RUS,Mercedes,6.0,101.254,0.6920000000000073,1
2025,13,Spa-Francorchamps,TSU,Red Bull Racing,7.0,101.245,0.6830000000000069,1
2025,13,Spa-Francorchamps,HAD,Racing Bulls,8.0,101.281,0.7190000000000083,1
2025,13,Spa-Francorchamps,LAW,Racing Bulls,9.0,101.297,0.7349999999999994,1
2025,13,Spa-Francorchamps,BOR,Kick Sauber,10.0,101.336,0.7740000000000009,1
2025,13,Spa-Francorchamps,OCO,Haas F1 Team,11.0,101.525,0.9630000000000081,1
2025,13,Spa-Francorchamps,BEA,Haas F1 Team,12.0,101.617,1.0550000000000068,1
2025,13,Spa-Francorchamps,GAS,Alpine,13.0,101.633,1.070999999999998,1
2025,13,Spa-Francorchamps,HUL,Kick Sauber,14.0,101.707,1.144999999999996,1
2025,13,Spa-Francorchamps,SAI,Williams,15.0,101.691,1.1290000000000049,1
2025,13,Spa-Francorchamps,HAM,Ferrari,16.0,101.664,1.1020000000000039,1
2025,13,Spa-Francorchamps,COL,Alpine,17.0,102.022,1.460000000000008,1
2025,13,Spa-Francorchamps,ANT,Mercedes,18.0,102.139,1.5769999999999982,1
2025,13,Spa-Francorchamps,ALO,Aston Martin,19.0,102.385,1.8230000000000075,1
2025,13,Spa-Francorchamps,STR,Aston Martin,20.0,102.502,1.9399999999999977,1
2025,14,Budapest,LEC,Ferrari,1.0,75.372,0.4819999999999993,1
2025,14,Budapest,PIA,McLaren,2.0,74.941,0.05100000000000193,1
2025,14,Budapest,NOR,McLaren,3.0,74.89,0.0,1
2025,14,Budapest,RUS,Mercedes,4.0,75.201,0.31099999999999284,1
2025,14,Budapest,ALO,Aston Martin,5.0,75.281,0.39100000000000534,1
2025,14,Budapest,STR,Aston Martin,6.0,75.129,0.23900000000000432,1
2025,14,Budapest,BOR,Kick Sauber,7.0,75.586,0.695999999999998,1
2025,14,Budapest,VER,Red Bull Racing,8.0,75.547,0.6569999999999965,1
2025,14,Budapest,LAW,Racing Bulls,9.0,75.63,0.7399999999999949,1
2025,14,Budapest,HAD,Racing Bulls,10.0,75.469,0.5789999999999935,1
2025,14,Budapest,BEA,Haas F1 Team,11.0,75.694,0.804000000000002,1
2025,14,Budapest,HAM,Ferrari,12.0,75.702,0.8119999999999976,1
2025,14,Budapest,SAI,Williams,13.0,75.652,0.7620000000000005,1
2025,14,Budapest,COL,Alpine,14.0,75.875,0.9849999999999994,1
2025,14,Budapest,ANT,Mercedes,15.0,75.693,0.8029999999999973,1
2025,14,Budapest,TSU,Red Bull Racing,16.0,75.899,1.0090000000000003,1
2025,14,Budapest,GAS,Alpine,17.0,75.966,1.0759999999999934,1
2025,14,Budapest,OCO,Haas F1 Team,18.0,76.023,1.1329999999999956,1
2025,14,Budapest,HUL,Kick Sauber,19.0,76.081,1.1910000000000025,1
2025,14,Budapest,ALB,Williams,20.0,76.223,1.3329999999999984,1
2025,15,Zandvoort,PIA,McLaren,1.0,68.662,0.0,1
2025,15,Zandvoort,NOR,McLaren,2.0,68.674,0.012000000000000455,1
2025,15,Zandvoort,VER,Red Bull Racing,3.0,68.925,0.262999999999991,1
2025,15,Zandvoort,HAD,Racing Bulls,4.0,69.208,0.5459999999999923,1
2025,15,Zandvoort,RUS,Mercedes,5.0,69.255,0.5929999999999893,1
2025,15,Zandvoort,LEC,Ferrari,6.0,69.304,0.6419999999999959,1
2025,15,Zandvoort,HAM,Ferrari,7.0,69.261,0.5989999999999895,1
2025,15,Zandvoort,LAW,Racing Bulls,8.0,69.383,0.7209999999999894,1
2025,15,Zandvoort,SAI,Williams,9.0,69.472,0.8099999999999881,1
2025,15,Zandvoort,ALO,Aston Martin,10.0,69.366,0.7039999999999935,1
2025,15,Zandvoort,ANT,Mercedes,11.0,69.493,0.8309999999999889,1
2025,15,Zandvoort,TSU,Red Bull Racing,12.0,69.622,0.9599999999999937,1
2025,15,Zandvoort,BOR,Kick Sauber,13.0,69.622,0.9599999999999937,1
2025,15,Zandvoort,GAS,Alpine,14.0,69.637,0.9749999999999943,1
2025,15,Zandvoort,ALB,Williams,15.0,69.652,0.9899999999999949,1
2025,15,Zandvoort,COL,Alpine,16.0,70.104,1.441999999999993,1
2025,15,Zandvoort,HUL,Kick Sauber,17.0,70.195,1.532999999999987,1
2025,15,Zandvoort,OCO,Haas F1 Team,18.0,70.197,1.5349999999999966,1
2025,15,Zandvoort,BEA,Haas F1 Team,19.0,70.262,1.5999999999999943,1
2025,15,Zandvoort,STR,Aston Martin,20.0,92.046,23.384,1
2025,16,Monza,VER,Red Bull Racing,1.0,78.792,0.0,1
2025,16,Monza,NOR,McLaren,2.0,78.869,0.07699999999999818,1
2025,16,Monza,PIA,McLaren,3.0,78.982,0.18999999999999773,1
2025,16,Monza,LEC,Ferrari,4.0,79.007,0.2150000000000034,1
2025,16,Monza,HAM,Ferrari,5.0,79.124,0.33199999999999363,1
2025,16,Monza,RUS,Mercedes,6.0,79.157,0.3649999999999949,1
2025,16,Monza,ANT,Mercedes,7.0,79.2,0.40800000000000125,1
2025,16,Monza,BOR,Kick Sauber,8.0,79.323,0.5309999999999917,1
2025,16,Monza,ALO,Aston Martin,9.0,79.362,0.5699999999999932,1
2025,16,Monza,TSU,Red Bull Racing,10.0,79.433,0.6410000000000053,1
2025,16,Monza,BEA,Haas F1 Team,11.0,79.446,0.6539999999999964,1
2025,16,Monza,HUL,Kick Sauber,12.0,79.498,0.7060000000000031,1
2025,16,Monza,SAI,Williams,13.0,79.528,0.7360000000000042,1
2025,16,Monza,ALB,Williams,14.0,79.583,0.7909999999999968,1
2025,16,Monza,OCO,Haas F1 Team,15.0,79.707,0.914999999999992,1
2025,16,Monza,HAD,Racing Bulls,16.0,79.917,1.125,1
2025,16,Monza,STR,Aston Martin,17.0,79.948,1.1559999999999917,1
2025,16,Monza,COL,Alpine,18.0,79.992,1.2000000000000028,1
2025,16,Monza,GAS,Alpine,19.0,80.103,1.3109999999999928,1
2025,16,Monza,LAW,Racing Bulls,20.0,80.279,1.4869999999999948,1
2025,17,Baku,VER,Red Bull Racing,1.0,101.117,0.0,0
2025,17,Baku,SAI,Williams,2.0,101.595,0.47799999999999443,0
2025,17,Baku,LAW,Racing Bulls,3.0,101.537,0.4200000000000017,0
2025,17,Baku,ANT,Mercedes,4.0,101.464,0.3469999999999942,0
2025,17,Baku,RUS,Mercedes,5.0,101.455,0.33799999999999386,0
2025,17,Baku,TSU,Red Bull Racing,6.0,101.788,0.6709999999999923,0
2025,17,Baku,NOR,McLaren,7.0,101.322,0.2049999999999983,0
2025,17,Baku,HAD,Racing Bulls,8.0,101.647,0.5300000000000011,0
2025,17,Baku,PIA,McLaren,9.0,101.414,0.29699999999999704,0
2025,17,Baku,LEC,Ferrari,10.0,101.458,0.340999999999994,0
2025,17,Baku,ALO,Aston Martin,11.0,101.857,0.7399999999999949,0
2025,17,Baku,HAM,Ferrari,12.0,101.821,0.7039999999999935,0
2025,17,Baku,BOR,Kick Sauber,13.0,102.277,1.1599999999999966,0
2025,17,Baku,STR,Aston Martin,14.0,102.101,0.9839999999999947,0
2025,17,Baku,BEA,Haas F1 Team,15.0,102.666,1.5489999999999924,0
2025,17,Baku,COL,Alpine,16.0,102.779,1.661999999999992,0
2025,17,Baku,HUL,Kick Sauber,17.0,102.916,1.7989999999999924,0
2025,17,Baku,GAS,Alpine,18.0,103.139,2.0219999999999914,0
2025,17,Baku,ALB,Williams,19.0,103.778,2.6610000000000014,0
2025,17,Baku,OCO,Haas F1 Team,20.0,103.004,1.8870000000000005,0
2025,18,Marina Bay,RUS,Mercedes,1.0,89.158,0.0,1
2025,18,Marina Bay,VER,Red Bull Racing,2.0,89.34,0.18200000000000216,1
2025,18,Marina Bay,PIA,McLaren,3.0,89.524,0.36599999999999966,1
2025,18,Marina Bay,ANT,Mercedes,4.0,89.537,0.3790000000000049,1
2025,18,Marina Bay,NOR,McLaren,5.0,89.586,0.42799999999999727,1
2025,18,Marina Bay,HAM,Ferrari,6.0,89.688,0.5300000000000011,1
2025,18,Marina Bay,LEC,Ferrari,7.0,89.784,0.6260000000000048,1
2025,18,Marina Bay,HAD,Racing Bulls,8.0,89.846,0.6880000000000024,1
2025,18,Marina Bay,BEA,Haas F1 Team,9.0,89.868,0.7099999999999937,1
2025,18,Marina Bay,ALO,Aston Martin,10.0,89.955,0.796999999999997,1
2025,18,Marina Bay,HUL,Kick Sauber,11.0,90.141,0.9830000000000041,1
2025,18,Marina Bay,LAW,Racing Bulls,12.0,90.32,1.161999999999992,1
2025,18,Marina Bay,TSU,Red Bull Racing,13.0,90.353,1.1949999999999932,1
2025,18,Marina Bay,BOR,Kick Sauber,14.0,90.82,1.661999999999992,1
2025,18,Marina Bay,STR,Aston Martin,15.0,90.949,1.7909999999999968,1
2025,18,Marina Bay,COL,Alpine,16.0,90.982,1.823999999999998,1
2025,18,Marina Bay,OCO,Haas F1 Team,17.0,90.989,1.831000000000003,1
2025,18,Marina Bay,GAS,Alpine,18.0,91.261,2.1029999999999944,1
2025,18,Marina Bay,ALB,Williams,19.0,90.202,1.043999999999997,1
2025,18,Marina Bay,SAI,Williams,20.0,90.235,1.0769999999999982,1
2025,19,Austin,VER,Red Bull Racing,1.0,92.51,0.0,1
2025,19,Austin,NOR,McLaren,2.0,92.801,0.2909999999999968,1
2025,19,Austin,LEC,Ferrari,3.0,92.807,0.29699999999999704,1
2025,19,Austin,RUS,Mercedes,4.0,92.826,0.3159999999999883,1
2025,19,Austin,HAM,Ferrari,5.0,92.912,0.402000000000001,1
2025,19,Austin,PIA,McLaren,6.0,93.084,0.5739999999999981,1
2025,19,Austin,ANT,Mercedes,7.0,93.044,0.5339999999999918,1
2025,19,Austin,BEA,Haas F1 Team,8.0,93.139,0.6289999999999907,1
2025,19,Austin,SAI,Williams,9.0,93.124,0.6139999999999901,1
2025,19,Austin,ALO,Aston Martin,10.0,93.16,0.6499999999999915,1
2025,19,Austin,HUL,Kick Sauber,11.0,93.334,0.8239999999999981,1
2025,19,Austin,LAW,Racing Bulls,12.0,93.36,0.8499999999999943,1
2025,19,Austin,TSU,Red Bull Racing,13.0,93.466,0.9559999999999889,1
2025,19,Austin,GAS,Alpine,14.0,93.599,1.0889999999999986,1
2025,19,Austin,COL,Alpine,15.0,94.039,1.5289999999999964,1
2025,19,Austin,BOR,Kick Sauber,16.0,94.125,1.6149999999999949,1
2025,19,Austin,OCO,Haas F1 Team,17.0,94.136,1.6259999999999906,1
2025,19,Austin,STR,Aston Martin,18.0,93.878,1.367999999999995,1
2025,19,Austin,ALB,Williams,19.0,93.67,1.1599999999999966,1
2025,19,Austin,HAD,Racing Bulls,20.0,,,1
2025,20,Mexico City,NOR,McLaren,1.0,75.586,0.0,1
2025,20,Mexico City,LEC,Ferrari,2.0,75.848,0.26200000000000045,1
2025,20,Mexico City,HAM,Ferrari,3.0,75.938,0.35200000000000387,1
2025,20,Mexico City,RUS,Mercedes,4.0,76.034,0.4480000000000075,1
2025,20,Mexico City,VER,Red Bull Racing,5.0,76.07,0.48399999999999466,1
2025,20,Mexico City,ANT,Mercedes,6.0,76.118,0.5319999999999965,1
2025,20,Mexico City,SAI,Williams,7.0,76.172,0.5859999999999985,1
2025,20,Mexico City,PIA,McLaren,8.0,76.174,0.5880000000000081,1
2025,20,Mexico City,HAD,Racing Bulls,9.0,76.252,0.6659999999999968,1
2025,20,Mexico City,BEA,Haas F1 Team,10.0,76.46,0.8739999999999952,1
2025,20,Mexico City,TSU,Red Bull Racing,11.0,76.816,1.230000000000004,1
2025,20,Mexico City,OCO,Haas F1 Team,12.0,76.837,1.2510000000000048,1
2025,20,Mexico City,HUL,Kick Sauber,13.0,77.016,1.4300000000000068,1
2025,20,Mexico City,ALO,Aston Martin,14.0,77.103,1.516999999999996,1
2025,20,Mexico City,LAW,Racing Bulls,15.0,76.961,1.375,1
2025,20,Mexico City,BOR,Kick Sauber,16.0,77.412,1.8260000000000076,1
2025,20,Mexico City,ALB,Williams,17.0,77.49,1.9039999999999964,1
2025,20,Mexico City,GAS,Alpine,18.0,77.546,1.960000000000008,1
2025,20,Mexico City,STR,Aston Martin,19.0,77.606,2.019999999999996,1
2025,20,Mexico City,COL,Alpine,20.0,77.67,2.084000000000003,1
2025,21,São Paulo,NOR,McLaren,1.0,69.511,0.0,1
2025,21,São Paulo,ANT,Mercedes,2.0,69.685,0.1740000000000066,1
2025,21,São Paulo,LEC,Ferrari,3.0,69.801,0.29000000000000625,1
2025,21,São Paulo,PIA,McLaren,4.0,69.835,0.32399999999999807,1
2025,21,São Paulo,HAD,Racing Bulls,5.0,69.931,0.4200000000000017,1
2025,21,São Paulo,RUS,Mercedes,6.0,69.88,0.3689999999999998,1
2025,21,São Paulo,LAW,Racing Bulls,7.0,69.95,0.43900000000000716,1
2025,21,São Paulo,BEA,Haas F1 Team,8.0,69.755,0.24399999999999977,1
2025,21,São Paulo,GAS,Alpine,9.0,69.857,0.34600000000000364,1
2025,21,São Paulo,HUL,Kick Sauber,10.0,69.985,0.47400000000000375,1
2025,21,São Paulo,ALO,Aston Martin,11.0,70.001,0.4900000000000091,1
2025,21,São Paulo,ALB,Williams,12.0,70.053,0.5420000000000016,1
2025,21,São Paulo,HAM,Ferrari,13.0,70.016,0.5050000000000097,1
2025,21,São Paulo,STR,Aston Martin,14.0,70.041,0.5300000000000011,1
2025,21,São Paulo,SAI,Williams,15.0,70.184,0.6730000000000018,1
2025,21,São Paulo,VER,Red Bull Racing,16.0,70.403,0.8920000000000101,1
2025,21,São Paulo,OCO,Haas F1 Team,17.0,70.438,0.9270000000000067,1
2025,21,São Paulo,COL,Alpine,18.0,70.632,1.1210000000000093,1
2025,21,São Paulo,TSU,Red Bull Racing,19.0,70.711,1.2000000000000028,1
2025,21,São Paulo,BOR,Kick Sauber,,,,1
2025,22,Las Vegas,NOR,McLaren,1.0,107.934,0.0,0
2025,22,Las Vegas,VER,Red Bull Racing,2.0,108.257,0.3230000000000075,0
2025,22,Las Vegas,SAI,Williams,3.0,108.296,0.362000000000009,0
2025,22,Las Vegas,RUS,Mercedes,4.0,108.803,0.8689999999999998,0
2025,22,Las Vegas,PIA,McLaren,5.0,108.961,1.027000000000001,0
2025,22,Las Vegas,LAW,Racing Bulls,6.0,109.062,1.1280000000000001,0
2025,22,Las Vegas,ALO,Aston Martin,7.0,109.466,1.5319999999999965,0
2025,22,Las Vegas,HAD,Racing Bulls,8.0,109.554,1.6200000000000045,0
2025,22,Las Vegas,LEC,Ferrari,9.0,109.872,1.9380000000000024,0
2025,22,Las Vegas,GAS,Alpine,10.0,111.54,3.6060000000000088,0
2025,22,Las Vegas,HUL,Kick Sauber,11.0,112.781,4.847000000000008,0
2025,22,Las Vegas,STR,Aston Martin,12.0,112.85,4.915999999999997,0
2025,22,Las Vegas,OCO,Haas F1 Team,13.0,112.987,5.052999999999997,0
2025,22,Las Vegas,BEA,Haas F1 Team,14.0,113.094,5.159999999999997,0
2025,22,Las Vegas,COL,Alpine,15.0,113.683,5.749000000000009,0
2025,22,Las Vegas,ALB,Williams,16.0,116.22,8.286000000000001,0
2025,22,Las Vegas,ANT,Mercedes,17.0,116.314,8.379999999999995,0
2025,22,Las Vegas,BOR,Kick Sauber,18.0,116.674,8.740000000000009,0
2025,22,Las Vegas,TSU,Red Bull Racing,19.0,116.798,8.864000000000004,0
2025,22,Las Vegas,HAM,Ferrari,20.0,117.115,9.180999999999997,0
2025,23,Lusail,PIA,McLaren,1.0,79.387,0.0,1
2025,23,Lusail,NOR,McLaren,2.0,79.495,0.10800000000000409,1
2025,23,Lusail,VER,Red Bull Racing,3.0,79.651,0.2639999999999958,1
2025,23,Lusail,RUS,Mercedes,4.0,79.662,0.2750000000000057,1
2025,23,Lusail,ANT,Mercedes,5.0,79.846,0.4590000000000032,1
2025,23,Lusail,HAD,Racing Bulls,6.0,80.114,0.7270000000000039,1
2025,23,Lusail,SAI,Williams,7.0,80.251,0.8640000000000043,1
2025,23,Lusail,ALO,Aston Martin,8.0,80.219,0.8319999999999936,1
2025,23,Lusail,GAS,Alpine,9.0,80.324,0.9369999999999976,1
2025,23,Lusail,LEC,Ferrari,10.0,80.343,0.9560000000000031,1
2025,23,Lusail,HUL,Kick Sauber,11.0,80.353,0.965999999999994,1
2025,23,Lusail,LAW,Racing Bulls,12.0,80.433,1.0460000000000065,1
2025,23,Lusail,BEA,Haas F1 Team,13.0,80.438,1.051000000000002,1
2025,23,Lusail,BOR,Kick Sauber,14.0,80.534,1.1470000000000056,1
2025,23,Lusail,ALB,Williams,15.0,80.629,1.2420000000000044,1
2025,23,Lusail,TSU,Red Bull Racing,16.0,80.761,1.3739999999999952,1
2025,23,Lusail,OCO,Haas F1 Team,17.0,80.864,1.4770000000000039,1
2025,23,Lusail,HAM,Ferrari,18.0,80.907,1.519999999999996,1
2025,23,Lusail,STR,Aston Martin,19.0,81.058,1.6710000000000065,1
2025,23,Lusail,COL,Alpine,20.0,81.137,1.75,1
2025,24,Yas Island,VER,Red Bull Racing,1.0,82.207,0.0,1
2025,24,Yas Island,NOR,McLaren,2.0,82.408,0.20100000000000762,1
2025,24,Yas Island,PIA,McLaren,3.0,82.437,0.23000000000000398,1
2025,24,Yas Island,RUS,Mercedes,4.0,82.645,0.4380000000000024,1
2025,24,Yas Island,LEC,Ferrari,5.0,82.73,0.5230000000000103,1
2025,24,Yas Island,ALO,Aston Martin,6.0,82.861,0.6540000000000106,1
2025,24,Yas Island,BOR,Kick Sauber,7.0,82.874,0.6670000000000016,1
2025,24,Yas Island,OCO,Haas F1 Team,8.0,82.913,0.7060000000000031,1
2025,24,Yas Island,HAD,Racing Bulls,9.0,82.997,0.7900000000000063,1
2025,24,Yas Island,TSU,Red Bull Racing,10.0,83.034,0.8270000000000124,1
2025,24,Yas Island,BEA,Haas F1 Team,11.0,83.041,0.8340000000000032,1
2025,24,Yas Island,SAI,Williams,12.0,83.042,0.835000000000008,1
2025,24,Yas Island,LAW,Racing Bulls,13.0,83.077,0.8700000000000045,1
2025,24,Yas Island,ANT,Mercedes,14.0,82.894,0.6870000000000118,1
2025,24,Yas Island,STR,Aston Martin,15.0,83.097,0.8900000000000006,1
2025,24,Yas Island,HAM,Ferrari,16.0,83.394,1.1870000000000118,1
2025,24,Yas Island,ALB,Williams,17.0,83.416,1.2090000000000032,1
2025,24,Yas Island,HUL,Kick Sauber,18.0,83.45,1.2430000000000092,1
2025,24,Yas Island,GAS,Alpine,19.0,83.468,1.26100000000001,1
2025,24,Yas Island,COL,Alpine,20.0,83.89,1.683000000000007,1
2026,1,Melbourne,RUS,Mercedes,1.0,78.518,0.0,1
2026,1,Melbourne,ANT,Mercedes,2.0,78.811,0.29300000000000637,1
2026,1,Melbourne,HAD,Red Bull Racing,3.0,79.303,0.7849999999999966,1
2026,1,Melbourne,LEC,Ferrari,4.0,79.327,0.8089999999999975,1
2026,1,Melbourne,PIA,McLaren,5.0,79.38,0.8619999999999948,1
2026,1,Melbourne,NOR,McLaren,6.0,79.475,0.9569999999999936,1
2026,1,Melbourne,HAM,Ferrari,7.0,79.478,0.9599999999999937,1
2026,1,Melbourne,LAW,Racing Bulls,8.0,79.994,1.475999999999999,1
2026,1,Melbourne,LIN,Racing Bulls,9.0,79.971,1.453000000000003,1
2026,1,Melbourne,BOR,Audi,10.0,80.221,1.703000000000003,1
2026,1,Melbourne,HUL,Audi,11.0,80.303,1.7849999999999966,1
2026,1,Melbourne,BEA,Haas F1 Team,12.0,80.311,1.7930000000000064,1
2026,1,Melbourne,OCO,Haas F1 Team,13.0,80.491,1.972999999999999,1
2026,1,Melbourne,GAS,Alpine,14.0,80.501,1.983000000000004,1
2026,1,Melbourne,ALB,Williams,15.0,80.941,2.423000000000002,1
2026,1,Melbourne,COL,Alpine,16.0,81.2,2.682000000000002,1
2026,1,Melbourne,ALO,Aston Martin,17.0,81.969,3.4509999999999934,1
2026,1,Melbourne,PER,Cadillac,18.0,82.605,4.087000000000003,1
2026,1,Melbourne,BOT,Cadillac,19.0,83.244,4.725999999999999,1
2026,1,Melbourne,STR,Aston Martin,,,,1
2026,1,Melbourne,VER,Red Bull Racing,,102.025,23.507000000000005,1
2026,1,Melbourne,SAI,Williams,,,,1
2026,2,Shanghai,ANT,Mercedes,1.0,92.064,0.0,1
2026,2,Shanghai,RUS,Mercedes,2.0,92.286,0.2220000000000084,1
2026,2,Shanghai,HAM,Ferrari,3.0,92.415,0.3510000000000133,1
2026,2,Shanghai,LEC,Ferrari,4.0,92.428,0.3640000000000043,1
2026,2,Shanghai,PIA,McLaren,5.0,92.55,0.4860000000000042,1
2026,2,Shanghai,NOR,McLaren,6.0,92.608,0.5440000000000111,1
2026,2,Shanghai,GAS,Alpine,7.0,92.873,0.8090000000000117,1
2026,2,Shanghai,VER,Red Bull Racing,8.0,93.002,0.9380000000000024,1
2026,2,Shanghai,HAD,Red Bull Racing,9.0,93.121,1.0570000000000022,1
2026,2,Shanghai,BEA,Haas F1 Team,10.0,93.197,1.1330000000000098,1
2026,2,Shanghai,HUL,Audi,11.0,93.354,1.2900000000000063,1
2026,2,Shanghai,COL,Alpine,12.0,93.357,1.2930000000000064,1
2026,2,Shanghai,OCO,Haas F1 Team,13.0,93.538,1.4740000000000038,1
2026,2,Shanghai,LAW,Racing Bulls,14.0,93.765,1.7010000000000076,1
2026,2,Shanghai,LIN,Racing Bulls,15.0,93.784,1.720000000000013,1
2026,2,Shanghai,BOR,Audi,16.0,93.549,1.4850000000000136,1
2026,2,Shanghai,SAI,Williams,17.0,94.317,2.253,1
2026,2,Shanghai,ALB,Williams,18.0,94.772,2.7080000000000126,1
2026,2,Shanghai,ALO,Aston Martin,19.0,95.203,3.13900000000001,1
2026,2,Shanghai,BOT,Cadillac,20.0,95.436,3.372000000000014,1
2026,2,Shanghai,STR,Aston Martin,21.0,95.995,3.9310000000000116,1
2026,2,Shanghai,PER,Cadillac,22.0,96.906,4.842000000000013,1
2026,3,Suzuka,ANT,Mercedes,1.0,88.778,0.0,1
2026,3,Suzuka,RUS,Mercedes,2.0,89.076,0.2979999999999876,1
2026,3,Suzuka,PIA,McLaren,3.0,89.132,0.3539999999999992,1
2026,3,Suzuka,LEC,Ferrari,4.0,89.303,0.5249999999999915,1
2026,3,Suzuka,NOR,McLaren,5.0,89.409,0.6310000000000002,1
2026,3,Suzuka,HAM,Ferrari,6.0,89.567,0.7889999999999873,1
2026,3,Suzuka,GAS,Alpine,7.0,89.691,0.9129999999999967,1
2026,3,Suzuka,HAD,Red Bull Racing,8.0,89.978,1.1999999999999886,1
2026,3,Suzuka,BOR,Audi,9.0,89.99,1.211999999999989,1
2026,3,Suzuka,LIN,Racing Bulls,10.0,90.109,1.3309999999999889,1
2026,3,Suzuka,VER,Red Bull Racing,11.0,90.262,1.4839999999999947,1
2026,3,Suzuka,OCO,Haas F1 Team,12.0,90.309,1.5309999999999917,1
2026,3,Suzuka,HUL,Audi,13.0,90.358,1.5799999999999983,1
2026,3,Suzuka,LAW,Racing Bulls,14.0,90.495,1.7169999999999987,1
2026,3,Suzuka,COL,Alpine,15.0,90.627,1.8489999999999895,1
2026,3,Suzuka,SAI,Williams,16.0,90.927,2.149000000000001,1
2026,3,Suzuka,ALB,Williams,17.0,91.088,2.309999999999988,1
2026,3,Suzuka,BEA,Haas F1 Team,18.0,91.09,2.3119999999999976,1
2026,3,Suzuka,PER,Cadillac,19.0,92.206,3.4279999999999973,1
2026,3,Suzuka,BOT,Cadillac,20.0,92.33,3.5519999999999925,1
2026,3,Suzuka,ALO,Aston Martin,21.0,92.646,3.867999999999995,1
2026,3,Suzuka,STR,Aston Martin,22.0,92.92,4.141999999999996,1
2026,4,Miami Gardens,ANT,Mercedes,1.0,87.798,0.0,1
2026,4,Miami Gardens,VER,Red Bull Racing,2.0,87.964,0.16599999999999682,1
2026,4,Miami Gardens,LEC,Ferrari,3.0,88.143,0.34499999999999886,1
2026,4,Miami Gardens,NOR,McLaren,4.0,88.183,0.3850000000000051,1
2026,4,Miami Gardens,RUS,Mercedes,5.0,88.197,0.3990000000000009,1
2026,4,Miami Gardens,HAM,Ferrari,6.0,88.319,0.5210000000000008,1
2026,4,Miami Gardens,PIA,McLaren,7.0,88.332,0.5339999999999918,1
2026,4,Miami Gardens,COL,Alpine,8.0,88.762,0.9639999999999986,1
2026,4,Miami Gardens,GAS,Alpine,9.0,88.81,1.0120000000000005,1
2026,4,Miami Gardens,HUL,Audi,10.0,89.439,1.6409999999999911,1
2026,4,Miami Gardens,LAW,Racing Bulls,11.0,89.499,1.7009999999999934,1
2026,4,Miami Gardens,BEA,Haas F1 Team,12.0,89.34,1.5420000000000016,1
2026,4,Miami Gardens,SAI,Williams,13.0,89.54,1.7420000000000044,1
2026,4,Miami Gardens,OCO,Haas F1 Team,14.0,89.772,1.9740000000000038,1
2026,4,Miami Gardens,ALB,Williams,15.0,89.72,1.921999999999997,1
2026,4,Miami Gardens,LIN,Racing Bulls,16.0,90.133,2.3349999999999937,1
2026,4,Miami Gardens,ALO,Aston Martin,17.0,91.098,3.299999999999997,1
2026,4,Miami Gardens,STR,Aston Martin,18.0,91.164,3.3659999999999997,1
2026,4,Miami Gardens,BOT,Cadillac,19.0,91.629,3.831000000000003,1
2026,4,Miami Gardens,PER,Cadillac,20.0,91.967,4.168999999999997,1
2026,4,Miami Gardens,BOR,Audi,21.0,93.737,5.938999999999993,1
2026,4,Miami Gardens,HAD,Red Bull Racing,22.0,88.789,0.9909999999999997,1
2026,5,Montréal,RUS,Mercedes,1.0,72.578,0.0,0
2026,5,Montréal,ANT,Mercedes,2.0,72.646,0.06799999999999784,0
2026,5,Montréal,NOR,McLaren,3.0,72.729,0.15099999999999625,0
2026,5,Montréal,PIA,McLaren,4.0,72.781,0.20300000000000296,0
2026,5,Montréal,HAM,Ferrari,5.0,72.868,0.28999999999999204,0
2026,5,Montréal,VER,Red Bull Racing,6.0,72.907,0.3289999999999935,0
2026,5,Montréal,HAD,Red Bull Racing,7.0,72.935,0.3569999999999993,0
2026,5,Montréal,LEC,Ferrari,8.0,72.976,0.39799999999999613,0
2026,5,Montréal,LIN,Racing Bulls,9.0,73.28,0.7019999999999982,0
2026,5,Montréal,COL,Alpine,10.0,73.697,1.1189999999999998,0
2026,5,Montréal,HUL,Audi,11.0,73.886,1.3079999999999927,0
2026,5,Montréal,LAW,Racing Bulls,12.0,73.897,1.3190000000000026,0
2026,5,Montréal,BOR,Audi,13.0,74.071,1.492999999999995,0
2026,5,Montréal,GAS,Alpine,14.0,74.187,1.6089999999999947,0
2026,5,Montréal,SAI,Williams,15.0,74.273,1.6949999999999932,0
2026,5,Montréal,BEA,Haas F1 Team,16.0,74.416,1.8379999999999939,0
2026,5,Montréal,OCO,Haas F1 Team,17.0,74.845,2.266999999999996,0
2026,5,Montréal,ALB,Williams,18.0,74.851,2.272999999999996,0
2026,5,Montréal,ALO,Aston Martin,19.0,75.196,2.617999999999995,0
2026,5,Montréal,PER,Cadillac,20.0,75.429,2.850999999999999,0
2026,5,Montréal,STR,Aston Martin,21.0,76.195,3.6169999999999902,0
2026,5,Montréal,BOT,Cadillac,22.0,76.272,3.6940000000000026,0
2026,6,Monte Carlo,ANT,Mercedes,1.0,72.051,0.0,1
2026,6,Monte Carlo,VER,Red Bull Racing,2.0,72.094,0.042999999999992156,1
2026,6,Monte Carlo,HAM,Ferrari,3.0,72.279,0.22799999999999443,1
2026,6,Monte Carlo,LEC,Ferrari,4.0,72.351,0.29999999999999716,1
2026,6,Monte Carlo,HAD,Red Bull Racing,5.0,72.434,0.38299999999999557,1
2026,6,Monte Carlo,RUS,Mercedes,6.0,72.445,0.39399999999999125,1
2026,6,Monte Carlo,PIA,McLaren,7.0,72.624,0.5729999999999933,1
2026,6,Monte Carlo,NOR,McLaren,8.0,72.765,0.7139999999999986,1
2026,6,Monte Carlo,GAS,Alpine,9.0,73.226,1.1749999999999972,1
2026,6,Monte Carlo,LAW,Racing Bulls,10.0,73.412,1.3610000000000042,1
2026,6,Monte Carlo,ALB,Williams,11.0,73.787,1.7360000000000042,1
2026,6,Monte Carlo,SAI,Williams,12.0,73.815,1.7639999999999958,1
2026,6,Monte Carlo,HUL,Audi,13.0,73.902,1.850999999999999,1
2026,6,Monte Carlo,COL,Alpine,14.0,73.995,1.9440000000000026,1
2026,6,Monte Carlo,LIN,Racing Bulls,15.0,74.248,2.1970000000000027,1
2026,6,Monte Carlo,BOR,Audi,16.0,74.683,2.632000000000005,1
2026,6,Monte Carlo,OCO,Haas F1 Team,17.0,74.722,2.6709999999999923,1
2026,6,Monte Carlo,PER,Cadillac,18.0,74.747,2.695999999999998,1
2026,6,Monte Carlo,BEA,Haas F1 Team,19.0,74.814,2.762999999999991,1
2026,6,Monte Carlo,BOT,Cadillac,20.0,75.283,3.2319999999999993,1
2026,6,Monte Carlo,ALO,Aston Martin,21.0,75.349,3.298000000000002,1
2026,6,Monte Carlo,STR,Aston Martin,22.0,76.061,4.010000000000005,1
2026,7,Barcelona,RUS,Mercedes,1.0,74.679,0.0,1
2026,7,Barcelona,HAM,Ferrari,2.0,74.743,0.06399999999999295,1
2026,7,Barcelona,ANT,Mercedes,3.0,74.998,0.3190000000000026,1
2026,7,Barcelona,NOR,McLaren,4.0,75.001,0.32200000000000273,1
2026,7,Barcelona,VER,Red Bull Racing,5.0,75.021,0.34199999999999875,1
2026,7,Barcelona,HAD,Red Bull Racing,6.0,75.077,0.39799999999999613,1
2026,7,Barcelona,PIA,McLaren,7.0,75.09,0.41100000000000136,1
2026,7,Barcelona,LAW,Racing Bulls,8.0,75.585,0.9059999999999917,1
2026,7,Barcelona,HUL,Audi,9.0,75.768,1.0889999999999986,1
2026,7,Barcelona,LEC,Ferrari,10.0,75.281,0.6020000000000039,1
2026,7,Barcelona,LIN,Racing Bulls,11.0,75.84,1.1610000000000014,1
2026,7,Barcelona,BOR,Audi,12.0,76.001,1.3220000000000027,1
2026,7,Barcelona,COL,Alpine,13.0,76.191,1.5120000000000005,1
2026,7,Barcelona,GAS,Alpine,14.0,76.261,1.5819999999999936,1
2026,7,Barcelona,BEA,Haas F1 Team,15.0,76.389,1.7099999999999937,1
2026,7,Barcelona,SAI,Williams,16.0,76.881,2.201999999999998,1
2026,7,Barcelona,OCO,Haas F1 Team,17.0,77.073,2.3939999999999912,1
2026,7,Barcelona,ALB,Williams,18.0,77.424,2.7450000000000045,1
2026,7,Barcelona,PER,Cadillac,19.0,77.545,2.8659999999999997,1
2026,7,Barcelona,BOT,Cadillac,20.0,77.757,3.078000000000003,1
2026,7,Barcelona,STR,Aston Martin,21.0,78.758,4.0789999999999935,1
2026,7,Barcelona,ALO,Aston Martin,22.0,78.815,4.135999999999996,1
2026,8,Spielberg,RUS,Mercedes,1.0,66.113,0.0,1
2026,8,Spielberg,LEC,Ferrari,2.0,66.349,0.2360000000000042,1
2026,8,Spielberg,HAM,Ferrari,3.0,66.408,0.2950000000000017,1
2026,8,Spielberg,ANT,Mercedes,4.0,66.414,0.30100000000000193,1
2026,8,Spielberg,VER,Red Bull Racing,5.0,66.475,0.36199999999999477,1
2026,8,Spielberg,NOR,McLaren,6.0,66.502,0.3889999999999958,1
2026,8,Spielberg,PIA,McLaren,7.0,66.511,0.39799999999999613,1
2026,8,Spielberg,HAD,Red Bull Racing,8.0,66.632,0.5190000000000055,1
2026,8,Spielberg,LAW,Racing Bulls,9.0,66.955,0.8419999999999987,1
2026,8,Spielberg,LIN,Racing Bulls,10.0,67.007,0.8940000000000055,1
2026,8,Spielberg,GAS,Alpine,11.0,67.223,1.1099999999999994,1
2026,8,Spielberg,BOR,Audi,12.0,67.293,1.1800000000000068,1
2026,8,Spielberg,BEA,Haas F1 Team,13.0,67.523,1.4099999999999966,1
2026,8,Spielberg,HUL,Audi,14.0,67.611,1.4980000000000047,1
2026,8,Spielberg,OCO,Haas F1 Team,15.0,67.817,1.7039999999999935,1
2026,8,Spielberg,COL,Alpine,16.0,67.894,1.781000000000006,1
2026,8,Spielberg,SAI,Williams,17.0,68.252,2.138999999999996,1
2026,8,Spielberg,ALB,Williams,18.0,68.509,2.396000000000001,1
2026,8,Spielberg,PER,Cadillac,19.0,68.945,2.8319999999999936,1
2026,8,Spielberg,BOT,Cadillac,20.0,69.03,2.9170000000000016,1
2026,8,Spielberg,ALO,Aston Martin,21.0,69.942,3.8289999999999935,1
2026,8,Spielberg,STR,Aston Martin,22.0,70.363,4.25,1
2026,9,Silverstone,ANT,Mercedes,1.0,88.111,0.0,1
2026,9,Silverstone,LEC,Ferrari,2.0,88.286,0.17499999999999716,1
2026,9,Silverstone,HAM,Ferrari,3.0,88.458,0.3469999999999942,1
2026,9,Silverstone,RUS,Mercedes,4.0,88.481,0.36999999999999034,1
2026,9,Silverstone,HAD,Red Bull Racing,5.0,88.746,0.6349999999999909,1
2026,9,Silverstone,NOR,McLaren,6.0,88.877,0.7659999999999911,1
2026,9,Silverstone,VER,Red Bull Racing,7.0,88.893,0.7819999999999965,1
2026,9,Silverstone,PIA,McLaren,8.0,89.032,0.9209999999999923,1
2026,9,Silverstone,LIN,Racing Bulls,9.0,89.305,1.1940000000000026,1
2026,9,Silverstone,LAW,Racing Bulls,10.0,89.3,1.188999999999993,1
2026,9,Silverstone,BOR,Audi,11.0,89.461,1.3499999999999943,1
2026,9,Silverstone,GAS,Alpine,12.0,90.063,1.9519999999999982,1
2026,9,Silverstone,HUL,Audi,13.0,89.539,1.4279999999999973,1
2026,9,Silverstone,BEA,Haas F1 Team,14.0,90.501,2.3900000000000006,1
2026,9,Silverstone,SAI,Williams,15.0,90.562,2.4509999999999934,1
2026,9,Silverstone,ALB,Williams,16.0,90.638,2.527000000000001,1
2026,9,Silverstone,OCO,Haas F1 Team,17.0,90.68,2.5690000000000026,1
2026,9,Silverstone,BOT,Cadillac,18.0,91.227,3.1159999999999997,1
2026,9,Silverstone,COL,Alpine,19.0,91.321,3.2099999999999937,1
2026,9,Silverstone,PER,Cadillac,20.0,91.451,3.339999999999989,1
2026,9,Silverstone,STR,Aston Martin,21.0,92.863,4.751999999999995,1
2026,9,Silverstone,ALO,Aston Martin,22.0,92.888,4.777000000000001,1
2026,10,Spa-Francorchamps,ANT,Mercedes,1.0,104.361,0.0,1
2026,10,Spa-Francorchamps,VER,Red Bull Racing,2.0,104.678,0.31699999999999307,1
2026,10,Spa-Francorchamps,NOR,McLaren,3.0,104.801,0.4399999999999977,1
2026,10,Spa-Francorchamps,RUS,Mercedes,4.0,104.869,0.5079999999999956,1
2026,10,Spa-Francorchamps,LEC,Ferrari,5.0,104.893,0.5319999999999965,1
2026,10,Spa-Francorchamps,HAM,Ferrari,6.0,104.895,0.5339999999999918,1
2026,10,Spa-Francorchamps,PIA,McLaren,7.0,105.016,0.6550000000000011,1
2026,10,Spa-Francorchamps,LIN,Racing Bulls,8.0,105.143,0.7819999999999965,1
2026,10,Spa-Francorchamps,BOR,Audi,9.0,105.628,1.266999999999996,1
2026,10,Spa-Francorchamps,HAD,Red Bull Racing,10.0,105.823,1.461999999999989,1
2026,10,Spa-Francorchamps,LAW,Racing Bulls,11.0,106.12,1.7590000000000003,1
2026,10,Spa-Francorchamps,GAS,Alpine,12.0,106.331,1.9699999999999989,1
2026,10,Spa-Francorchamps,COL,Alpine,13.0,106.392,2.0309999999999917,1
2026,10,Spa-Francorchamps,HUL,Audi,14.0,106.671,2.3100000000000023,1
2026,10,Spa-Francorchamps,SAI,Williams,15.0,106.777,2.415999999999997,1
2026,10,Spa-Francorchamps,BEA,Haas F1 Team,16.0,106.779,2.417999999999992,1
2026,10,Spa-Francorchamps,ALB,Williams,17.0,107.12,2.7590000000000003,1
2026,10,Spa-Francorchamps,OCO,Haas F1 Team,18.0,107.801,3.4399999999999977,1
2026,10,Spa-Francorchamps,BOT,Cadillac,19.0,107.823,3.461999999999989,1
2026,10,Spa-Francorchamps,PER,Cadillac,20.0,107.971,3.6099999999999994,1
2026,10,Spa-Francorchamps,ALO,Aston Martin,21.0,110.002,5.640999999999991,1
2026,10,Spa-Francorchamps,STR,Aston Martin,22.0,110.177,5.8160000000000025,1
2026,11,Budapest,NOR,McLaren,1.0,77.207,0.0,1
2026,11,Budapest,HAM,Ferrari,2.0,77.219,0.012000000000000455,1
2026,11,Budapest,LEC,Ferrari,3.0,77.445,0.23799999999999955,1
2026,11,Budapest,ANT,Mercedes,4.0,77.479,0.27200000000000557,1
2026,11,Budapest,PIA,McLaren,5.0,77.684,0.47700000000000387,1
2026,11,Budapest,VER,Red Bull Racing,6.0,77.725,0.5180000000000007,1
2026,11,Budapest,RUS,Mercedes,7.0,77.76,0.5530000000000115,1
2026,11,Budapest,HAD,Red Bull Racing,8.0,77.856,0.6490000000000009,1
2026,11,Budapest,LIN,Racing Bulls,9.0,78.281,1.0740000000000123,1
2026,11,Budapest,HUL,Audi,10.0,78.639,1.4320000000000022,1
2026,11,Budapest,LAW,Racing Bulls,11.0,78.765,1.558000000000007,1
2026,11,Budapest,GAS,Alpine,12.0,78.844,1.6370000000000005,1
2026,11,Budapest,COL,Alpine,13.0,79.027,1.8200000000000074,1
2026,11,Budapest,BOR,Audi,14.0,79.069,1.862000000000009,1
2026,11,Budapest,OCO,Haas F1 Team,15.0,79.734,2.527000000000001,1
2026,11,Budapest,ALO,Aston Martin,16.0,79.808,2.6010000000000133,1
2026,11,Budapest,BEA,Haas F1 Team,17.0,80.233,3.0260000000000105,1
2026,11,Budapest,SAI,Williams,18.0,80.621,3.4140000000000015,1
2026,11,Budapest,ALB,Williams,19.0,80.658,3.4510000000000076,1
2026,11,Budapest,STR,Aston Martin,20.0,80.659,3.4520000000000124,1
2026,11,Budapest,BOT,Cadillac,21.0,80.886,3.679000000000002,1
2026,11,Budapest,PER,Cadillac,22.0,81.322,4.115000000000009,1
2026,12,Zandvoort,NOR,McLaren,1.0,71.163,0.0,0
2026,12,Zandvoort,RUS,Mercedes,2.0,71.265,0.10200000000000387,0
2026,12,Zandvoort,ANT,Mercedes,3.0,71.296,0.13300000000000978,0
2026,12,Zandvoort,PIA,McLaren,4.0,71.305,0.14200000000001012,0
2026,12,Zandvoort,HAM,Ferrari,5.0,71.494,0.33100000000000307,0
2026,12,Zandvoort,LEC,Ferrari,6.0,71.558,0.39500000000001023,0
2026,12,Zandvoort,VER,Red Bull Racing,7.0,71.618,0.4549999999999983,0
2026,12,Zandvoort,LAW,Red Bull Racing,8.0,71.733,0.5700000000000074,0
2026,12,Zandvoort,BOR,Audi,9.0,72.079,0.9159999999999968,0
2026,12,Zandvoort,LIN,Racing Bulls,10.0,72.185,1.0220000000000056,0
2026,12,Zandvoort,GAS,Alpine,11.0,72.616,1.453000000000003,0
2026,12,Zandvoort,TSU,Racing Bulls,12.0,72.627,1.4639999999999986,0
2026,12,Zandvoort,HUL,Audi,13.0,72.797,1.6340000000000003,0
2026,12,Zandvoort,COL,Alpine,14.0,72.8,1.6370000000000005,0
2026,12,Zandvoort,OCO,Haas F1 Team,15.0,73.137,1.9740000000000038,0
2026,12,Zandvoort,ALB,Williams,16.0,73.182,2.0190000000000055,0
2026,12,Zandvoort,SAI,Williams,17.0,73.574,2.4110000000000014,0
2026,12,Zandvoort,ALO,Aston Martin,18.0,73.65,2.487000000000009,0
2026,12,Zandvoort,STR,Aston Martin,19.0,73.818,2.655000000000001,0
2026,12,Zandvoort,BEA,Haas F1 Team,20.0,73.826,2.6629999999999967,0
2026,12,Zandvoort,BOT,Cadillac,21.0,74.371,3.2079999999999984,0
2026,12,Zandvoort,PER,Cadillac,22.0,74.6,3.4369999999999976,0
2026,13,Monza,GAS,Alpine,1.0,81.786,0.0,1
2026,13,Monza,RUS,Mercedes,2.0,81.846,0.060000000000002274,1
2026,13,Monza,PIA,McLaren,3.0,81.966,0.1799999999999926,1
2026,13,Monza,LEC,Ferrari,4.0,82.004,0.21800000000000352,1
2026,13,Monza,HAM,Ferrari,5.0,82.011,0.22499999999999432,1
2026,13,Monza,VER,Red Bull Racing,6.0,82.07,0.2839999999999918,1
2026,13,Monza,ANT,Mercedes,7.0,81.882,0.09600000000000364,1
2026,13,Monza,COL,Alpine,8.0,82.22,0.4339999999999975,1
2026,13,Monza,NOR,McLaren,9.0,82.067,0.2809999999999917,1
2026,13,Monza,LIN,Racing Bulls,10.0,82.286,0.5,1
2026,13,Monza,BOR,Audi,11.0,82.517,0.7309999999999945,1
2026,13,Monza,BEA,Haas F1 Team,12.0,82.756,0.9699999999999989,1
2026,13,Monza,HUL,Audi,13.0,82.779,0.992999999999995,1
2026,13,Monza,LAW,Red Bull Racing,14.0,82.821,1.0349999999999966,1
2026,13,Monza,SAI,Williams,15.0,83.453,1.6670000000000016,1
2026,13,Monza,OCO,Haas F1 Team,16.0,83.454,1.6679999999999922,1
2026,13,Monza,TSU,Racing Bulls,17.0,83.755,1.968999999999994,1
2026,13,Monza,ALB,Williams,18.0,84.356,2.569999999999993,1
2026,13,Monza,BOT,Cadillac,19.0,84.364,2.578000000000003,1
2026,13,Monza,PER,Cadillac,20.0,84.595,2.8089999999999975,1
2026,13,Monza,ALO,Aston Martin,21.0,85.15,3.3640000000000043,1
2026,13,Monza,STR,Aston Martin,22.0,85.222,3.435999999999993,1
